Record_ID,Date,Asset,Field_Group,Watercut_Pct,Data_Type,Original_Watercut_Pct,Watercut_Adjusted,Oil_Rate_BOPD,Oil_Rate_Type
1,2024-01-01,AV HUT D/P,Heera-Uran Complex,4.8,Actual,4.8,No,2526.2,Synthetic
13,2024-01-02,AV HUT D/P,Heera-Uran Complex,4.2,Actual,4.2,No,2442.9,Synthetic
25,2024-01-03,AV HUT D/P,Heera-Uran Complex,4.2,Actual,4.2,No,2552.5,Synthetic
37,2024-01-04,AV HUT D/P,Heera-Uran Complex,4.5,Actual,4.5,No,2426.3,Synthetic
49,2024-01-05,AV HUT D/P,Heera-Uran Complex,4.7,Actual,4.7,No,2300.5,Synthetic
61,2024-01-06,AV HUT D/P,Heera-Uran Complex,5.1,Actual,5.1,No,2367.8,Synthetic
73,2024-01-07,AV HUT D/P,Heera-Uran Complex,4.5,Actual,4.5,No,2309.4,Synthetic
85,2024-01-08,AV HUT D/P,Heera-Uran Complex,4.9,Actual,4.9,No,2412.2,Synthetic
97,2024-01-09,AV HUT D/P,Heera-Uran Complex,4.7,Actual,4.7,No,2438.8,Synthetic
109,2024-01-10,AV HUT D/P,Heera-Uran Complex,4.7,Actual,4.7,No,2556.7,Synthetic
121,2024-01-11,AV HUT D/P,Heera-Uran Complex,4.3,Actual,4.3,No,2460.5,Synthetic
133,2024-01-12,AV HUT D/P,Heera-Uran Complex,4.9,Actual,4.9,No,2409.2,Synthetic
145,2024-01-13,AV HUT D/P,Heera-Uran Complex,5.3,Actual,5.3,No,2476.6,Synthetic
157,2024-01-14,AV HUT D/P,Heera-Uran Complex,6.1,Actual,6.1,No,2243.0,Synthetic
169,2024-01-15,AV HUT D/P,Heera-Uran Complex,4.7,Actual,4.7,No,2435.4,Synthetic
181,2024-01-16,AV HUT D/P,Heera-Uran Complex,0.0,Actual,0.0,No,2536.6,Synthetic
193,2024-01-17,AV HUT D/P,Heera-Uran Complex,0.0,Actual,0.0,No,2366.2,Synthetic
205,2024-01-18,AV HUT D/P,Heera-Uran Complex,0.0,Actual,0.0,No,2557.6,Synthetic
217,2024-01-19,AV HUT D/P,Heera-Uran Complex,0.0,Actual,0.0,No,2494.6,Synthetic
229,2024-01-20,AV HUT D/P,Heera-Uran Complex,0.0,Actual,0.0,No,2435.5,Synthetic
241,2024-01-21,AV HUT D/P,Heera-Uran Complex,4.5,Actual,4.5,No,2447.7,Synthetic
253,2024-01-22,AV HUT D/P,Heera-Uran Complex,4.7,Actual,4.7,No,2559.4,Synthetic
265,2024-01-23,AV HUT D/P,Heera-Uran Complex,5.1,Actual,5.1,No,2400.7,Synthetic
277,2024-01-24,AV HUT D/P,Heera-Uran Complex,5.4,Actual,5.4,No,2398.2,Synthetic
289,2024-01-25,AV HUT D/P,Heera-Uran Complex,5.9,Actual,5.9,No,2337.9,Synthetic
301,2024-01-26,AV HUT D/P,Heera-Uran Complex,5.2,Actual,5.2,No,2316.3,Synthetic
313,2024-01-27,AV HUT D/P,Heera-Uran Complex,4.8,Actual,4.8,No,2438.4,Synthetic
325,2024-01-28,AV HUT D/P,Heera-Uran Complex,5.3,Actual,5.3,No,2308.5,Synthetic
337,2024-01-29,AV HUT D/P,Heera-Uran Complex,0.0,Actual,0.0,No,2442.5,Synthetic
349,2024-01-30,AV HUT D/P,Heera-Uran Complex,0.0,Actual,0.0,No,2399.2,Synthetic
361,2024-01-31,AV HUT D/P,Heera-Uran Complex,0.0,Actual,0.0,No,2465.8,Synthetic
373,2024-02-01,AV HUT D/P,Heera-Uran Complex,0.0,Actual,0.0,No,2451.9,Synthetic
385,2024-02-02,AV HUT D/P,Heera-Uran Complex,0.0,Actual,0.0,No,2499.9,Synthetic
397,2024-02-03,AV HUT D/P,Heera-Uran Complex,0.0,Actual,0.0,No,2384.2,Synthetic
409,2024-02-04,AV HUT D/P,Heera-Uran Complex,0.0,Actual,0.0,No,2398.5,Synthetic
421,2024-02-05,AV HUT D/P,Heera-Uran Complex,4.0,Actual,4.0,No,2292.4,Synthetic
433,2024-02-06,AV HUT D/P,Heera-Uran Complex,4.8,Actual,4.8,No,2316.8,Synthetic
445,2024-02-07,AV HUT D/P,Heera-Uran Complex,4.5,Actual,4.5,No,2375.5,Synthetic
457,2024-02-08,AV HUT D/P,Heera-Uran Complex,5.7,Actual,5.7,No,2382.9,Synthetic
469,2024-02-09,AV HUT D/P,Heera-Uran Complex,4.9,Actual,4.9,No,2272.8,Synthetic
481,2024-02-10,AV HUT D/P,Heera-Uran Complex,6.7,Actual,6.7,No,2371.0,Synthetic
493,2024-02-11,AV HUT D/P,Heera-Uran Complex,5.7,Actual,5.7,No,2415.2,Synthetic
505,2024-02-12,AV HUT D/P,Heera-Uran Complex,5.5,Actual,5.5,No,2349.2,Synthetic
517,2024-02-13,AV HUT D/P,Heera-Uran Complex,5.3,Actual,5.3,No,2450.6,Synthetic
529,2024-02-14,AV HUT D/P,Heera-Uran Complex,5.4,Actual,5.4,No,2261.9,Synthetic
541,2024-02-15,AV HUT D/P,Heera-Uran Complex,6.1,Actual,6.1,No,2217.4,Synthetic
553,2024-02-16,AV HUT D/P,Heera-Uran Complex,4.7,Actual,4.7,No,2195.0,Synthetic
565,2024-02-17,AV HUT D/P,Heera-Uran Complex,6.3,Actual,6.3,No,2397.7,Synthetic
577,2024-02-18,AV HUT D/P,Heera-Uran Complex,4.7,Actual,4.7,No,2358.0,Synthetic
589,2024-02-19,AV HUT D/P,Heera-Uran Complex,4.2,Actual,4.2,No,2312.2,Synthetic
601,2024-02-20,AV HUT D/P,Heera-Uran Complex,4.9,Actual,4.9,No,2323.3,Synthetic
613,2024-02-21,AV HUT D/P,Heera-Uran Complex,4.7,Actual,4.7,No,2225.7,Synthetic
625,2024-02-22,AV HUT D/P,Heera-Uran Complex,4.9,Actual,4.9,No,2466.5,Synthetic
637,2024-02-23,AV HUT D/P,Heera-Uran Complex,6.2,Actual,6.2,No,2286.8,Synthetic
649,2024-02-24,AV HUT D/P,Heera-Uran Complex,4.7,Actual,4.7,No,2302.0,Synthetic
661,2024-02-25,AV HUT D/P,Heera-Uran Complex,4.8,Actual,4.8,No,2340.0,Synthetic
673,2024-02-26,AV HUT D/P,Heera-Uran Complex,6.2,Actual,6.2,No,2301.8,Synthetic
685,2024-02-27,AV HUT D/P,Heera-Uran Complex,4.9,Actual,4.9,No,2298.2,Synthetic
697,2024-02-28,AV HUT D/P,Heera-Uran Complex,4.7,Actual,4.7,No,2228.3,Synthetic
709,2024-02-29,AV HUT D/P,Heera-Uran Complex,5.4,Actual,5.4,No,2302.5,Synthetic
721,2024-03-01,AV HUT D/P,Heera-Uran Complex,5.1,Actual,5.1,No,2399.5,Synthetic
733,2024-03-02,AV HUT D/P,Heera-Uran Complex,4.7,Actual,4.7,No,2365.2,Synthetic
745,2024-03-03,AV HUT D/P,Heera-Uran Complex,3.9,Actual,3.9,No,2389.7,Synthetic
757,2024-03-04,AV HUT D/P,Heera-Uran Complex,3.9,Actual,3.9,No,2242.8,Synthetic
769,2024-03-05,AV HUT D/P,Heera-Uran Complex,3.7,Actual,3.7,No,2209.7,Synthetic
781,2024-03-06,AV HUT D/P,Heera-Uran Complex,3.2,Actual,3.2,No,2272.1,Synthetic
793,2024-03-07,AV HUT D/P,Heera-Uran Complex,4.1,Actual,4.1,No,2270.0,Synthetic
805,2024-03-08,AV HUT D/P,Heera-Uran Complex,3.3,Actual,3.3,No,2348.0,Synthetic
817,2024-03-09,AV HUT D/P,Heera-Uran Complex,6.2,Actual,6.2,No,2120.1,Synthetic
829,2024-03-10,AV HUT D/P,Heera-Uran Complex,4.6,Actual,4.6,No,2354.2,Synthetic
841,2024-03-11,AV HUT D/P,Heera-Uran Complex,7.1,Actual,7.1,No,2205.7,Synthetic
853,2024-03-12,AV HUT D/P,Heera-Uran Complex,8.1,Actual,8.1,No,2172.5,Synthetic
865,2024-03-13,AV HUT D/P,Heera-Uran Complex,7.2,Actual,7.2,No,2142.1,Synthetic
877,2024-03-14,AV HUT D/P,Heera-Uran Complex,5.4,Actual,5.4,No,2118.3,Synthetic
889,2024-03-15,AV HUT D/P,Heera-Uran Complex,7.1,Actual,7.1,No,2259.1,Synthetic
901,2024-03-16,AV HUT D/P,Heera-Uran Complex,5.4,Actual,5.4,No,2228.0,Synthetic
913,2024-03-17,AV HUT D/P,Heera-Uran Complex,5.4,Actual,5.4,No,2134.3,Synthetic
925,2024-03-18,AV HUT D/P,Heera-Uran Complex,5.8,Actual,5.8,No,2126.3,Synthetic
937,2024-03-19,AV HUT D/P,Heera-Uran Complex,5.7,Actual,5.7,No,2188.4,Synthetic
949,2024-03-20,AV HUT D/P,Heera-Uran Complex,7.2,Actual,7.2,No,2298.5,Synthetic
961,2024-03-21,AV HUT D/P,Heera-Uran Complex,6.1,Actual,6.1,No,2182.7,Synthetic
973,2024-03-22,AV HUT D/P,Heera-Uran Complex,5.5,Actual,5.5,No,2105.0,Synthetic
985,2024-03-23,AV HUT D/P,Heera-Uran Complex,5.9,Actual,5.9,No,2180.3,Synthetic
997,2024-03-24,AV HUT D/P,Heera-Uran Complex,6.6,Actual,6.6,No,2167.0,Synthetic
1009,2024-03-25,AV HUT D/P,Heera-Uran Complex,5.2,Actual,5.2,No,2021.5,Synthetic
1021,2024-03-26,AV HUT D/P,Heera-Uran Complex,6.2,Actual,6.2,No,2180.6,Synthetic
1033,2024-03-27,AV HUT D/P,Heera-Uran Complex,4.9,Actual,4.9,No,2182.2,Synthetic
1045,2024-03-28,AV HUT D/P,Heera-Uran Complex,9.1,Actual,9.1,No,2187.2,Synthetic
1057,2024-03-29,AV HUT D/P,Heera-Uran Complex,5.7,Actual,5.7,No,2302.8,Synthetic
1069,2024-03-30,AV HUT D/P,Heera-Uran Complex,4.7,Actual,4.7,No,2265.3,Synthetic
1081,2024-03-31,AV HUT D/P,Heera-Uran Complex,5.4,Actual,5.4,No,2162.1,Synthetic
1093,2024-04-01,AV HUT D/P,Heera-Uran Complex,6.4,Actual,6.4,No,2092.7,Synthetic
1105,2024-04-02,AV HUT D/P,Heera-Uran Complex,7.6,Actual,7.6,No,2312.6,Synthetic
1117,2024-04-03,AV HUT D/P,Heera-Uran Complex,5.9,Actual,5.9,No,2168.8,Synthetic
1129,2024-04-04,AV HUT D/P,Heera-Uran Complex,7.0,Actual,7.0,No,2149.5,Synthetic
1141,2024-04-05,AV HUT D/P,Heera-Uran Complex,8.3,Actual,8.3,No,2128.3,Synthetic
1153,2024-04-06,AV HUT D/P,Heera-Uran Complex,8.0,Actual,8.0,No,2143.4,Synthetic
1165,2024-04-07,AV HUT D/P,Heera-Uran Complex,6.5,Actual,6.5,No,2137.0,Synthetic
1177,2024-04-08,AV HUT D/P,Heera-Uran Complex,10.1,Actual,10.1,No,2063.3,Synthetic
1189,2024-04-09,AV HUT D/P,Heera-Uran Complex,5.5,Actual,5.5,No,2117.6,Synthetic
1201,2024-04-10,AV HUT D/P,Heera-Uran Complex,6.5,Actual,6.5,No,2135.7,Synthetic
1213,2024-04-11,AV HUT D/P,Heera-Uran Complex,6.3,Actual,6.3,No,2102.6,Synthetic
1225,2024-04-12,AV HUT D/P,Heera-Uran Complex,6.4,Actual,6.4,No,2087.8,Synthetic
1237,2024-04-13,AV HUT D/P,Heera-Uran Complex,7.7,Actual,7.7,No,2121.6,Synthetic
1249,2024-04-14,AV HUT D/P,Heera-Uran Complex,4.2,Actual,4.2,No,2138.1,Synthetic
1261,2024-04-15,AV HUT D/P,Heera-Uran Complex,5.1,Actual,5.1,No,2237.4,Synthetic
1273,2024-04-16,AV HUT D/P,Heera-Uran Complex,8.9,Actual,8.9,No,1925.6,Synthetic
1285,2024-04-17,AV HUT D/P,Heera-Uran Complex,7.3,Actual,7.3,No,2177.6,Synthetic
1297,2024-04-18,AV HUT D/P,Heera-Uran Complex,7.8,Actual,7.8,No,2178.3,Synthetic
1309,2024-04-19,AV HUT D/P,Heera-Uran Complex,6.3,Actual,6.3,No,1983.5,Synthetic
1321,2024-04-20,AV HUT D/P,Heera-Uran Complex,7.2,Actual,7.2,No,2079.9,Synthetic
1333,2024-04-21,AV HUT D/P,Heera-Uran Complex,7.3,Actual,7.3,No,2074.2,Synthetic
1345,2024-04-22,AV HUT D/P,Heera-Uran Complex,6.9,Actual,6.9,No,2010.9,Synthetic
1357,2024-04-23,AV HUT D/P,Heera-Uran Complex,6.0,Actual,6.0,No,2058.4,Synthetic
1369,2024-04-24,AV HUT D/P,Heera-Uran Complex,6.0,Actual,6.0,No,2034.7,Synthetic
1381,2024-04-25,AV HUT D/P,Heera-Uran Complex,4.3,Actual,4.3,No,2234.0,Synthetic
1393,2024-04-26,AV HUT D/P,Heera-Uran Complex,5.3,Actual,5.3,No,2166.8,Synthetic
1405,2024-04-27,AV HUT D/P,Heera-Uran Complex,4.2,Actual,4.2,No,2198.8,Synthetic
1417,2024-04-28,AV HUT D/P,Heera-Uran Complex,5.3,Actual,5.3,No,2147.6,Synthetic
1429,2024-04-29,AV HUT D/P,Heera-Uran Complex,3.6,Actual,3.6,No,2047.8,Synthetic
1441,2024-04-30,AV HUT D/P,Heera-Uran Complex,3.5,Actual,3.5,No,2084.7,Synthetic
1453,2024-05-01,AV HUT D/P,Heera-Uran Complex,4.1,Actual,4.1,No,2139.0,Synthetic
1465,2024-05-02,AV HUT D/P,Heera-Uran Complex,4.4,Actual,4.4,No,2024.7,Synthetic
1477,2024-05-03,AV HUT D/P,Heera-Uran Complex,4.7,Actual,4.7,No,2140.3,Synthetic
1489,2024-05-04,AV HUT D/P,Heera-Uran Complex,4.1,Actual,4.1,No,2084.7,Synthetic
1501,2024-05-05,AV HUT D/P,Heera-Uran Complex,4.5,Actual,4.5,No,2068.8,Synthetic
1513,2024-05-06,AV HUT D/P,Heera-Uran Complex,5.1,Actual,5.1,No,2126.9,Synthetic
1525,2024-05-07,AV HUT D/P,Heera-Uran Complex,5.1,Actual,5.1,No,2107.5,Synthetic
1537,2024-05-08,AV HUT D/P,Heera-Uran Complex,4.7,Actual,4.7,No,2059.2,Synthetic
1549,2024-05-09,AV HUT D/P,Heera-Uran Complex,5.2,Actual,5.2,No,2145.2,Synthetic
1561,2024-05-10,AV HUT D/P,Heera-Uran Complex,5.7,Actual,5.7,No,1997.6,Synthetic
1573,2024-05-11,AV HUT D/P,Heera-Uran Complex,5.3,Actual,5.3,No,2104.7,Synthetic
1585,2024-05-12,AV HUT D/P,Heera-Uran Complex,5.2,Actual,5.2,No,2101.7,Synthetic
1597,2024-05-13,AV HUT D/P,Heera-Uran Complex,6.1,Actual,6.1,No,2032.7,Synthetic
1609,2024-05-14,AV HUT D/P,Heera-Uran Complex,5.5,Actual,5.5,No,2076.2,Synthetic
1621,2024-05-15,AV HUT D/P,Heera-Uran Complex,4.9,Actual,4.9,No,1983.0,Synthetic
1633,2024-05-16,AV HUT D/P,Heera-Uran Complex,5.9,Actual,5.9,No,2102.7,Synthetic
1645,2024-05-17,AV HUT D/P,Heera-Uran Complex,5.6,Actual,5.6,No,2035.4,Synthetic
1657,2024-05-18,AV HUT D/P,Heera-Uran Complex,5.6,Actual,5.6,No,2012.0,Synthetic
1669,2024-05-19,AV HUT D/P,Heera-Uran Complex,5.0,Actual,5.0,No,2112.8,Synthetic
1681,2024-05-20,AV HUT D/P,Heera-Uran Complex,6.0,Actual,6.0,No,1991.1,Synthetic
1693,2024-05-21,AV HUT D/P,Heera-Uran Complex,6.1,Actual,6.1,No,1944.5,Synthetic
1705,2024-05-22,AV HUT D/P,Heera-Uran Complex,4.8,Actual,4.8,No,1947.2,Synthetic
1717,2024-05-23,AV HUT D/P,Heera-Uran Complex,4.6,Actual,4.6,No,2079.4,Synthetic
1729,2024-05-24,AV HUT D/P,Heera-Uran Complex,4.7,Actual,4.7,No,1960.1,Synthetic
1741,2024-05-25,AV HUT D/P,Heera-Uran Complex,4.5,Actual,4.5,No,2145.3,Synthetic
1753,2024-05-26,AV HUT D/P,Heera-Uran Complex,4.5,Actual,4.5,No,1908.2,Synthetic
1765,2024-05-27,AV HUT D/P,Heera-Uran Complex,4.1,Actual,4.1,No,2140.9,Synthetic
1777,2024-05-28,AV HUT D/P,Heera-Uran Complex,4.7,Actual,4.7,No,2040.5,Synthetic
1789,2024-05-29,AV HUT D/P,Heera-Uran Complex,4.7,Actual,4.7,No,2019.2,Synthetic
1801,2024-05-30,AV HUT D/P,Heera-Uran Complex,5.2,Actual,5.2,No,1983.7,Synthetic
1813,2024-05-31,AV HUT D/P,Heera-Uran Complex,6.6,Actual,6.6,No,2022.0,Synthetic
1825,2024-06-01,AV HUT D/P,Heera-Uran Complex,4.6,Actual,4.6,No,2015.9,Synthetic
1837,2024-06-02,AV HUT D/P,Heera-Uran Complex,6.0,Actual,6.0,No,2065.8,Synthetic
1849,2024-06-03,AV HUT D/P,Heera-Uran Complex,4.8,Actual,4.8,No,2017.5,Synthetic
1861,2024-06-04,AV HUT D/P,Heera-Uran Complex,4.6,Actual,4.6,No,2019.3,Synthetic
1873,2024-06-05,AV HUT D/P,Heera-Uran Complex,4.8,Actual,4.8,No,1983.5,Synthetic
1885,2024-06-06,AV HUT D/P,Heera-Uran Complex,5.3,Actual,5.3,No,1993.7,Synthetic
1897,2024-06-07,AV HUT D/P,Heera-Uran Complex,6.0,Actual,6.0,No,2004.9,Synthetic
1909,2024-06-08,AV HUT D/P,Heera-Uran Complex,4.8,Actual,4.8,No,1895.0,Synthetic
1921,2024-06-09,AV HUT D/P,Heera-Uran Complex,5.5,Actual,5.5,No,1906.6,Synthetic
1933,2024-06-10,AV HUT D/P,Heera-Uran Complex,5.2,Actual,5.2,No,2032.0,Synthetic
1945,2024-06-11,AV HUT D/P,Heera-Uran Complex,4.4,Actual,4.4,No,2004.3,Synthetic
1957,2024-06-12,AV HUT D/P,Heera-Uran Complex,4.5,Actual,4.5,No,1979.4,Synthetic
1969,2024-06-13,AV HUT D/P,Heera-Uran Complex,4.1,Actual,4.1,No,1993.3,Synthetic
1981,2024-06-14,AV HUT D/P,Heera-Uran Complex,5.5,Actual,5.5,No,1994.5,Synthetic
1993,2024-06-15,AV HUT D/P,Heera-Uran Complex,6.8,Actual,6.8,No,1925.1,Synthetic
2005,2024-06-16,AV HUT D/P,Heera-Uran Complex,5.0,Actual,5.0,No,1928.2,Synthetic
2017,2024-06-17,AV HUT D/P,Heera-Uran Complex,4.2,Actual,4.2,No,1992.3,Synthetic
2029,2024-06-18,AV HUT D/P,Heera-Uran Complex,0.0,Actual,0.0,No,1965.4,Synthetic
2041,2024-06-19,AV HUT D/P,Heera-Uran Complex,0.0,Actual,0.0,No,2046.9,Synthetic
2053,2024-06-20,AV HUT D/P,Heera-Uran Complex,0.0,Actual,0.0,No,1916.4,Synthetic
2065,2024-06-21,AV HUT D/P,Heera-Uran Complex,0.0,Actual,0.0,No,2079.1,Synthetic
2077,2024-06-22,AV HUT D/P,Heera-Uran Complex,0.0,Actual,0.0,No,2042.8,Synthetic
2089,2024-06-23,AV HUT D/P,Heera-Uran Complex,0.0,Actual,0.0,No,2027.0,Synthetic
2101,2024-06-24,AV HUT D/P,Heera-Uran Complex,4.4,Actual,4.4,No,2018.1,Synthetic
2113,2024-06-25,AV HUT D/P,Heera-Uran Complex,3.8,Actual,3.8,No,2062.5,Synthetic
2125,2024-06-26,AV HUT D/P,Heera-Uran Complex,4.1,Actual,4.1,No,2018.1,Synthetic
2137,2024-06-27,AV HUT D/P,Heera-Uran Complex,4.8,Actual,4.8,No,1840.6,Synthetic
2149,2024-06-28,AV HUT D/P,Heera-Uran Complex,4.3,Actual,4.3,No,1876.2,Synthetic
2161,2024-06-29,AV HUT D/P,Heera-Uran Complex,6.1,Actual,6.1,No,1892.6,Synthetic
2173,2024-06-30,AV HUT D/P,Heera-Uran Complex,6.1,Estimated,6.1,No,1927.8,Synthetic
2185,2024-07-01,AV HUT D/P,Heera-Uran Complex,6.1,Estimated,6.1,No,1953.6,Synthetic
2197,2024-07-02,AV HUT D/P,Heera-Uran Complex,6.09,Estimated,6.09,No,1879.5,Synthetic
2209,2024-07-03,AV HUT D/P,Heera-Uran Complex,6.09,Estimated,6.09,No,1929.5,Synthetic
2221,2024-07-04,AV HUT D/P,Heera-Uran Complex,6.09,Estimated,6.09,No,1872.8,Synthetic
2233,2024-07-05,AV HUT D/P,Heera-Uran Complex,6.09,Estimated,6.09,No,1878.6,Synthetic
2245,2024-07-06,AV HUT D/P,Heera-Uran Complex,6.08,Estimated,6.08,No,1830.7,Synthetic
2257,2024-07-07,AV HUT D/P,Heera-Uran Complex,6.08,Estimated,6.08,No,1856.0,Synthetic
2269,2024-07-08,AV HUT D/P,Heera-Uran Complex,6.08,Estimated,6.08,No,1829.0,Synthetic
2281,2024-07-09,AV HUT D/P,Heera-Uran Complex,6.08,Estimated,6.08,No,1848.1,Synthetic
2293,2024-07-10,AV HUT D/P,Heera-Uran Complex,6.07,Estimated,6.07,No,1961.5,Synthetic
2305,2024-07-11,AV HUT D/P,Heera-Uran Complex,6.07,Estimated,6.07,No,1844.8,Synthetic
2317,2024-07-12,AV HUT D/P,Heera-Uran Complex,6.07,Estimated,6.07,No,2046.2,Synthetic
2329,2024-07-13,AV HUT D/P,Heera-Uran Complex,6.07,Estimated,6.07,No,1922.0,Synthetic
2341,2024-07-14,AV HUT D/P,Heera-Uran Complex,6.07,Estimated,6.07,No,1901.9,Synthetic
2353,2024-07-15,AV HUT D/P,Heera-Uran Complex,6.06,Estimated,6.06,No,1840.4,Synthetic
2365,2024-07-16,AV HUT D/P,Heera-Uran Complex,6.06,Estimated,6.06,No,1926.2,Synthetic
2377,2024-07-17,AV HUT D/P,Heera-Uran Complex,6.06,Estimated,6.06,No,1851.6,Synthetic
2389,2024-07-18,AV HUT D/P,Heera-Uran Complex,6.06,Estimated,6.06,No,1888.5,Synthetic
2401,2024-07-19,AV HUT D/P,Heera-Uran Complex,6.05,Estimated,6.05,No,2023.6,Synthetic
2413,2024-07-20,AV HUT D/P,Heera-Uran Complex,6.05,Estimated,6.05,No,1871.4,Synthetic
2425,2024-07-21,AV HUT D/P,Heera-Uran Complex,6.05,Estimated,6.05,No,1939.0,Synthetic
2437,2024-07-22,AV HUT D/P,Heera-Uran Complex,6.05,Estimated,6.05,No,1832.4,Synthetic
2449,2024-07-23,AV HUT D/P,Heera-Uran Complex,6.05,Estimated,6.05,No,1867.5,Synthetic
2461,2024-07-24,AV HUT D/P,Heera-Uran Complex,6.04,Estimated,6.04,No,1966.3,Synthetic
2473,2024-07-25,AV HUT D/P,Heera-Uran Complex,6.04,Estimated,6.04,No,1829.5,Synthetic
2485,2024-07-26,AV HUT D/P,Heera-Uran Complex,6.04,Estimated,6.04,No,1963.4,Synthetic
2497,2024-07-27,AV HUT D/P,Heera-Uran Complex,6.04,Estimated,6.04,No,1899.2,Synthetic
2509,2024-07-28,AV HUT D/P,Heera-Uran Complex,6.03,Estimated,6.03,No,1826.0,Synthetic
2521,2024-07-29,AV HUT D/P,Heera-Uran Complex,6.03,Estimated,6.03,No,1890.1,Synthetic
2533,2024-07-30,AV HUT D/P,Heera-Uran Complex,6.03,Estimated,6.03,No,1906.6,Synthetic
2545,2024-07-31,AV HUT D/P,Heera-Uran Complex,6.03,Estimated,6.03,No,1884.6,Synthetic
2557,2024-08-01,AV HUT D/P,Heera-Uran Complex,6.02,Estimated,6.02,No,1760.7,Synthetic
2569,2024-08-02,AV HUT D/P,Heera-Uran Complex,6.02,Estimated,6.02,No,1805.1,Synthetic
2581,2024-08-03,AV HUT D/P,Heera-Uran Complex,6.02,Estimated,6.02,No,1829.2,Synthetic
2593,2024-08-04,AV HUT D/P,Heera-Uran Complex,6.02,Estimated,6.02,No,1836.4,Synthetic
2605,2024-08-05,AV HUT D/P,Heera-Uran Complex,6.02,Estimated,6.02,No,1872.3,Synthetic
2617,2024-08-06,AV HUT D/P,Heera-Uran Complex,6.01,Estimated,6.01,No,1845.5,Synthetic
2629,2024-08-07,AV HUT D/P,Heera-Uran Complex,6.01,Estimated,6.01,No,1759.9,Synthetic
2641,2024-08-08,AV HUT D/P,Heera-Uran Complex,6.01,Estimated,6.01,No,1851.8,Synthetic
2653,2024-08-09,AV HUT D/P,Heera-Uran Complex,6.01,Estimated,6.01,No,1862.0,Synthetic
2665,2024-08-10,AV HUT D/P,Heera-Uran Complex,6.0,Estimated,6.0,No,1856.9,Synthetic
2677,2024-08-11,AV HUT D/P,Heera-Uran Complex,6.0,Estimated,6.0,No,1883.0,Synthetic
2689,2024-08-12,AV HUT D/P,Heera-Uran Complex,6.0,Estimated,6.0,No,1867.0,Synthetic
2701,2024-08-13,AV HUT D/P,Heera-Uran Complex,6.0,Estimated,6.0,No,1844.1,Synthetic
2713,2024-08-14,AV HUT D/P,Heera-Uran Complex,6.0,Estimated,6.0,No,1812.8,Synthetic
2725,2024-08-15,AV HUT D/P,Heera-Uran Complex,5.99,Estimated,5.99,No,1723.9,Synthetic
2737,2024-08-16,AV HUT D/P,Heera-Uran Complex,5.99,Estimated,5.99,No,1835.3,Synthetic
2749,2024-08-17,AV HUT D/P,Heera-Uran Complex,5.99,Estimated,5.99,No,1820.9,Synthetic
2761,2024-08-18,AV HUT D/P,Heera-Uran Complex,5.99,Estimated,5.99,No,1821.9,Synthetic
2773,2024-08-19,AV HUT D/P,Heera-Uran Complex,5.98,Estimated,5.98,No,1735.8,Synthetic
2785,2024-08-20,AV HUT D/P,Heera-Uran Complex,5.98,Estimated,5.98,No,1744.1,Synthetic
2797,2024-08-21,AV HUT D/P,Heera-Uran Complex,5.98,Estimated,5.98,No,1857.1,Synthetic
2809,2024-08-22,AV HUT D/P,Heera-Uran Complex,5.98,Estimated,5.98,No,1795.7,Synthetic
2821,2024-08-23,AV HUT D/P,Heera-Uran Complex,5.98,Estimated,5.98,No,1832.2,Synthetic
2833,2024-08-24,AV HUT D/P,Heera-Uran Complex,5.97,Estimated,5.97,No,1794.7,Synthetic
2845,2024-08-25,AV HUT D/P,Heera-Uran Complex,5.97,Estimated,5.97,No,1792.5,Synthetic
2857,2024-08-26,AV HUT D/P,Heera-Uran Complex,5.97,Estimated,5.97,No,1838.8,Synthetic
2869,2024-08-27,AV HUT D/P,Heera-Uran Complex,5.97,Estimated,5.97,No,1758.5,Synthetic
2881,2024-08-28,AV HUT D/P,Heera-Uran Complex,5.96,Estimated,5.96,No,1789.1,Synthetic
2893,2024-08-29,AV HUT D/P,Heera-Uran Complex,5.96,Estimated,5.96,No,1756.9,Synthetic
2905,2024-08-30,AV HUT D/P,Heera-Uran Complex,5.96,Estimated,5.96,No,1756.0,Synthetic
2917,2024-08-31,AV HUT D/P,Heera-Uran Complex,5.96,Estimated,5.96,No,1760.4,Synthetic
2929,2024-09-01,AV HUT D/P,Heera-Uran Complex,5.95,Estimated,5.95,No,1786.5,Synthetic
2941,2024-09-02,AV HUT D/P,Heera-Uran Complex,5.95,Estimated,5.95,No,1746.9,Synthetic
2953,2024-09-03,AV HUT D/P,Heera-Uran Complex,5.95,Estimated,5.95,No,1836.7,Synthetic
2965,2024-09-04,AV HUT D/P,Heera-Uran Complex,5.95,Estimated,5.95,No,1720.2,Synthetic
2977,2024-09-05,AV HUT D/P,Heera-Uran Complex,5.95,Estimated,5.95,No,1755.4,Synthetic
2989,2024-09-06,AV HUT D/P,Heera-Uran Complex,5.94,Estimated,5.94,No,1739.9,Synthetic
3001,2024-09-07,AV HUT D/P,Heera-Uran Complex,5.94,Estimated,5.94,No,1837.2,Synthetic
3013,2024-09-08,AV HUT D/P,Heera-Uran Complex,5.94,Estimated,5.94,No,1768.9,Synthetic
3025,2024-09-09,AV HUT D/P,Heera-Uran Complex,5.94,Estimated,5.94,No,1810.5,Synthetic
3037,2024-09-10,AV HUT D/P,Heera-Uran Complex,5.93,Estimated,5.93,No,1675.8,Synthetic
3049,2024-09-11,AV HUT D/P,Heera-Uran Complex,5.93,Estimated,5.93,No,1765.7,Synthetic
3061,2024-09-12,AV HUT D/P,Heera-Uran Complex,5.93,Estimated,5.93,No,1796.1,Synthetic
3073,2024-09-13,AV HUT D/P,Heera-Uran Complex,5.93,Estimated,5.93,No,1751.4,Synthetic
3085,2024-09-14,AV HUT D/P,Heera-Uran Complex,5.92,Estimated,5.92,No,1800.7,Synthetic
3097,2024-09-15,AV HUT D/P,Heera-Uran Complex,5.92,Estimated,5.92,No,1715.5,Synthetic
3109,2024-09-16,AV HUT D/P,Heera-Uran Complex,5.92,Estimated,5.92,No,1813.9,Synthetic
3121,2024-09-17,AV HUT D/P,Heera-Uran Complex,5.92,Estimated,5.92,No,1857.9,Synthetic
3133,2024-09-18,AV HUT D/P,Heera-Uran Complex,5.92,Estimated,5.92,No,1716.8,Synthetic
3145,2024-09-19,AV HUT D/P,Heera-Uran Complex,5.91,Estimated,5.91,No,1710.4,Synthetic
3157,2024-09-20,AV HUT D/P,Heera-Uran Complex,5.91,Estimated,5.91,No,1806.8,Synthetic
3169,2024-09-21,AV HUT D/P,Heera-Uran Complex,5.91,Estimated,5.91,No,1810.9,Synthetic
3181,2024-09-22,AV HUT D/P,Heera-Uran Complex,5.91,Estimated,5.91,No,1699.6,Synthetic
3193,2024-09-23,AV HUT D/P,Heera-Uran Complex,5.9,Estimated,5.9,No,1702.8,Synthetic
3205,2024-09-24,AV HUT D/P,Heera-Uran Complex,5.9,Estimated,5.9,No,1707.7,Synthetic
3217,2024-09-25,AV HUT D/P,Heera-Uran Complex,5.9,Estimated,5.9,No,1650.6,Synthetic
3229,2024-09-26,AV HUT D/P,Heera-Uran Complex,5.9,Estimated,5.9,No,1670.4,Synthetic
3241,2024-09-27,AV HUT D/P,Heera-Uran Complex,5.9,Estimated,5.9,No,1663.8,Synthetic
3253,2024-09-28,AV HUT D/P,Heera-Uran Complex,5.89,Estimated,5.89,No,1673.9,Synthetic
3265,2024-09-29,AV HUT D/P,Heera-Uran Complex,5.89,Estimated,5.89,No,1709.3,Synthetic
3277,2024-09-30,AV HUT D/P,Heera-Uran Complex,5.89,Estimated,5.89,No,1720.9,Synthetic
3289,2024-10-01,AV HUT D/P,Heera-Uran Complex,5.89,Estimated,5.89,No,1786.0,Synthetic
3301,2024-10-02,AV HUT D/P,Heera-Uran Complex,5.88,Estimated,5.88,No,1653.4,Synthetic
3313,2024-10-03,AV HUT D/P,Heera-Uran Complex,5.88,Estimated,5.88,No,1752.5,Synthetic
3325,2024-10-04,AV HUT D/P,Heera-Uran Complex,5.88,Estimated,5.88,No,1689.1,Synthetic
3337,2024-10-05,AV HUT D/P,Heera-Uran Complex,5.88,Estimated,5.88,No,1695.2,Synthetic
3349,2024-10-06,AV HUT D/P,Heera-Uran Complex,5.88,Estimated,5.88,No,1729.8,Synthetic
3361,2024-10-07,AV HUT D/P,Heera-Uran Complex,5.87,Estimated,5.87,No,1636.3,Synthetic
3373,2024-10-08,AV HUT D/P,Heera-Uran Complex,5.87,Estimated,5.87,No,1710.6,Synthetic
3385,2024-10-09,AV HUT D/P,Heera-Uran Complex,5.87,Estimated,5.87,No,1697.4,Synthetic
3397,2024-10-10,AV HUT D/P,Heera-Uran Complex,5.87,Estimated,5.87,No,1711.6,Synthetic
3409,2024-10-11,AV HUT D/P,Heera-Uran Complex,5.86,Estimated,5.86,No,1699.2,Synthetic
3421,2024-10-12,AV HUT D/P,Heera-Uran Complex,5.86,Estimated,5.86,No,1806.3,Synthetic
3433,2024-10-13,AV HUT D/P,Heera-Uran Complex,5.86,Estimated,5.86,No,1648.0,Synthetic
3445,2024-10-14,AV HUT D/P,Heera-Uran Complex,5.86,Estimated,5.86,No,1651.2,Synthetic
3457,2024-10-15,AV HUT D/P,Heera-Uran Complex,5.85,Estimated,5.85,No,1644.5,Synthetic
3469,2024-10-16,AV HUT D/P,Heera-Uran Complex,5.85,Estimated,5.85,No,1645.8,Synthetic
3481,2024-10-17,AV HUT D/P,Heera-Uran Complex,5.85,Estimated,5.85,No,1639.5,Synthetic
3493,2024-10-18,AV HUT D/P,Heera-Uran Complex,5.85,Estimated,5.85,No,1728.8,Synthetic
3505,2024-10-19,AV HUT D/P,Heera-Uran Complex,5.85,Estimated,5.85,No,1738.1,Synthetic
3517,2024-10-20,AV HUT D/P,Heera-Uran Complex,5.84,Estimated,5.84,No,1636.5,Synthetic
3529,2024-10-21,AV HUT D/P,Heera-Uran Complex,5.84,Estimated,5.84,No,1621.3,Synthetic
3541,2024-10-22,AV HUT D/P,Heera-Uran Complex,5.84,Estimated,5.84,No,1684.1,Synthetic
3553,2024-10-23,AV HUT D/P,Heera-Uran Complex,5.84,Estimated,5.84,No,1630.9,Synthetic
3565,2024-10-24,AV HUT D/P,Heera-Uran Complex,5.83,Estimated,5.83,No,1687.8,Synthetic
3577,2024-10-25,AV HUT D/P,Heera-Uran Complex,5.83,Estimated,5.83,No,1664.2,Synthetic
3589,2024-10-26,AV HUT D/P,Heera-Uran Complex,5.83,Estimated,5.83,No,1576.9,Synthetic
3601,2024-10-27,AV HUT D/P,Heera-Uran Complex,5.83,Estimated,5.83,No,1726.4,Synthetic
3613,2024-10-28,AV HUT D/P,Heera-Uran Complex,5.82,Estimated,5.82,No,1736.5,Synthetic
3625,2024-10-29,AV HUT D/P,Heera-Uran Complex,5.82,Estimated,5.82,No,1615.3,Synthetic
3637,2024-10-30,AV HUT D/P,Heera-Uran Complex,5.82,Estimated,5.82,No,1624.3,Synthetic
3649,2024-10-31,AV HUT D/P,Heera-Uran Complex,5.82,Estimated,5.82,No,1655.3,Synthetic
3661,2024-11-01,AV HUT D/P,Heera-Uran Complex,5.82,Estimated,5.82,No,1655.5,Synthetic
3673,2024-11-02,AV HUT D/P,Heera-Uran Complex,5.81,Estimated,5.81,No,1669.4,Synthetic
3685,2024-11-03,AV HUT D/P,Heera-Uran Complex,5.81,Estimated,5.81,No,1733.5,Synthetic
3697,2024-11-04,AV HUT D/P,Heera-Uran Complex,5.81,Estimated,5.81,No,1624.1,Synthetic
3709,2024-11-05,AV HUT D/P,Heera-Uran Complex,5.81,Estimated,5.81,No,1591.5,Synthetic
3721,2024-11-06,AV HUT D/P,Heera-Uran Complex,5.8,Estimated,5.8,No,1561.2,Synthetic
3733,2024-11-07,AV HUT D/P,Heera-Uran Complex,5.8,Estimated,5.8,No,1590.7,Synthetic
3745,2024-11-08,AV HUT D/P,Heera-Uran Complex,5.8,Estimated,5.8,No,1622.6,Synthetic
3757,2024-11-09,AV HUT D/P,Heera-Uran Complex,5.8,Estimated,5.8,No,1709.5,Synthetic
3769,2024-11-10,AV HUT D/P,Heera-Uran Complex,5.8,Estimated,5.8,No,1594.8,Synthetic
3781,2024-11-11,AV HUT D/P,Heera-Uran Complex,5.79,Estimated,5.79,No,1628.8,Synthetic
3793,2024-11-12,AV HUT D/P,Heera-Uran Complex,5.79,Estimated,5.79,No,1615.0,Synthetic
3805,2024-11-13,AV HUT D/P,Heera-Uran Complex,5.79,Estimated,5.79,No,1671.2,Synthetic
3817,2024-11-14,AV HUT D/P,Heera-Uran Complex,5.79,Estimated,5.79,No,1733.8,Synthetic
3829,2024-11-15,AV HUT D/P,Heera-Uran Complex,5.78,Estimated,5.78,No,1583.9,Synthetic
3841,2024-11-16,AV HUT D/P,Heera-Uran Complex,5.78,Estimated,5.78,No,1583.8,Synthetic
3853,2024-11-17,AV HUT D/P,Heera-Uran Complex,5.78,Estimated,5.78,No,1655.6,Synthetic
3865,2024-11-18,AV HUT D/P,Heera-Uran Complex,5.78,Estimated,5.78,No,1636.0,Synthetic
3877,2024-11-19,AV HUT D/P,Heera-Uran Complex,5.78,Estimated,5.78,No,1689.8,Synthetic
3889,2024-11-20,AV HUT D/P,Heera-Uran Complex,5.77,Estimated,5.77,No,1627.1,Synthetic
3901,2024-11-21,AV HUT D/P,Heera-Uran Complex,5.77,Estimated,5.77,No,1579.8,Synthetic
3913,2024-11-22,AV HUT D/P,Heera-Uran Complex,5.77,Estimated,5.77,No,1623.2,Synthetic
3925,2024-11-23,AV HUT D/P,Heera-Uran Complex,5.77,Estimated,5.77,No,1645.8,Synthetic
3937,2024-11-24,AV HUT D/P,Heera-Uran Complex,5.76,Estimated,5.76,No,1630.0,Synthetic
3949,2024-11-25,AV HUT D/P,Heera-Uran Complex,5.76,Estimated,5.76,No,1612.9,Synthetic
3961,2024-11-26,AV HUT D/P,Heera-Uran Complex,5.76,Estimated,5.76,No,1637.4,Synthetic
3973,2024-11-27,AV HUT D/P,Heera-Uran Complex,5.76,Estimated,5.76,No,1640.1,Synthetic
3985,2024-11-28,AV HUT D/P,Heera-Uran Complex,5.75,Estimated,5.75,No,1648.2,Synthetic
3997,2024-11-29,AV HUT D/P,Heera-Uran Complex,5.75,Estimated,5.75,No,1611.2,Synthetic
4009,2024-11-30,AV HUT D/P,Heera-Uran Complex,5.75,Estimated,5.75,No,1570.5,Synthetic
4021,2024-12-01,AV HUT D/P,Heera-Uran Complex,5.75,Estimated,5.75,No,1583.3,Synthetic
4033,2024-12-02,AV HUT D/P,Heera-Uran Complex,5.75,Estimated,5.75,No,1631.2,Synthetic
4045,2024-12-03,AV HUT D/P,Heera-Uran Complex,5.74,Estimated,5.74,No,1533.7,Synthetic
4057,2024-12-04,AV HUT D/P,Heera-Uran Complex,5.74,Estimated,5.74,No,1587.6,Synthetic
4069,2024-12-05,AV HUT D/P,Heera-Uran Complex,5.74,Estimated,5.74,No,1549.6,Synthetic
4081,2024-12-06,AV HUT D/P,Heera-Uran Complex,5.74,Estimated,5.74,No,1567.4,Synthetic
4093,2024-12-07,AV HUT D/P,Heera-Uran Complex,5.73,Estimated,5.73,No,1624.1,Synthetic
4105,2024-12-08,AV HUT D/P,Heera-Uran Complex,5.73,Estimated,5.73,No,1571.0,Synthetic
4117,2024-12-09,AV HUT D/P,Heera-Uran Complex,5.73,Estimated,5.73,No,1562.2,Synthetic
4129,2024-12-10,AV HUT D/P,Heera-Uran Complex,5.73,Estimated,5.73,No,1494.4,Synthetic
4141,2024-12-11,AV HUT D/P,Heera-Uran Complex,5.72,Estimated,5.72,No,1590.8,Synthetic
4153,2024-12-12,AV HUT D/P,Heera-Uran Complex,5.72,Estimated,5.72,No,1584.1,Synthetic
4165,2024-12-13,AV HUT D/P,Heera-Uran Complex,5.72,Estimated,5.72,No,1652.6,Synthetic
4177,2024-12-14,AV HUT D/P,Heera-Uran Complex,5.72,Estimated,5.72,No,1535.6,Synthetic
4189,2024-12-15,AV HUT D/P,Heera-Uran Complex,5.72,Estimated,5.72,No,1558.0,Synthetic
4201,2024-12-16,AV HUT D/P,Heera-Uran Complex,5.71,Estimated,5.71,No,1557.5,Synthetic
4213,2024-12-17,AV HUT D/P,Heera-Uran Complex,5.71,Estimated,5.71,No,1616.9,Synthetic
4225,2024-12-18,AV HUT D/P,Heera-Uran Complex,5.71,Estimated,5.71,No,1537.4,Synthetic
4237,2024-12-19,AV HUT D/P,Heera-Uran Complex,5.71,Estimated,5.71,No,1552.7,Synthetic
4249,2024-12-20,AV HUT D/P,Heera-Uran Complex,5.7,Estimated,5.7,No,1565.9,Synthetic
4261,2024-12-21,AV HUT D/P,Heera-Uran Complex,5.7,Estimated,5.7,No,1544.5,Synthetic
4273,2024-12-22,AV HUT D/P,Heera-Uran Complex,5.7,Estimated,5.7,No,1513.3,Synthetic
4285,2024-12-23,AV HUT D/P,Heera-Uran Complex,5.7,Estimated,5.7,No,1540.7,Synthetic
4297,2024-12-24,AV HUT D/P,Heera-Uran Complex,5.7,Estimated,5.7,No,1579.1,Synthetic
4309,2024-12-25,AV HUT D/P,Heera-Uran Complex,5.69,Estimated,5.69,No,1480.8,Synthetic
4321,2024-12-26,AV HUT D/P,Heera-Uran Complex,5.69,Estimated,5.69,No,1532.0,Synthetic
4333,2024-12-27,AV HUT D/P,Heera-Uran Complex,5.69,Estimated,5.69,No,1491.9,Synthetic
4345,2024-12-28,AV HUT D/P,Heera-Uran Complex,5.69,Estimated,5.69,No,1576.4,Synthetic
4357,2024-12-29,AV HUT D/P,Heera-Uran Complex,5.68,Estimated,5.68,No,1450.5,Synthetic
4369,2024-12-30,AV HUT D/P,Heera-Uran Complex,5.68,Estimated,5.68,No,1492.5,Synthetic
4381,2024-12-31,AV HUT D/P,Heera-Uran Complex,5.68,Estimated,5.68,No,1533.1,Synthetic
4393,2025-01-01,AV HUT D/P,Heera-Uran Complex,5.68,Estimated,5.68,No,1585.1,Synthetic
4405,2025-01-02,AV HUT D/P,Heera-Uran Complex,5.68,Estimated,5.68,No,1509.0,Synthetic
4417,2025-01-03,AV HUT D/P,Heera-Uran Complex,5.67,Estimated,5.67,No,1484.9,Synthetic
4429,2025-01-04,AV HUT D/P,Heera-Uran Complex,5.67,Estimated,5.67,No,1593.2,Synthetic
4441,2025-01-05,AV HUT D/P,Heera-Uran Complex,5.67,Estimated,5.67,No,1440.7,Synthetic
4453,2025-01-06,AV HUT D/P,Heera-Uran Complex,5.67,Estimated,5.67,No,1404.9,Synthetic
4465,2025-01-07,AV HUT D/P,Heera-Uran Complex,5.66,Estimated,5.66,No,1522.1,Synthetic
4477,2025-01-08,AV HUT D/P,Heera-Uran Complex,5.66,Estimated,5.66,No,1477.7,Synthetic
4489,2025-01-09,AV HUT D/P,Heera-Uran Complex,5.66,Estimated,5.66,No,1452.4,Synthetic
4501,2025-01-10,AV HUT D/P,Heera-Uran Complex,5.66,Estimated,5.66,No,1528.1,Synthetic
4513,2025-01-11,AV HUT D/P,Heera-Uran Complex,5.65,Estimated,5.65,No,1505.4,Synthetic
4525,2025-01-12,AV HUT D/P,Heera-Uran Complex,5.65,Estimated,5.65,No,1467.2,Synthetic
4537,2025-01-13,AV HUT D/P,Heera-Uran Complex,5.65,Estimated,5.65,No,1433.3,Synthetic
4549,2025-01-14,AV HUT D/P,Heera-Uran Complex,5.65,Estimated,5.65,No,1527.5,Synthetic
4561,2025-01-15,AV HUT D/P,Heera-Uran Complex,5.65,Estimated,5.65,No,1515.6,Synthetic
4573,2025-01-16,AV HUT D/P,Heera-Uran Complex,5.64,Estimated,5.64,No,1480.3,Synthetic
4585,2025-01-17,AV HUT D/P,Heera-Uran Complex,5.64,Estimated,5.64,No,1564.9,Synthetic
4597,2025-01-18,AV HUT D/P,Heera-Uran Complex,5.64,Estimated,5.64,No,1433.3,Synthetic
4609,2025-01-19,AV HUT D/P,Heera-Uran Complex,5.64,Estimated,5.64,No,1411.2,Synthetic
4621,2025-01-20,AV HUT D/P,Heera-Uran Complex,5.63,Estimated,5.63,No,1446.4,Synthetic
4633,2025-01-21,AV HUT D/P,Heera-Uran Complex,5.63,Estimated,5.63,No,1473.1,Synthetic
4645,2025-01-22,AV HUT D/P,Heera-Uran Complex,5.63,Estimated,5.63,No,1483.9,Synthetic
4657,2025-01-23,AV HUT D/P,Heera-Uran Complex,5.63,Estimated,5.63,No,1460.6,Synthetic
4669,2025-01-24,AV HUT D/P,Heera-Uran Complex,5.62,Estimated,5.62,No,1484.9,Synthetic
4681,2025-01-25,AV HUT D/P,Heera-Uran Complex,5.62,Estimated,5.62,No,1412.3,Synthetic
4693,2025-01-26,AV HUT D/P,Heera-Uran Complex,5.62,Estimated,5.62,No,1529.0,Synthetic
4705,2025-01-27,AV HUT D/P,Heera-Uran Complex,5.62,Estimated,5.62,No,1460.0,Synthetic
4717,2025-01-28,AV HUT D/P,Heera-Uran Complex,5.62,Estimated,5.62,No,1510.7,Synthetic
4729,2025-01-29,AV HUT D/P,Heera-Uran Complex,5.61,Estimated,5.61,No,1474.8,Synthetic
4741,2025-01-30,AV HUT D/P,Heera-Uran Complex,5.61,Estimated,5.61,No,1477.9,Synthetic
4753,2025-01-31,AV HUT D/P,Heera-Uran Complex,5.61,Estimated,5.61,No,1480.9,Synthetic
4765,2025-02-01,AV HUT D/P,Heera-Uran Complex,5.61,Estimated,5.61,No,1473.6,Synthetic
4777,2025-02-02,AV HUT D/P,Heera-Uran Complex,5.6,Estimated,5.6,No,1480.3,Synthetic
4789,2025-02-03,AV HUT D/P,Heera-Uran Complex,5.6,Estimated,5.6,No,1508.2,Synthetic
4801,2025-02-04,AV HUT D/P,Heera-Uran Complex,5.6,Estimated,5.6,No,1457.0,Synthetic
4813,2025-02-05,AV HUT D/P,Heera-Uran Complex,5.6,Estimated,5.6,No,1477.3,Synthetic
4825,2025-02-06,AV HUT D/P,Heera-Uran Complex,5.6,Estimated,5.6,No,1440.8,Synthetic
4837,2025-02-07,AV HUT D/P,Heera-Uran Complex,5.59,Estimated,5.59,No,1505.2,Synthetic
4849,2025-02-08,AV HUT D/P,Heera-Uran Complex,5.59,Estimated,5.59,No,1411.7,Synthetic
4861,2025-02-09,AV HUT D/P,Heera-Uran Complex,5.59,Estimated,5.59,No,1516.8,Synthetic
4873,2025-02-10,AV HUT D/P,Heera-Uran Complex,5.59,Estimated,5.59,No,1435.4,Synthetic
4885,2025-02-11,AV HUT D/P,Heera-Uran Complex,5.58,Estimated,5.58,No,1373.7,Synthetic
4897,2025-02-12,AV HUT D/P,Heera-Uran Complex,5.58,Estimated,5.58,No,1439.0,Synthetic
4909,2025-02-13,AV HUT D/P,Heera-Uran Complex,5.58,Estimated,5.58,No,1402.3,Synthetic
4921,2025-02-14,AV HUT D/P,Heera-Uran Complex,5.58,Estimated,5.58,No,1465.7,Synthetic
4933,2025-02-15,AV HUT D/P,Heera-Uran Complex,5.57,Estimated,5.57,No,1399.9,Synthetic
4945,2025-02-16,AV HUT D/P,Heera-Uran Complex,5.57,Estimated,5.57,No,1406.9,Synthetic
4957,2025-02-17,AV HUT D/P,Heera-Uran Complex,5.57,Estimated,5.57,No,1343.4,Synthetic
4969,2025-02-18,AV HUT D/P,Heera-Uran Complex,5.57,Estimated,5.57,No,1403.0,Synthetic
4981,2025-02-19,AV HUT D/P,Heera-Uran Complex,5.57,Estimated,5.57,No,1317.1,Synthetic
4993,2025-02-20,AV HUT D/P,Heera-Uran Complex,5.56,Estimated,5.56,No,1351.2,Synthetic
5005,2025-02-21,AV HUT D/P,Heera-Uran Complex,5.56,Estimated,5.56,No,1449.1,Synthetic
5017,2025-02-22,AV HUT D/P,Heera-Uran Complex,5.56,Estimated,5.56,No,1448.2,Synthetic
5029,2025-02-23,AV HUT D/P,Heera-Uran Complex,5.56,Estimated,5.56,No,1431.1,Synthetic
5041,2025-02-24,AV HUT D/P,Heera-Uran Complex,5.55,Estimated,5.55,No,1370.3,Synthetic
5053,2025-02-25,AV HUT D/P,Heera-Uran Complex,5.55,Estimated,5.55,No,1407.4,Synthetic
5065,2025-02-26,AV HUT D/P,Heera-Uran Complex,5.55,Estimated,5.55,No,1407.4,Synthetic
5077,2025-02-27,AV HUT D/P,Heera-Uran Complex,5.55,Estimated,5.55,No,1356.8,Synthetic
5089,2025-02-28,AV HUT D/P,Heera-Uran Complex,5.55,Estimated,5.55,No,1467.2,Synthetic
5101,2025-03-01,AV HUT D/P,Heera-Uran Complex,5.54,Estimated,5.54,No,1439.0,Synthetic
5113,2025-03-02,AV HUT D/P,Heera-Uran Complex,5.54,Estimated,5.54,No,1391.0,Synthetic
5125,2025-03-03,AV HUT D/P,Heera-Uran Complex,5.54,Estimated,5.54,No,1399.5,Synthetic
5137,2025-03-04,AV HUT D/P,Heera-Uran Complex,5.54,Estimated,5.54,No,1405.3,Synthetic
5149,2025-03-05,AV HUT D/P,Heera-Uran Complex,5.53,Estimated,5.53,No,1309.4,Synthetic
5161,2025-03-06,AV HUT D/P,Heera-Uran Complex,5.53,Estimated,5.53,No,1382.6,Synthetic
5173,2025-03-07,AV HUT D/P,Heera-Uran Complex,5.53,Estimated,5.53,No,1362.7,Synthetic
5185,2025-03-08,AV HUT D/P,Heera-Uran Complex,5.53,Estimated,5.53,No,1347.6,Synthetic
5197,2025-03-09,AV HUT D/P,Heera-Uran Complex,5.52,Estimated,5.52,No,1375.9,Synthetic
5209,2025-03-10,AV HUT D/P,Heera-Uran Complex,5.52,Estimated,5.52,No,1460.5,Synthetic
5221,2025-03-11,AV HUT D/P,Heera-Uran Complex,5.52,Estimated,5.52,No,1410.5,Synthetic
5233,2025-03-12,AV HUT D/P,Heera-Uran Complex,5.52,Estimated,5.52,No,1358.4,Synthetic
5245,2025-03-13,AV HUT D/P,Heera-Uran Complex,5.52,Estimated,5.52,No,1404.0,Synthetic
5257,2025-03-14,AV HUT D/P,Heera-Uran Complex,5.51,Estimated,5.51,No,1436.4,Synthetic
5269,2025-03-15,AV HUT D/P,Heera-Uran Complex,5.51,Estimated,5.51,No,1414.9,Synthetic
5281,2025-03-16,AV HUT D/P,Heera-Uran Complex,5.51,Estimated,5.51,No,1377.4,Synthetic
5293,2025-03-17,AV HUT D/P,Heera-Uran Complex,5.51,Estimated,5.51,No,1346.5,Synthetic
5305,2025-03-18,AV HUT D/P,Heera-Uran Complex,5.5,Estimated,5.5,No,1400.1,Synthetic
5317,2025-03-19,AV HUT D/P,Heera-Uran Complex,5.5,Estimated,5.5,No,1385.8,Synthetic
5329,2025-03-20,AV HUT D/P,Heera-Uran Complex,5.5,Estimated,5.5,No,1404.5,Synthetic
5341,2025-03-21,AV HUT D/P,Heera-Uran Complex,5.5,Estimated,5.5,No,1392.0,Synthetic
5353,2025-03-22,AV HUT D/P,Heera-Uran Complex,5.5,Estimated,5.5,No,1407.2,Synthetic
5365,2025-03-23,AV HUT D/P,Heera-Uran Complex,5.49,Estimated,5.49,No,1340.6,Synthetic
5377,2025-03-24,AV HUT D/P,Heera-Uran Complex,5.49,Estimated,5.49,No,1414.5,Synthetic
5389,2025-03-25,AV HUT D/P,Heera-Uran Complex,5.49,Estimated,5.49,No,1367.0,Synthetic
5401,2025-03-26,AV HUT D/P,Heera-Uran Complex,5.49,Estimated,5.49,No,1441.6,Synthetic
5413,2025-03-27,AV HUT D/P,Heera-Uran Complex,5.48,Estimated,5.48,No,1327.4,Synthetic
5425,2025-03-28,AV HUT D/P,Heera-Uran Complex,5.48,Estimated,5.48,No,1424.1,Synthetic
5437,2025-03-29,AV HUT D/P,Heera-Uran Complex,5.48,Estimated,5.48,No,1359.9,Synthetic
5449,2025-03-30,AV HUT D/P,Heera-Uran Complex,5.48,Estimated,5.48,No,1323.7,Synthetic
5461,2025-03-31,AV HUT D/P,Heera-Uran Complex,5.48,Estimated,5.48,No,1328.7,Synthetic
5473,2025-04-01,AV HUT D/P,Heera-Uran Complex,5.47,Estimated,5.47,No,1333.7,Synthetic
5485,2025-04-02,AV HUT D/P,Heera-Uran Complex,5.47,Estimated,5.47,No,1362.0,Synthetic
5497,2025-04-03,AV HUT D/P,Heera-Uran Complex,5.47,Estimated,5.47,No,1364.2,Synthetic
5509,2025-04-04,AV HUT D/P,Heera-Uran Complex,5.47,Estimated,5.47,No,1318.2,Synthetic
5521,2025-04-05,AV HUT D/P,Heera-Uran Complex,5.46,Estimated,5.46,No,1338.7,Synthetic
5533,2025-04-06,AV HUT D/P,Heera-Uran Complex,5.46,Estimated,5.46,No,1423.9,Synthetic
5545,2025-04-07,AV HUT D/P,Heera-Uran Complex,5.46,Estimated,5.46,No,1405.4,Synthetic
5557,2025-04-08,AV HUT D/P,Heera-Uran Complex,5.46,Estimated,5.46,No,1351.8,Synthetic
5569,2025-04-09,AV HUT D/P,Heera-Uran Complex,5.45,Estimated,5.45,No,1334.2,Synthetic
5581,2025-04-10,AV HUT D/P,Heera-Uran Complex,5.45,Estimated,5.45,No,1335.7,Synthetic
5593,2025-04-11,AV HUT D/P,Heera-Uran Complex,5.45,Estimated,5.45,No,1353.6,Synthetic
5605,2025-04-12,AV HUT D/P,Heera-Uran Complex,5.45,Estimated,5.45,No,1286.7,Synthetic
5617,2025-04-13,AV HUT D/P,Heera-Uran Complex,5.45,Estimated,5.45,No,1315.5,Synthetic
5629,2025-04-14,AV HUT D/P,Heera-Uran Complex,5.44,Estimated,5.44,No,1257.8,Synthetic
5641,2025-04-15,AV HUT D/P,Heera-Uran Complex,5.44,Estimated,5.44,No,1338.1,Synthetic
5653,2025-04-16,AV HUT D/P,Heera-Uran Complex,5.44,Estimated,5.44,No,1346.2,Synthetic
5665,2025-04-17,AV HUT D/P,Heera-Uran Complex,5.44,Estimated,5.44,No,1299.7,Synthetic
5677,2025-04-18,AV HUT D/P,Heera-Uran Complex,5.43,Estimated,5.43,No,1379.4,Synthetic
5689,2025-04-19,AV HUT D/P,Heera-Uran Complex,5.43,Estimated,5.43,No,1267.1,Synthetic
5701,2025-04-20,AV HUT D/P,Heera-Uran Complex,5.43,Estimated,5.43,No,1256.0,Synthetic
5713,2025-04-21,AV HUT D/P,Heera-Uran Complex,5.43,Estimated,5.43,No,1320.8,Synthetic
5725,2025-04-22,AV HUT D/P,Heera-Uran Complex,5.42,Estimated,5.42,No,1351.5,Synthetic
5737,2025-04-23,AV HUT D/P,Heera-Uran Complex,5.42,Estimated,5.42,No,1374.7,Synthetic
5749,2025-04-24,AV HUT D/P,Heera-Uran Complex,5.42,Estimated,5.42,No,1288.9,Synthetic
5761,2025-04-25,AV HUT D/P,Heera-Uran Complex,5.42,Estimated,5.42,No,1347.4,Synthetic
5773,2025-04-26,AV HUT D/P,Heera-Uran Complex,5.42,Estimated,5.42,No,1301.9,Synthetic
5785,2025-04-27,AV HUT D/P,Heera-Uran Complex,5.41,Estimated,5.41,No,1295.1,Synthetic
5797,2025-04-28,AV HUT D/P,Heera-Uran Complex,5.41,Estimated,5.41,No,1334.6,Synthetic
5809,2025-04-29,AV HUT D/P,Heera-Uran Complex,5.41,Estimated,5.41,No,1323.8,Synthetic
5821,2025-04-30,AV HUT D/P,Heera-Uran Complex,5.41,Estimated,5.41,No,1235.4,Synthetic
5833,2025-05-01,AV HUT D/P,Heera-Uran Complex,5.4,Estimated,5.4,No,1352.4,Synthetic
5845,2025-05-02,AV HUT D/P,Heera-Uran Complex,5.4,Estimated,5.4,No,1346.9,Synthetic
5857,2025-05-03,AV HUT D/P,Heera-Uran Complex,5.4,Estimated,5.4,No,1267.4,Synthetic
5869,2025-05-04,AV HUT D/P,Heera-Uran Complex,5.4,Estimated,5.4,No,1305.3,Synthetic
5881,2025-05-05,AV HUT D/P,Heera-Uran Complex,5.4,Estimated,5.4,No,1307.4,Synthetic
5893,2025-05-06,AV HUT D/P,Heera-Uran Complex,5.39,Estimated,5.39,No,1296.7,Synthetic
5905,2025-05-07,AV HUT D/P,Heera-Uran Complex,5.39,Estimated,5.39,No,1263.7,Synthetic
5917,2025-05-08,AV HUT D/P,Heera-Uran Complex,5.39,Estimated,5.39,No,1257.4,Synthetic
5929,2025-05-09,AV HUT D/P,Heera-Uran Complex,5.39,Estimated,5.39,No,1280.6,Synthetic
5941,2025-05-10,AV HUT D/P,Heera-Uran Complex,5.38,Estimated,5.38,No,1325.0,Synthetic
5953,2025-05-11,AV HUT D/P,Heera-Uran Complex,5.38,Estimated,5.38,No,1299.1,Synthetic
5965,2025-05-12,AV HUT D/P,Heera-Uran Complex,5.38,Estimated,5.38,No,1262.4,Synthetic
5977,2025-05-13,AV HUT D/P,Heera-Uran Complex,5.38,Estimated,5.38,No,1304.4,Synthetic
5989,2025-05-14,AV HUT D/P,Heera-Uran Complex,5.38,Estimated,5.38,No,1164.4,Synthetic
6001,2025-05-15,AV HUT D/P,Heera-Uran Complex,5.37,Estimated,5.37,No,1315.5,Synthetic
6013,2025-05-16,AV HUT D/P,Heera-Uran Complex,5.37,Estimated,5.37,No,1203.7,Synthetic
6025,2025-05-17,AV HUT D/P,Heera-Uran Complex,5.37,Estimated,5.37,No,1254.5,Synthetic
6037,2025-05-18,AV HUT D/P,Heera-Uran Complex,5.37,Estimated,5.37,No,1224.1,Synthetic
6049,2025-05-19,AV HUT D/P,Heera-Uran Complex,5.36,Estimated,5.36,No,1215.9,Synthetic
6061,2025-05-20,AV HUT D/P,Heera-Uran Complex,5.36,Estimated,5.36,No,1307.4,Synthetic
6073,2025-05-21,AV HUT D/P,Heera-Uran Complex,5.36,Estimated,5.36,No,1244.0,Synthetic
6085,2025-05-22,AV HUT D/P,Heera-Uran Complex,5.36,Estimated,5.36,No,1273.2,Synthetic
6097,2025-05-23,AV HUT D/P,Heera-Uran Complex,5.35,Estimated,5.35,No,1256.7,Synthetic
6109,2025-05-24,AV HUT D/P,Heera-Uran Complex,5.35,Estimated,5.35,No,1274.8,Synthetic
6121,2025-05-25,AV HUT D/P,Heera-Uran Complex,5.35,Estimated,5.35,No,1258.1,Synthetic
6133,2025-05-26,AV HUT D/P,Heera-Uran Complex,5.35,Estimated,5.35,No,1205.3,Synthetic
6145,2025-05-27,AV HUT D/P,Heera-Uran Complex,5.35,Estimated,5.35,No,1289.3,Synthetic
6157,2025-05-28,AV HUT D/P,Heera-Uran Complex,5.34,Estimated,5.34,No,1231.8,Synthetic
6169,2025-05-29,AV HUT D/P,Heera-Uran Complex,5.34,Estimated,5.34,No,1190.4,Synthetic
6181,2025-05-30,AV HUT D/P,Heera-Uran Complex,5.34,Estimated,5.34,No,1231.0,Synthetic
6193,2025-05-31,AV HUT D/P,Heera-Uran Complex,5.34,Estimated,5.34,No,1301.5,Synthetic
6205,2025-06-01,AV HUT D/P,Heera-Uran Complex,5.33,Estimated,5.33,No,1275.6,Synthetic
6217,2025-06-02,AV HUT D/P,Heera-Uran Complex,5.33,Estimated,5.33,No,1229.2,Synthetic
6229,2025-06-03,AV HUT D/P,Heera-Uran Complex,5.33,Estimated,5.33,No,1227.6,Synthetic
6241,2025-06-04,AV HUT D/P,Heera-Uran Complex,5.33,Estimated,5.33,No,1227.0,Synthetic
6253,2025-06-05,AV HUT D/P,Heera-Uran Complex,5.32,Estimated,5.32,No,1314.5,Synthetic
6265,2025-06-06,AV HUT D/P,Heera-Uran Complex,5.32,Estimated,5.32,No,1249.9,Synthetic
6277,2025-06-07,AV HUT D/P,Heera-Uran Complex,5.32,Estimated,5.32,No,1250.0,Synthetic
6289,2025-06-08,AV HUT D/P,Heera-Uran Complex,5.32,Estimated,5.32,No,1270.6,Synthetic
6301,2025-06-09,AV HUT D/P,Heera-Uran Complex,5.32,Estimated,5.32,No,1239.7,Synthetic
6313,2025-06-10,AV HUT D/P,Heera-Uran Complex,5.31,Estimated,5.31,No,1219.8,Synthetic
6325,2025-06-11,AV HUT D/P,Heera-Uran Complex,5.31,Estimated,5.31,No,1220.5,Synthetic
6337,2025-06-12,AV HUT D/P,Heera-Uran Complex,5.31,Estimated,5.31,No,1223.5,Synthetic
6349,2025-06-13,AV HUT D/P,Heera-Uran Complex,5.31,Estimated,5.31,No,1223.1,Synthetic
6361,2025-06-14,AV HUT D/P,Heera-Uran Complex,5.3,Estimated,5.3,No,1249.7,Synthetic
6373,2025-06-15,AV HUT D/P,Heera-Uran Complex,5.3,Estimated,5.3,No,1223.3,Synthetic
6385,2025-06-16,AV HUT D/P,Heera-Uran Complex,5.3,Estimated,5.3,No,1246.6,Synthetic
6397,2025-06-17,AV HUT D/P,Heera-Uran Complex,5.3,Estimated,5.3,No,1215.2,Synthetic
6409,2025-06-18,AV HUT D/P,Heera-Uran Complex,5.3,Estimated,5.3,No,1219.4,Synthetic
6421,2025-06-19,AV HUT D/P,Heera-Uran Complex,5.29,Estimated,5.29,No,1142.2,Synthetic
6433,2025-06-20,AV HUT D/P,Heera-Uran Complex,5.29,Estimated,5.29,No,1246.8,Synthetic
6445,2025-06-21,AV HUT D/P,Heera-Uran Complex,5.29,Estimated,5.29,No,1224.4,Synthetic
6457,2025-06-22,AV HUT D/P,Heera-Uran Complex,5.29,Estimated,5.29,No,1246.5,Synthetic
6469,2025-06-23,AV HUT D/P,Heera-Uran Complex,5.28,Estimated,5.28,No,1103.7,Synthetic
6481,2025-06-24,AV HUT D/P,Heera-Uran Complex,5.28,Estimated,5.28,No,1282.7,Synthetic
6493,2025-06-25,AV HUT D/P,Heera-Uran Complex,5.28,Estimated,5.28,No,1200.5,Synthetic
6505,2025-06-26,AV HUT D/P,Heera-Uran Complex,5.28,Estimated,5.28,No,1244.0,Synthetic
6517,2025-06-27,AV HUT D/P,Heera-Uran Complex,5.28,Estimated,5.28,No,1164.9,Synthetic
6529,2025-06-28,AV HUT D/P,Heera-Uran Complex,5.27,Estimated,5.27,No,1222.9,Synthetic
6541,2025-06-29,AV HUT D/P,Heera-Uran Complex,5.27,Estimated,5.27,No,1161.4,Synthetic
6553,2025-06-30,AV HUT D/P,Heera-Uran Complex,5.27,Estimated,5.27,No,1175.3,Synthetic
6565,2025-07-01,AV HUT D/P,Heera-Uran Complex,5.27,Estimated,5.27,No,1264.8,Synthetic
6577,2025-07-02,AV HUT D/P,Heera-Uran Complex,5.26,Estimated,5.26,No,1187.8,Synthetic
6589,2025-07-03,AV HUT D/P,Heera-Uran Complex,5.26,Estimated,5.26,No,1200.8,Synthetic
6601,2025-07-04,AV HUT D/P,Heera-Uran Complex,5.26,Estimated,5.26,No,1222.6,Synthetic
6613,2025-07-05,AV HUT D/P,Heera-Uran Complex,5.26,Estimated,5.26,No,1207.6,Synthetic
6625,2025-07-06,AV HUT D/P,Heera-Uran Complex,5.25,Estimated,5.25,No,1193.8,Synthetic
6637,2025-07-07,AV HUT D/P,Heera-Uran Complex,5.25,Estimated,5.25,No,1199.9,Synthetic
6649,2025-07-08,AV HUT D/P,Heera-Uran Complex,5.25,Estimated,5.25,No,1270.8,Synthetic
6661,2025-07-09,AV HUT D/P,Heera-Uran Complex,5.25,Estimated,5.25,No,1181.7,Synthetic
6673,2025-07-10,AV HUT D/P,Heera-Uran Complex,5.25,Estimated,5.25,No,1189.3,Synthetic
6685,2025-07-11,AV HUT D/P,Heera-Uran Complex,5.24,Estimated,5.24,No,1217.9,Synthetic
6697,2025-07-12,AV HUT D/P,Heera-Uran Complex,5.24,Estimated,5.24,No,1218.3,Synthetic
6709,2025-07-13,AV HUT D/P,Heera-Uran Complex,5.24,Estimated,5.24,No,1219.5,Synthetic
6721,2025-07-14,AV HUT D/P,Heera-Uran Complex,5.24,Estimated,5.24,No,1198.6,Synthetic
6733,2025-07-15,AV HUT D/P,Heera-Uran Complex,5.23,Estimated,5.23,No,1134.3,Synthetic
6745,2025-07-16,AV HUT D/P,Heera-Uran Complex,5.23,Estimated,5.23,No,1230.5,Synthetic
6757,2025-07-17,AV HUT D/P,Heera-Uran Complex,5.23,Estimated,5.23,No,1131.2,Synthetic
6769,2025-07-18,AV HUT D/P,Heera-Uran Complex,5.23,Estimated,5.23,No,1180.6,Synthetic
6781,2025-07-19,AV HUT D/P,Heera-Uran Complex,5.22,Estimated,5.22,No,1142.0,Synthetic
6793,2025-07-20,AV HUT D/P,Heera-Uran Complex,5.22,Estimated,5.22,No,1164.7,Synthetic
6805,2025-07-21,AV HUT D/P,Heera-Uran Complex,5.22,Estimated,5.22,No,1176.9,Synthetic
6817,2025-07-22,AV HUT D/P,Heera-Uran Complex,5.22,Estimated,5.22,No,1175.1,Synthetic
6829,2025-07-23,AV HUT D/P,Heera-Uran Complex,5.22,Estimated,5.22,No,1177.1,Synthetic
6841,2025-07-24,AV HUT D/P,Heera-Uran Complex,5.21,Estimated,5.21,No,1217.1,Synthetic
6853,2025-07-25,AV HUT D/P,Heera-Uran Complex,5.21,Estimated,5.21,No,1175.1,Synthetic
6865,2025-07-26,AV HUT D/P,Heera-Uran Complex,5.21,Estimated,5.21,No,1149.4,Synthetic
6877,2025-07-27,AV HUT D/P,Heera-Uran Complex,5.21,Estimated,5.21,No,1189.8,Synthetic
6889,2025-07-28,AV HUT D/P,Heera-Uran Complex,5.2,Estimated,5.2,No,1196.1,Synthetic
6901,2025-07-29,AV HUT D/P,Heera-Uran Complex,5.2,Estimated,5.2,No,1110.9,Synthetic
6913,2025-07-30,AV HUT D/P,Heera-Uran Complex,5.2,Estimated,5.2,No,1172.5,Synthetic
6925,2025-07-31,AV HUT D/P,Heera-Uran Complex,5.2,Estimated,5.2,No,1174.5,Synthetic
6937,2025-08-01,AV HUT D/P,Heera-Uran Complex,5.2,Estimated,5.2,No,1138.6,Synthetic
6949,2025-08-02,AV HUT D/P,Heera-Uran Complex,5.19,Estimated,5.19,No,1194.7,Synthetic
6961,2025-08-03,AV HUT D/P,Heera-Uran Complex,5.19,Estimated,5.19,No,1140.7,Synthetic
6973,2025-08-04,AV HUT D/P,Heera-Uran Complex,5.19,Estimated,5.19,No,1148.7,Synthetic
6985,2025-08-05,AV HUT D/P,Heera-Uran Complex,5.19,Estimated,5.19,No,1136.9,Synthetic
6997,2025-08-06,AV HUT D/P,Heera-Uran Complex,5.18,Estimated,5.18,No,1141.9,Synthetic
7009,2025-08-07,AV HUT D/P,Heera-Uran Complex,5.18,Estimated,5.18,No,1102.4,Synthetic
7021,2025-08-08,AV HUT D/P,Heera-Uran Complex,5.18,Estimated,5.18,No,1089.2,Synthetic
7033,2025-08-09,AV HUT D/P,Heera-Uran Complex,5.18,Estimated,5.18,No,1191.3,Synthetic
7045,2025-08-10,AV HUT D/P,Heera-Uran Complex,5.18,Estimated,5.18,No,1106.6,Synthetic
7057,2025-08-11,AV HUT D/P,Heera-Uran Complex,5.17,Estimated,5.17,No,1100.3,Synthetic
7069,2025-08-12,AV HUT D/P,Heera-Uran Complex,5.17,Estimated,5.17,No,1059.3,Synthetic
7081,2025-08-13,AV HUT D/P,Heera-Uran Complex,5.17,Estimated,5.17,No,1109.3,Synthetic
7093,2025-08-14,AV HUT D/P,Heera-Uran Complex,5.17,Estimated,5.17,No,1084.7,Synthetic
7105,2025-08-15,AV HUT D/P,Heera-Uran Complex,5.16,Estimated,5.16,No,1183.7,Synthetic
7117,2025-08-16,AV HUT D/P,Heera-Uran Complex,5.16,Estimated,5.16,No,1160.8,Synthetic
7129,2025-08-17,AV HUT D/P,Heera-Uran Complex,5.16,Estimated,5.16,No,1101.9,Synthetic
7141,2025-08-18,AV HUT D/P,Heera-Uran Complex,5.16,Estimated,5.16,No,1199.6,Synthetic
7153,2025-08-19,AV HUT D/P,Heera-Uran Complex,5.15,Estimated,5.15,No,1155.3,Synthetic
7165,2025-08-20,AV HUT D/P,Heera-Uran Complex,5.15,Estimated,5.15,No,1109.9,Synthetic
7177,2025-08-21,AV HUT D/P,Heera-Uran Complex,5.15,Estimated,5.15,No,1035.4,Synthetic
7189,2025-08-22,AV HUT D/P,Heera-Uran Complex,5.15,Estimated,5.15,No,1194.7,Synthetic
7201,2025-08-23,AV HUT D/P,Heera-Uran Complex,5.15,Estimated,5.15,No,1069.8,Synthetic
7213,2025-08-24,AV HUT D/P,Heera-Uran Complex,5.14,Estimated,5.14,No,1059.9,Synthetic
7225,2025-08-25,AV HUT D/P,Heera-Uran Complex,5.14,Estimated,5.14,No,1147.7,Synthetic
7237,2025-08-26,AV HUT D/P,Heera-Uran Complex,5.14,Estimated,5.14,No,1193.4,Synthetic
7249,2025-08-27,AV HUT D/P,Heera-Uran Complex,5.14,Estimated,5.14,No,1156.7,Synthetic
7261,2025-08-28,AV HUT D/P,Heera-Uran Complex,5.13,Estimated,5.13,No,1128.0,Synthetic
7273,2025-08-29,AV HUT D/P,Heera-Uran Complex,5.13,Estimated,5.13,No,1127.5,Synthetic
7285,2025-08-30,AV HUT D/P,Heera-Uran Complex,5.13,Estimated,5.13,No,1134.6,Synthetic
7297,2025-08-31,AV HUT D/P,Heera-Uran Complex,5.13,Estimated,5.13,No,1130.0,Synthetic
7309,2025-09-01,AV HUT D/P,Heera-Uran Complex,5.12,Estimated,5.12,No,1112.7,Synthetic
7321,2025-09-02,AV HUT D/P,Heera-Uran Complex,5.12,Estimated,5.12,No,1105.4,Synthetic
7333,2025-09-03,AV HUT D/P,Heera-Uran Complex,5.12,Estimated,5.12,No,1098.5,Synthetic
7345,2025-09-04,AV HUT D/P,Heera-Uran Complex,5.12,Estimated,5.12,No,1074.2,Synthetic
7357,2025-09-05,AV HUT D/P,Heera-Uran Complex,5.12,Estimated,5.12,No,1088.4,Synthetic
7369,2025-09-06,AV HUT D/P,Heera-Uran Complex,5.11,Estimated,5.11,No,1040.6,Synthetic
7381,2025-09-07,AV HUT D/P,Heera-Uran Complex,5.11,Estimated,5.11,No,1091.6,Synthetic
7393,2025-09-08,AV HUT D/P,Heera-Uran Complex,5.11,Estimated,5.11,No,1061.0,Synthetic
7405,2025-09-09,AV HUT D/P,Heera-Uran Complex,5.11,Estimated,5.11,No,1055.8,Synthetic
7417,2025-09-10,AV HUT D/P,Heera-Uran Complex,5.1,Estimated,5.1,No,1096.5,Synthetic
7429,2025-09-11,AV HUT D/P,Heera-Uran Complex,5.1,Estimated,5.1,No,1134.6,Synthetic
7441,2025-09-12,AV HUT D/P,Heera-Uran Complex,5.1,Estimated,5.1,No,1117.7,Synthetic
7453,2025-09-13,AV HUT D/P,Heera-Uran Complex,5.1,Estimated,5.1,No,1035.1,Synthetic
7465,2025-09-14,AV HUT D/P,Heera-Uran Complex,5.1,Estimated,5.1,No,1052.6,Synthetic
7477,2025-09-15,AV HUT D/P,Heera-Uran Complex,5.09,Estimated,5.09,No,1114.1,Synthetic
7489,2025-09-16,AV HUT D/P,Heera-Uran Complex,5.09,Estimated,5.09,No,1050.2,Synthetic
7501,2025-09-17,AV HUT D/P,Heera-Uran Complex,5.09,Estimated,5.09,No,1073.4,Synthetic
7513,2025-09-18,AV HUT D/P,Heera-Uran Complex,5.09,Estimated,5.09,No,1097.0,Synthetic
7525,2025-09-19,AV HUT D/P,Heera-Uran Complex,5.08,Estimated,5.08,No,1046.6,Synthetic
7537,2025-09-20,AV HUT D/P,Heera-Uran Complex,5.08,Estimated,5.08,No,1079.9,Synthetic
7549,2025-09-21,AV HUT D/P,Heera-Uran Complex,5.08,Estimated,5.08,No,1032.0,Synthetic
7561,2025-09-22,AV HUT D/P,Heera-Uran Complex,5.08,Estimated,5.08,No,1054.3,Synthetic
7573,2025-09-23,AV HUT D/P,Heera-Uran Complex,5.07,Estimated,5.07,No,1082.6,Synthetic
7585,2025-09-24,AV HUT D/P,Heera-Uran Complex,5.07,Estimated,5.07,No,1019.7,Synthetic
7597,2025-09-25,AV HUT D/P,Heera-Uran Complex,5.07,Estimated,5.07,No,1083.6,Synthetic
7609,2025-09-26,AV HUT D/P,Heera-Uran Complex,5.07,Estimated,5.07,No,1067.4,Synthetic
7621,2025-09-27,AV HUT D/P,Heera-Uran Complex,5.07,Estimated,5.07,No,1084.3,Synthetic
7633,2025-09-28,AV HUT D/P,Heera-Uran Complex,5.06,Estimated,5.06,No,1072.5,Synthetic
7645,2025-09-29,AV HUT D/P,Heera-Uran Complex,5.06,Estimated,5.06,No,1107.4,Synthetic
7657,2025-09-30,AV HUT D/P,Heera-Uran Complex,5.06,Estimated,5.06,No,1066.5,Synthetic
7669,2025-10-01,AV HUT D/P,Heera-Uran Complex,5.06,Estimated,5.06,No,1047.4,Synthetic
7681,2025-10-02,AV HUT D/P,Heera-Uran Complex,5.05,Estimated,5.05,No,1063.7,Synthetic
7693,2025-10-03,AV HUT D/P,Heera-Uran Complex,5.05,Estimated,5.05,No,1075.6,Synthetic
7705,2025-10-04,AV HUT D/P,Heera-Uran Complex,5.05,Estimated,5.05,No,1058.5,Synthetic
7717,2025-10-05,AV HUT D/P,Heera-Uran Complex,5.05,Estimated,5.05,No,1056.9,Synthetic
7729,2025-10-06,AV HUT D/P,Heera-Uran Complex,5.05,Estimated,5.05,No,1032.0,Synthetic
7741,2025-10-07,AV HUT D/P,Heera-Uran Complex,5.04,Estimated,5.04,No,1032.0,Synthetic
7753,2025-10-08,AV HUT D/P,Heera-Uran Complex,5.04,Estimated,5.04,No,1007.3,Synthetic
7765,2025-10-09,AV HUT D/P,Heera-Uran Complex,5.04,Estimated,5.04,No,1105.3,Synthetic
7777,2025-10-10,AV HUT D/P,Heera-Uran Complex,5.04,Estimated,5.04,No,1009.6,Synthetic
7789,2025-10-11,AV HUT D/P,Heera-Uran Complex,5.03,Estimated,5.03,No,1025.7,Synthetic
7801,2025-10-12,AV HUT D/P,Heera-Uran Complex,5.03,Estimated,5.03,No,1023.5,Synthetic
7813,2025-10-13,AV HUT D/P,Heera-Uran Complex,5.03,Estimated,5.03,No,1072.7,Synthetic
7825,2025-10-14,AV HUT D/P,Heera-Uran Complex,5.03,Estimated,5.03,No,1034.1,Synthetic
7837,2025-10-15,AV HUT D/P,Heera-Uran Complex,5.02,Estimated,5.02,No,1081.0,Synthetic
7849,2025-10-16,AV HUT D/P,Heera-Uran Complex,5.02,Estimated,5.02,No,1019.6,Synthetic
7861,2025-10-17,AV HUT D/P,Heera-Uran Complex,5.02,Estimated,5.02,No,1048.0,Synthetic
7873,2025-10-18,AV HUT D/P,Heera-Uran Complex,5.02,Estimated,5.02,No,1011.9,Synthetic
7885,2025-10-19,AV HUT D/P,Heera-Uran Complex,5.02,Estimated,5.02,No,1103.2,Synthetic
7897,2025-10-20,AV HUT D/P,Heera-Uran Complex,5.01,Estimated,5.01,No,998.3,Synthetic
7909,2025-10-21,AV HUT D/P,Heera-Uran Complex,5.01,Estimated,5.01,No,1043.5,Synthetic
7921,2025-10-22,AV HUT D/P,Heera-Uran Complex,5.01,Estimated,5.01,No,1052.1,Synthetic
7933,2025-10-23,AV HUT D/P,Heera-Uran Complex,5.01,Estimated,5.01,No,1044.0,Synthetic
7945,2025-10-24,AV HUT D/P,Heera-Uran Complex,5.0,Estimated,5.0,No,1024.1,Synthetic
7957,2025-10-25,AV HUT D/P,Heera-Uran Complex,5.0,Estimated,5.0,No,1024.5,Synthetic
7969,2025-10-26,AV HUT D/P,Heera-Uran Complex,5.0,Estimated,5.0,No,1028.5,Synthetic
7981,2025-10-27,AV HUT D/P,Heera-Uran Complex,5.0,Estimated,5.0,No,1021.3,Synthetic
7993,2025-10-28,AV HUT D/P,Heera-Uran Complex,5.0,Estimated,5.0,No,1054.1,Synthetic
8005,2025-10-29,AV HUT D/P,Heera-Uran Complex,4.99,Estimated,4.99,No,1091.0,Synthetic
8017,2025-10-30,AV HUT D/P,Heera-Uran Complex,4.99,Estimated,4.99,No,1004.7,Synthetic
8029,2025-10-31,AV HUT D/P,Heera-Uran Complex,4.99,Estimated,4.99,No,978.5,Synthetic
8041,2025-11-01,AV HUT D/P,Heera-Uran Complex,4.99,Estimated,4.99,No,1016.4,Synthetic
8053,2025-11-02,AV HUT D/P,Heera-Uran Complex,4.98,Estimated,4.98,No,1096.6,Synthetic
8065,2025-11-03,AV HUT D/P,Heera-Uran Complex,4.98,Estimated,4.98,No,992.0,Synthetic
8077,2025-11-04,AV HUT D/P,Heera-Uran Complex,4.98,Estimated,4.98,No,1065.1,Synthetic
8089,2025-11-05,AV HUT D/P,Heera-Uran Complex,4.98,Estimated,4.98,No,1064.9,Synthetic
8101,2025-11-06,AV HUT D/P,Heera-Uran Complex,4.97,Estimated,4.97,No,995.8,Synthetic
8113,2025-11-07,AV HUT D/P,Heera-Uran Complex,4.97,Estimated,4.97,No,1028.5,Synthetic
8125,2025-11-08,AV HUT D/P,Heera-Uran Complex,4.97,Estimated,4.97,No,1059.3,Synthetic
8137,2025-11-09,AV HUT D/P,Heera-Uran Complex,4.97,Estimated,4.97,No,997.1,Synthetic
8149,2025-11-10,AV HUT D/P,Heera-Uran Complex,4.97,Estimated,4.97,No,1001.1,Synthetic
8161,2025-11-11,AV HUT D/P,Heera-Uran Complex,4.96,Estimated,4.96,No,988.4,Synthetic
8173,2025-11-12,AV HUT D/P,Heera-Uran Complex,4.96,Estimated,4.96,No,974.1,Synthetic
8185,2025-11-13,AV HUT D/P,Heera-Uran Complex,4.96,Estimated,4.96,No,983.8,Synthetic
8197,2025-11-14,AV HUT D/P,Heera-Uran Complex,4.96,Estimated,4.96,No,965.2,Synthetic
8209,2025-11-15,AV HUT D/P,Heera-Uran Complex,4.95,Estimated,4.95,No,1001.8,Synthetic
8221,2025-11-16,AV HUT D/P,Heera-Uran Complex,4.95,Estimated,4.95,No,976.4,Synthetic
8233,2025-11-17,AV HUT D/P,Heera-Uran Complex,4.95,Estimated,4.95,No,1005.2,Synthetic
8245,2025-11-18,AV HUT D/P,Heera-Uran Complex,4.95,Estimated,4.95,No,950.3,Synthetic
8257,2025-11-19,AV HUT D/P,Heera-Uran Complex,4.95,Estimated,4.95,No,1005.4,Synthetic
8269,2025-11-20,AV HUT D/P,Heera-Uran Complex,4.94,Estimated,4.94,No,1019.1,Synthetic
8281,2025-11-21,AV HUT D/P,Heera-Uran Complex,4.94,Estimated,4.94,No,933.6,Synthetic
8293,2025-11-22,AV HUT D/P,Heera-Uran Complex,4.94,Estimated,4.94,No,1002.8,Synthetic
8305,2025-11-23,AV HUT D/P,Heera-Uran Complex,4.94,Estimated,4.94,No,1026.8,Synthetic
8317,2025-11-24,AV HUT D/P,Heera-Uran Complex,4.93,Estimated,4.93,No,953.2,Synthetic
8329,2025-11-25,AV HUT D/P,Heera-Uran Complex,4.93,Estimated,4.93,No,1037.4,Synthetic
8341,2025-11-26,AV HUT D/P,Heera-Uran Complex,4.93,Estimated,4.93,No,998.9,Synthetic
8353,2025-11-27,AV HUT D/P,Heera-Uran Complex,4.93,Estimated,4.93,No,964.4,Synthetic
8365,2025-11-28,AV HUT D/P,Heera-Uran Complex,4.92,Estimated,4.92,No,982.3,Synthetic
8377,2025-11-29,AV HUT D/P,Heera-Uran Complex,4.92,Estimated,4.92,No,999.2,Synthetic
8389,2025-11-30,AV HUT D/P,Heera-Uran Complex,4.92,Estimated,4.92,No,983.6,Synthetic
8401,2025-12-01,AV HUT D/P,Heera-Uran Complex,4.92,Estimated,4.92,No,996.0,Synthetic
8413,2025-12-02,AV HUT D/P,Heera-Uran Complex,4.92,Estimated,4.92,No,951.8,Synthetic
8425,2025-12-03,AV HUT D/P,Heera-Uran Complex,4.91,Estimated,4.91,No,982.6,Synthetic
8437,2025-12-04,AV HUT D/P,Heera-Uran Complex,4.91,Estimated,4.91,No,934.9,Synthetic
8449,2025-12-05,AV HUT D/P,Heera-Uran Complex,4.91,Estimated,4.91,No,971.8,Synthetic
8461,2025-12-06,AV HUT D/P,Heera-Uran Complex,4.91,Estimated,4.91,No,947.3,Synthetic
8473,2025-12-07,AV HUT D/P,Heera-Uran Complex,4.9,Estimated,4.9,No,951.1,Synthetic
8485,2025-12-08,AV HUT D/P,Heera-Uran Complex,4.9,Estimated,4.9,No,1007.3,Synthetic
8497,2025-12-09,AV HUT D/P,Heera-Uran Complex,4.9,Estimated,4.9,No,1001.7,Synthetic
8509,2025-12-10,AV HUT D/P,Heera-Uran Complex,4.9,Estimated,4.9,No,986.4,Synthetic
8521,2025-12-11,AV HUT D/P,Heera-Uran Complex,4.9,Estimated,4.9,No,935.7,Synthetic
8533,2025-12-12,AV HUT D/P,Heera-Uran Complex,4.89,Estimated,4.89,No,957.0,Synthetic
8545,2025-12-13,AV HUT D/P,Heera-Uran Complex,4.89,Estimated,4.89,No,1000.1,Synthetic
8557,2025-12-14,AV HUT D/P,Heera-Uran Complex,4.89,Estimated,4.89,No,967.8,Synthetic
8569,2025-12-15,AV HUT D/P,Heera-Uran Complex,4.89,Estimated,4.89,No,1029.4,Synthetic
8581,2025-12-16,AV HUT D/P,Heera-Uran Complex,4.88,Estimated,4.88,No,972.5,Synthetic
8593,2025-12-17,AV HUT D/P,Heera-Uran Complex,4.88,Estimated,4.88,No,965.5,Synthetic
8605,2025-12-18,AV HUT D/P,Heera-Uran Complex,4.88,Estimated,4.88,No,949.8,Synthetic
8617,2025-12-19,AV HUT D/P,Heera-Uran Complex,4.88,Estimated,4.88,No,961.2,Synthetic
8629,2025-12-20,AV HUT D/P,Heera-Uran Complex,4.88,Estimated,4.88,No,951.8,Synthetic
8641,2025-12-21,AV HUT D/P,Heera-Uran Complex,4.87,Estimated,4.87,No,975.2,Synthetic
8653,2025-12-22,AV HUT D/P,Heera-Uran Complex,4.87,Estimated,4.87,No,981.1,Synthetic
8665,2025-12-23,AV HUT D/P,Heera-Uran Complex,4.87,Estimated,4.87,No,930.0,Synthetic
8677,2025-12-24,AV HUT D/P,Heera-Uran Complex,4.87,Estimated,4.87,No,913.2,Synthetic
8689,2025-12-25,AV HUT D/P,Heera-Uran Complex,4.86,Estimated,4.86,No,897.7,Synthetic
8701,2025-12-26,AV HUT D/P,Heera-Uran Complex,4.86,Estimated,4.86,No,963.2,Synthetic
8713,2025-12-27,AV HUT D/P,Heera-Uran Complex,4.86,Estimated,4.86,No,916.1,Synthetic
8725,2025-12-28,AV HUT D/P,Heera-Uran Complex,4.86,Estimated,4.86,No,885.1,Synthetic
8737,2025-12-29,AV HUT D/P,Heera-Uran Complex,4.85,Estimated,4.85,No,956.1,Synthetic
8749,2025-12-30,AV HUT D/P,Heera-Uran Complex,4.85,Estimated,4.85,No,1014.4,Synthetic
8761,2025-12-31,AV HUT D/P,Heera-Uran Complex,4.85,Estimated,4.85,No,942.4,Synthetic
8773,2026-01-01,AV HUT D/P,Heera-Uran Complex,4.85,Estimated,4.85,No,965.0,Synthetic
8785,2026-01-02,AV HUT D/P,Heera-Uran Complex,4.85,Estimated,4.85,No,942.4,Synthetic
8797,2026-01-03,AV HUT D/P,Heera-Uran Complex,4.84,Estimated,4.84,No,936.1,Synthetic
8809,2026-01-04,AV HUT D/P,Heera-Uran Complex,4.84,Estimated,4.84,No,963.5,Synthetic
8821,2026-01-05,AV HUT D/P,Heera-Uran Complex,4.84,Estimated,4.84,No,928.3,Synthetic
8833,2026-01-06,AV HUT D/P,Heera-Uran Complex,4.84,Estimated,4.84,No,942.7,Synthetic
8845,2026-01-07,AV HUT D/P,Heera-Uran Complex,4.83,Estimated,4.83,No,943.1,Synthetic
8857,2026-01-08,AV HUT D/P,Heera-Uran Complex,4.83,Estimated,4.83,No,914.1,Synthetic
8869,2026-01-09,AV HUT D/P,Heera-Uran Complex,4.83,Estimated,4.83,No,959.3,Synthetic
8881,2026-01-10,AV HUT D/P,Heera-Uran Complex,4.83,Estimated,4.83,No,925.5,Synthetic
8893,2026-01-11,AV HUT D/P,Heera-Uran Complex,4.82,Estimated,4.82,No,908.1,Synthetic
8905,2026-01-12,AV HUT D/P,Heera-Uran Complex,4.82,Estimated,4.82,No,942.9,Synthetic
8917,2026-01-13,AV HUT D/P,Heera-Uran Complex,4.82,Estimated,4.82,No,901.8,Synthetic
8929,2026-01-14,AV HUT D/P,Heera-Uran Complex,4.82,Estimated,4.82,No,926.3,Synthetic
8941,2026-01-15,AV HUT D/P,Heera-Uran Complex,4.82,Estimated,4.82,No,924.1,Synthetic
8953,2026-01-16,AV HUT D/P,Heera-Uran Complex,4.81,Estimated,4.81,No,953.2,Synthetic
8965,2026-01-17,AV HUT D/P,Heera-Uran Complex,4.81,Estimated,4.81,No,935.1,Synthetic
8977,2026-01-18,AV HUT D/P,Heera-Uran Complex,4.81,Estimated,4.81,No,920.1,Synthetic
8989,2026-01-19,AV HUT D/P,Heera-Uran Complex,4.81,Estimated,4.81,No,942.1,Synthetic
9001,2026-01-20,AV HUT D/P,Heera-Uran Complex,4.8,Estimated,4.8,No,956.7,Synthetic
9013,2026-01-21,AV HUT D/P,Heera-Uran Complex,4.8,Estimated,4.8,No,932.5,Synthetic
9025,2026-01-22,AV HUT D/P,Heera-Uran Complex,4.8,Actual,4.8,No,916.2,Synthetic
9037,2026-01-23,AV HUT D/P,Heera-Uran Complex,4.9,Actual,4.9,No,878.3,Synthetic
9049,2026-01-24,AV HUT D/P,Heera-Uran Complex,5.7,Actual,5.7,No,879.9,Synthetic
9061,2026-01-25,AV HUT D/P,Heera-Uran Complex,6.2,Actual,6.2,No,896.9,Synthetic
9073,2026-01-26,AV HUT D/P,Heera-Uran Complex,5.2,Actual,5.2,No,892.5,Synthetic
9085,2026-01-27,AV HUT D/P,Heera-Uran Complex,5.2,Actual,5.2,No,902.8,Synthetic
9097,2026-01-28,AV HUT D/P,Heera-Uran Complex,6.5,Actual,6.5,No,901.6,Synthetic
9109,2026-01-29,AV HUT D/P,Heera-Uran Complex,4.7,Actual,4.7,No,922.5,Synthetic
9121,2026-01-30,AV HUT D/P,Heera-Uran Complex,4.7,Actual,4.7,No,905.0,Synthetic
9133,2026-01-31,AV HUT D/P,Heera-Uran Complex,5.0,Actual,5.0,No,917.4,Synthetic
9145,2026-02-01,AV HUT D/P,Heera-Uran Complex,4.8,Actual,4.8,No,905.7,Synthetic
9157,2026-02-02,AV HUT D/P,Heera-Uran Complex,4.5,Actual,4.5,No,850.7,Synthetic
9169,2026-02-03,AV HUT D/P,Heera-Uran Complex,4.7,Actual,4.7,No,876.7,Synthetic
9181,2026-02-04,AV HUT D/P,Heera-Uran Complex,4.6,Actual,4.6,No,897.6,Synthetic
9193,2026-02-05,AV HUT D/P,Heera-Uran Complex,4.7,Actual,4.7,No,867.1,Synthetic
9205,2026-02-06,AV HUT D/P,Heera-Uran Complex,4.1,Actual,4.1,No,917.9,Synthetic
9217,2026-02-07,AV HUT D/P,Heera-Uran Complex,4.4,Actual,4.4,No,940.2,Synthetic
9229,2026-02-08,AV HUT D/P,Heera-Uran Complex,4.7,Actual,4.7,No,929.0,Synthetic
9241,2026-02-09,AV HUT D/P,Heera-Uran Complex,4.7,Actual,4.7,No,889.3,Synthetic
9253,2026-02-10,AV HUT D/P,Heera-Uran Complex,4.9,Actual,4.9,No,932.8,Synthetic
9265,2026-02-11,AV HUT D/P,Heera-Uran Complex,4.7,Actual,4.7,No,896.7,Synthetic
9277,2026-02-12,AV HUT D/P,Heera-Uran Complex,4.8,Actual,4.8,No,882.0,Synthetic
9289,2026-02-13,AV HUT D/P,Heera-Uran Complex,4.8,Actual,4.8,No,873.5,Synthetic
9301,2026-02-14,AV HUT D/P,Heera-Uran Complex,5.1,Actual,5.1,No,879.1,Synthetic
9313,2026-02-15,AV HUT D/P,Heera-Uran Complex,5.2,Actual,5.2,No,875.2,Synthetic
9325,2026-02-16,AV HUT D/P,Heera-Uran Complex,5.3,Actual,5.3,No,888.4,Synthetic
9337,2026-02-17,AV HUT D/P,Heera-Uran Complex,5.9,Actual,5.9,No,883.9,Synthetic
9349,2026-02-18,AV HUT D/P,Heera-Uran Complex,5.2,Actual,5.2,No,882.1,Synthetic
9361,2026-02-19,AV HUT D/P,Heera-Uran Complex,5.9,Actual,5.9,No,888.9,Synthetic
9373,2026-02-20,AV HUT D/P,Heera-Uran Complex,5.2,Actual,5.2,No,911.1,Synthetic
9385,2026-02-21,AV HUT D/P,Heera-Uran Complex,5.3,Actual,5.3,No,903.1,Synthetic
9397,2026-02-22,AV HUT D/P,Heera-Uran Complex,5.4,Actual,5.4,No,837.4,Synthetic
9409,2026-02-23,AV HUT D/P,Heera-Uran Complex,5.4,Actual,5.4,No,808.2,Synthetic
9421,2026-02-24,AV HUT D/P,Heera-Uran Complex,5.6,Actual,5.6,No,897.6,Synthetic
2,2024-01-01,BHS,Mumbai High Complex,5.0,Actual,5.0,No,1604.5,Synthetic
14,2024-01-02,BHS,Mumbai High Complex,5.0,Actual,5.0,No,1660.0,Synthetic
26,2024-01-03,BHS,Mumbai High Complex,4.6,Actual,4.6,No,1614.5,Synthetic
38,2024-01-04,BHS,Mumbai High Complex,7.0,Actual,7.0,No,1559.6,Synthetic
50,2024-01-05,BHS,Mumbai High Complex,5.0,Actual,5.0,No,1692.9,Synthetic
62,2024-01-06,BHS,Mumbai High Complex,6.0,Actual,6.0,No,1692.2,Synthetic
74,2024-01-07,BHS,Mumbai High Complex,5.0,Actual,5.0,No,1633.4,Synthetic
86,2024-01-08,BHS,Mumbai High Complex,4.5,Actual,4.5,No,1535.6,Synthetic
98,2024-01-09,BHS,Mumbai High Complex,4.5,Actual,4.5,No,1636.0,Synthetic
110,2024-01-10,BHS,Mumbai High Complex,4.6,Actual,4.6,No,1680.0,Synthetic
122,2024-01-11,BHS,Mumbai High Complex,4.8,Actual,4.8,No,1583.3,Synthetic
134,2024-01-12,BHS,Mumbai High Complex,5.3,Actual,5.3,No,1659.4,Synthetic
146,2024-01-13,BHS,Mumbai High Complex,5.0,Actual,5.0,No,1650.5,Synthetic
158,2024-01-14,BHS,Mumbai High Complex,5.2,Actual,5.2,No,1676.2,Synthetic
170,2024-01-15,BHS,Mumbai High Complex,6.6,Actual,6.6,No,1638.6,Synthetic
182,2024-01-16,BHS,Mumbai High Complex,5.9,Actual,5.9,No,1589.7,Synthetic
194,2024-01-17,BHS,Mumbai High Complex,5.6,Actual,5.6,No,1697.3,Synthetic
206,2024-01-18,BHS,Mumbai High Complex,5.9,Actual,5.9,No,1626.1,Synthetic
218,2024-01-19,BHS,Mumbai High Complex,5.5,Actual,5.5,No,1634.5,Synthetic
230,2024-01-20,BHS,Mumbai High Complex,4.8,Actual,4.8,No,1594.6,Synthetic
242,2024-01-21,BHS,Mumbai High Complex,5.0,Actual,5.0,No,1615.1,Synthetic
254,2024-01-22,BHS,Mumbai High Complex,5.0,Actual,5.0,No,1591.7,Synthetic
266,2024-01-23,BHS,Mumbai High Complex,5.0,Actual,5.0,No,1624.8,Synthetic
278,2024-01-24,BHS,Mumbai High Complex,5.7,Actual,5.7,No,1708.5,Synthetic
290,2024-01-25,BHS,Mumbai High Complex,5.6,Actual,5.6,No,1557.4,Synthetic
302,2024-01-26,BHS,Mumbai High Complex,5.0,Actual,5.0,No,1549.2,Synthetic
314,2024-01-27,BHS,Mumbai High Complex,5.7,Actual,5.7,No,1691.2,Synthetic
326,2024-01-28,BHS,Mumbai High Complex,6.0,Actual,6.0,No,1605.1,Synthetic
338,2024-01-29,BHS,Mumbai High Complex,6.5,Actual,6.5,No,1576.6,Synthetic
350,2024-01-30,BHS,Mumbai High Complex,5.4,Actual,5.4,No,1667.6,Synthetic
362,2024-01-31,BHS,Mumbai High Complex,5.4,Actual,5.4,No,1586.1,Synthetic
374,2024-02-01,BHS,Mumbai High Complex,5.5,Actual,5.5,No,1701.1,Synthetic
386,2024-02-02,BHS,Mumbai High Complex,5.4,Actual,5.4,No,1644.7,Synthetic
398,2024-02-03,BHS,Mumbai High Complex,5.4,Actual,5.4,No,1586.5,Synthetic
410,2024-02-04,BHS,Mumbai High Complex,5.5,Actual,5.5,No,1711.5,Synthetic
422,2024-02-05,BHS,Mumbai High Complex,5.2,Actual,5.2,No,1579.2,Synthetic
434,2024-02-06,BHS,Mumbai High Complex,4.9,Actual,4.9,No,1645.2,Synthetic
446,2024-02-07,BHS,Mumbai High Complex,4.8,Actual,4.8,No,1623.0,Synthetic
458,2024-02-08,BHS,Mumbai High Complex,5.4,Actual,5.4,No,1663.9,Synthetic
470,2024-02-09,BHS,Mumbai High Complex,5.0,Actual,5.0,No,1678.3,Synthetic
482,2024-02-10,BHS,Mumbai High Complex,5.7,Actual,5.7,No,1596.6,Synthetic
494,2024-02-11,BHS,Mumbai High Complex,5.8,Actual,5.8,No,1556.5,Synthetic
506,2024-02-12,BHS,Mumbai High Complex,5.5,Actual,5.5,No,1615.4,Synthetic
518,2024-02-13,BHS,Mumbai High Complex,5.0,Actual,5.0,No,1563.8,Synthetic
530,2024-02-14,BHS,Mumbai High Complex,5.2,Actual,5.2,No,1688.9,Synthetic
542,2024-02-15,BHS,Mumbai High Complex,5.2,Actual,5.2,No,1597.4,Synthetic
554,2024-02-16,BHS,Mumbai High Complex,5.0,Actual,5.0,No,1573.5,Synthetic
566,2024-02-17,BHS,Mumbai High Complex,4.5,Actual,4.5,No,1602.6,Synthetic
578,2024-02-18,BHS,Mumbai High Complex,8.0,Actual,8.0,No,1497.5,Synthetic
590,2024-02-19,BHS,Mumbai High Complex,5.0,Actual,5.0,No,1539.5,Synthetic
602,2024-02-20,BHS,Mumbai High Complex,6.0,Actual,6.0,No,1631.8,Synthetic
614,2024-02-21,BHS,Mumbai High Complex,6.0,Actual,6.0,No,1542.3,Synthetic
626,2024-02-22,BHS,Mumbai High Complex,5.0,Actual,5.0,No,1530.9,Synthetic
638,2024-02-23,BHS,Mumbai High Complex,5.0,Actual,5.0,No,1604.3,Synthetic
650,2024-02-24,BHS,Mumbai High Complex,4.5,Actual,4.5,No,1637.8,Synthetic
662,2024-02-25,BHS,Mumbai High Complex,5.0,Actual,5.0,No,1609.4,Synthetic
674,2024-02-26,BHS,Mumbai High Complex,4.8,Actual,4.8,No,1622.5,Synthetic
686,2024-02-27,BHS,Mumbai High Complex,6.0,Actual,6.0,No,1527.6,Synthetic
698,2024-02-28,BHS,Mumbai High Complex,5.3,Actual,5.3,No,1500.7,Synthetic
710,2024-02-29,BHS,Mumbai High Complex,6.0,Actual,6.0,No,1629.9,Synthetic
722,2024-03-01,BHS,Mumbai High Complex,5.1,Actual,5.1,No,1550.7,Synthetic
734,2024-03-02,BHS,Mumbai High Complex,5.2,Actual,5.2,No,1551.5,Synthetic
746,2024-03-03,BHS,Mumbai High Complex,5.5,Actual,5.5,No,1621.1,Synthetic
758,2024-03-04,BHS,Mumbai High Complex,4.5,Actual,4.5,No,1592.2,Synthetic
770,2024-03-05,BHS,Mumbai High Complex,5.5,Actual,5.5,No,1576.8,Synthetic
782,2024-03-06,BHS,Mumbai High Complex,6.2,Actual,6.2,No,1648.2,Synthetic
794,2024-03-07,BHS,Mumbai High Complex,6.2,Actual,6.2,No,1516.1,Synthetic
806,2024-03-08,BHS,Mumbai High Complex,5.5,Actual,5.5,No,1593.6,Synthetic
818,2024-03-09,BHS,Mumbai High Complex,6.2,Actual,6.2,No,1545.2,Synthetic
830,2024-03-10,BHS,Mumbai High Complex,6.3,Actual,6.3,No,1552.4,Synthetic
842,2024-03-11,BHS,Mumbai High Complex,6.3,Actual,6.3,No,1608.9,Synthetic
854,2024-03-12,BHS,Mumbai High Complex,5.3,Actual,5.3,No,1569.0,Synthetic
866,2024-03-13,BHS,Mumbai High Complex,5.4,Actual,5.4,No,1567.8,Synthetic
878,2024-03-14,BHS,Mumbai High Complex,5.6,Actual,5.6,No,1588.9,Synthetic
890,2024-03-15,BHS,Mumbai High Complex,5.8,Actual,5.8,No,1519.2,Synthetic
902,2024-03-16,BHS,Mumbai High Complex,6.5,Actual,6.5,No,1489.7,Synthetic
914,2024-03-17,BHS,Mumbai High Complex,6.5,Actual,6.5,No,1478.7,Synthetic
926,2024-03-18,BHS,Mumbai High Complex,5.6,Actual,5.6,No,1442.3,Synthetic
938,2024-03-19,BHS,Mumbai High Complex,5.6,Actual,5.6,No,1625.5,Synthetic
950,2024-03-20,BHS,Mumbai High Complex,6.6,Actual,6.6,No,1470.3,Synthetic
962,2024-03-21,BHS,Mumbai High Complex,6.5,Actual,6.5,No,1509.8,Synthetic
974,2024-03-22,BHS,Mumbai High Complex,6.4,Actual,6.4,No,1506.5,Synthetic
986,2024-03-23,BHS,Mumbai High Complex,6.5,Actual,6.5,No,1530.5,Synthetic
998,2024-03-24,BHS,Mumbai High Complex,6.5,Actual,6.5,No,1552.0,Synthetic
1010,2024-03-25,BHS,Mumbai High Complex,6.6,Actual,6.6,No,1551.4,Synthetic
1022,2024-03-26,BHS,Mumbai High Complex,6.1,Actual,6.1,No,1488.5,Synthetic
1034,2024-03-27,BHS,Mumbai High Complex,6.8,Actual,6.8,No,1499.8,Synthetic
1046,2024-03-28,BHS,Mumbai High Complex,6.9,Actual,6.9,No,1517.6,Synthetic
1058,2024-03-29,BHS,Mumbai High Complex,6.0,Actual,6.0,No,1499.6,Synthetic
1070,2024-03-30,BHS,Mumbai High Complex,6.9,Actual,6.9,No,1573.9,Synthetic
1082,2024-03-31,BHS,Mumbai High Complex,6.7,Actual,6.7,No,1523.7,Synthetic
1094,2024-04-01,BHS,Mumbai High Complex,6.8,Actual,6.8,No,1532.2,Synthetic
1106,2024-04-02,BHS,Mumbai High Complex,7.3,Actual,7.3,No,1522.9,Synthetic
1118,2024-04-03,BHS,Mumbai High Complex,7.1,Actual,7.1,No,1545.8,Synthetic
1130,2024-04-04,BHS,Mumbai High Complex,7.8,Actual,7.8,No,1493.7,Synthetic
1142,2024-04-05,BHS,Mumbai High Complex,6.8,Actual,6.8,No,1434.5,Synthetic
1154,2024-04-06,BHS,Mumbai High Complex,6.0,Actual,6.0,No,1515.7,Synthetic
1166,2024-04-07,BHS,Mumbai High Complex,6.6,Actual,6.6,No,1461.9,Synthetic
1178,2024-04-08,BHS,Mumbai High Complex,6.5,Actual,6.5,No,1466.6,Synthetic
1190,2024-04-09,BHS,Mumbai High Complex,7.0,Actual,7.0,No,1510.5,Synthetic
1202,2024-04-10,BHS,Mumbai High Complex,6.5,Actual,6.5,No,1542.2,Synthetic
1214,2024-04-11,BHS,Mumbai High Complex,6.6,Actual,6.6,No,1485.4,Synthetic
1226,2024-04-12,BHS,Mumbai High Complex,7.8,Actual,7.8,No,1486.4,Synthetic
1238,2024-04-13,BHS,Mumbai High Complex,6.7,Actual,6.7,No,1556.0,Synthetic
1250,2024-04-14,BHS,Mumbai High Complex,6.5,Actual,6.5,No,1491.2,Synthetic
1262,2024-04-15,BHS,Mumbai High Complex,6.3,Actual,6.3,No,1596.1,Synthetic
1274,2024-04-16,BHS,Mumbai High Complex,7.2,Actual,7.2,No,1496.3,Synthetic
1286,2024-04-17,BHS,Mumbai High Complex,7.0,Actual,7.0,No,1393.7,Synthetic
1298,2024-04-18,BHS,Mumbai High Complex,6.0,Actual,6.0,No,1511.6,Synthetic
1310,2024-04-19,BHS,Mumbai High Complex,5.1,Actual,5.1,No,1501.1,Synthetic
1322,2024-04-20,BHS,Mumbai High Complex,4.4,Actual,4.4,No,1546.0,Synthetic
1334,2024-04-21,BHS,Mumbai High Complex,4.2,Actual,4.2,No,1518.5,Synthetic
1346,2024-04-22,BHS,Mumbai High Complex,5.5,Actual,5.5,No,1469.8,Synthetic
1358,2024-04-23,BHS,Mumbai High Complex,5.9,Actual,5.9,No,1417.0,Synthetic
1370,2024-04-24,BHS,Mumbai High Complex,6.3,Actual,6.3,No,1456.8,Synthetic
1382,2024-04-25,BHS,Mumbai High Complex,5.6,Actual,5.6,No,1432.8,Synthetic
1394,2024-04-26,BHS,Mumbai High Complex,6.2,Actual,6.2,No,1438.2,Synthetic
1406,2024-04-27,BHS,Mumbai High Complex,6.1,Actual,6.1,No,1488.7,Synthetic
1418,2024-04-28,BHS,Mumbai High Complex,6.1,Actual,6.1,No,1534.5,Synthetic
1430,2024-04-29,BHS,Mumbai High Complex,7.1,Actual,7.1,No,1468.6,Synthetic
1442,2024-04-30,BHS,Mumbai High Complex,7.6,Actual,7.6,No,1393.8,Synthetic
1454,2024-05-01,BHS,Mumbai High Complex,5.6,Actual,5.6,No,1480.1,Synthetic
1466,2024-05-02,BHS,Mumbai High Complex,6.5,Actual,6.5,No,1503.7,Synthetic
1478,2024-05-03,BHS,Mumbai High Complex,6.4,Actual,6.4,No,1424.3,Synthetic
1490,2024-05-04,BHS,Mumbai High Complex,6.5,Actual,6.5,No,1442.6,Synthetic
1502,2024-05-05,BHS,Mumbai High Complex,6.7,Actual,6.7,No,1445.8,Synthetic
1514,2024-05-06,BHS,Mumbai High Complex,6.6,Actual,6.6,No,1410.4,Synthetic
1526,2024-05-07,BHS,Mumbai High Complex,6.9,Actual,6.9,No,1468.4,Synthetic
1538,2024-05-08,BHS,Mumbai High Complex,6.8,Actual,6.8,No,1434.4,Synthetic
1550,2024-05-09,BHS,Mumbai High Complex,6.9,Actual,6.9,No,1455.3,Synthetic
1562,2024-05-10,BHS,Mumbai High Complex,7.3,Actual,7.3,No,1394.2,Synthetic
1574,2024-05-11,BHS,Mumbai High Complex,6.9,Actual,6.9,No,1415.3,Synthetic
1586,2024-05-12,BHS,Mumbai High Complex,7.2,Actual,7.2,No,1461.1,Synthetic
1598,2024-05-13,BHS,Mumbai High Complex,7.3,Actual,7.3,No,1411.7,Synthetic
1610,2024-05-14,BHS,Mumbai High Complex,6.9,Actual,6.9,No,1503.5,Synthetic
1622,2024-05-15,BHS,Mumbai High Complex,6.6,Actual,6.6,No,1413.1,Synthetic
1634,2024-05-16,BHS,Mumbai High Complex,6.8,Actual,6.8,No,1436.7,Synthetic
1646,2024-05-17,BHS,Mumbai High Complex,7.7,Actual,7.7,No,1457.9,Synthetic
1658,2024-05-18,BHS,Mumbai High Complex,7.8,Actual,7.8,No,1355.6,Synthetic
1670,2024-05-19,BHS,Mumbai High Complex,8.0,Actual,8.0,No,1338.0,Synthetic
1682,2024-05-20,BHS,Mumbai High Complex,8.1,Actual,8.1,No,1345.8,Synthetic
1694,2024-05-21,BHS,Mumbai High Complex,7.9,Actual,7.9,No,1463.8,Synthetic
1706,2024-05-22,BHS,Mumbai High Complex,7.3,Actual,7.3,No,1390.3,Synthetic
1718,2024-05-23,BHS,Mumbai High Complex,7.8,Actual,7.8,No,1516.2,Synthetic
1730,2024-05-24,BHS,Mumbai High Complex,6.0,Actual,6.0,No,1397.1,Synthetic
1742,2024-05-25,BHS,Mumbai High Complex,6.6,Actual,6.6,No,1422.5,Synthetic
1754,2024-05-26,BHS,Mumbai High Complex,5.6,Actual,5.6,No,1487.0,Synthetic
1766,2024-05-27,BHS,Mumbai High Complex,6.0,Actual,6.0,No,1501.7,Synthetic
1778,2024-05-28,BHS,Mumbai High Complex,6.0,Actual,6.0,No,1502.4,Synthetic
1790,2024-05-29,BHS,Mumbai High Complex,6.0,Actual,6.0,No,1464.6,Synthetic
1802,2024-05-30,BHS,Mumbai High Complex,6.1,Actual,6.1,No,1454.4,Synthetic
1814,2024-05-31,BHS,Mumbai High Complex,6.0,Actual,6.0,No,1435.3,Synthetic
1826,2024-06-01,BHS,Mumbai High Complex,7.9,Actual,7.9,No,1426.0,Synthetic
1838,2024-06-02,BHS,Mumbai High Complex,5.6,Actual,5.6,No,1387.1,Synthetic
1850,2024-06-03,BHS,Mumbai High Complex,5.1,Actual,5.1,No,1378.2,Synthetic
1862,2024-06-04,BHS,Mumbai High Complex,5.7,Actual,5.7,No,1406.4,Synthetic
1874,2024-06-05,BHS,Mumbai High Complex,5.0,Actual,5.0,No,1403.4,Synthetic
1886,2024-06-06,BHS,Mumbai High Complex,5.5,Actual,5.5,No,1385.9,Synthetic
1898,2024-06-07,BHS,Mumbai High Complex,5.4,Actual,5.4,No,1433.6,Synthetic
1910,2024-06-08,BHS,Mumbai High Complex,5.9,Actual,5.9,No,1438.9,Synthetic
1922,2024-06-09,BHS,Mumbai High Complex,5.8,Actual,5.8,No,1401.7,Synthetic
1934,2024-06-10,BHS,Mumbai High Complex,5.6,Actual,5.6,No,1460.1,Synthetic
1946,2024-06-11,BHS,Mumbai High Complex,5.9,Actual,5.9,No,1346.4,Synthetic
1958,2024-06-12,BHS,Mumbai High Complex,5.8,Actual,5.8,No,1385.4,Synthetic
1970,2024-06-13,BHS,Mumbai High Complex,6.0,Actual,6.0,No,1360.5,Synthetic
1982,2024-06-14,BHS,Mumbai High Complex,6.3,Actual,6.3,No,1308.8,Synthetic
1994,2024-06-15,BHS,Mumbai High Complex,7.5,Actual,7.5,No,1372.1,Synthetic
2006,2024-06-16,BHS,Mumbai High Complex,6.0,Actual,6.0,No,1380.7,Synthetic
2018,2024-06-17,BHS,Mumbai High Complex,6.5,Actual,6.5,No,1443.0,Synthetic
2030,2024-06-18,BHS,Mumbai High Complex,6.4,Actual,6.4,No,1405.7,Synthetic
2042,2024-06-19,BHS,Mumbai High Complex,6.4,Actual,6.4,No,1335.8,Synthetic
2054,2024-06-20,BHS,Mumbai High Complex,6.2,Actual,6.2,No,1454.8,Synthetic
2066,2024-06-21,BHS,Mumbai High Complex,7.1,Actual,7.1,No,1419.8,Synthetic
2078,2024-06-22,BHS,Mumbai High Complex,7.2,Actual,7.2,No,1391.2,Synthetic
2090,2024-06-23,BHS,Mumbai High Complex,6.9,Actual,6.9,No,1358.9,Synthetic
2102,2024-06-24,BHS,Mumbai High Complex,6.8,Actual,6.8,No,1328.1,Synthetic
2114,2024-06-25,BHS,Mumbai High Complex,7.1,Actual,7.1,No,1348.4,Synthetic
2126,2024-06-26,BHS,Mumbai High Complex,6.6,Actual,6.6,No,1410.7,Synthetic
2138,2024-06-27,BHS,Mumbai High Complex,6.5,Actual,6.5,No,1442.5,Synthetic
2150,2024-06-28,BHS,Mumbai High Complex,6.7,Actual,6.7,No,1425.3,Synthetic
2162,2024-06-29,BHS,Mumbai High Complex,6.6,Actual,6.6,No,1341.6,Synthetic
2174,2024-06-30,BHS,Mumbai High Complex,6.6,Actual,6.6,No,1314.4,Synthetic
2186,2024-07-01,BHS,Mumbai High Complex,6.6,Actual,6.6,No,1364.3,Synthetic
2198,2024-07-02,BHS,Mumbai High Complex,6.7,Actual,6.7,No,1284.4,Synthetic
2210,2024-07-03,BHS,Mumbai High Complex,6.3,Actual,6.3,No,1371.1,Synthetic
2222,2024-07-04,BHS,Mumbai High Complex,6.3,Actual,6.3,No,1350.4,Synthetic
2234,2024-07-05,BHS,Mumbai High Complex,6.9,Actual,6.9,No,1331.5,Synthetic
2246,2024-07-06,BHS,Mumbai High Complex,5.3,Actual,5.3,No,1296.1,Synthetic
2258,2024-07-07,BHS,Mumbai High Complex,6.4,Actual,6.4,No,1372.1,Synthetic
2270,2024-07-08,BHS,Mumbai High Complex,6.4,Actual,6.4,No,1328.2,Synthetic
2282,2024-07-09,BHS,Mumbai High Complex,5.5,Actual,5.5,No,1307.6,Synthetic
2294,2024-07-10,BHS,Mumbai High Complex,5.8,Actual,5.8,No,1235.0,Synthetic
2306,2024-07-11,BHS,Mumbai High Complex,5.8,Actual,5.8,No,1348.8,Synthetic
2318,2024-07-12,BHS,Mumbai High Complex,5.5,Actual,5.5,No,1422.6,Synthetic
2330,2024-07-13,BHS,Mumbai High Complex,4.6,Actual,4.6,No,1423.8,Synthetic
2342,2024-07-14,BHS,Mumbai High Complex,4.7,Actual,4.7,No,1335.4,Synthetic
2354,2024-07-15,BHS,Mumbai High Complex,4.7,Actual,4.7,No,1328.0,Synthetic
2366,2024-07-16,BHS,Mumbai High Complex,5.2,Actual,5.2,No,1366.1,Synthetic
2378,2024-07-17,BHS,Mumbai High Complex,5.0,Actual,5.0,No,1306.8,Synthetic
2390,2024-07-18,BHS,Mumbai High Complex,4.9,Actual,4.9,No,1358.7,Synthetic
2402,2024-07-19,BHS,Mumbai High Complex,5.0,Actual,5.0,No,1375.1,Synthetic
2414,2024-07-20,BHS,Mumbai High Complex,5.4,Actual,5.4,No,1389.1,Synthetic
2426,2024-07-21,BHS,Mumbai High Complex,5.4,Actual,5.4,No,1334.3,Synthetic
2438,2024-07-22,BHS,Mumbai High Complex,5.5,Actual,5.5,No,1327.9,Synthetic
2450,2024-07-23,BHS,Mumbai High Complex,5.4,Actual,5.4,No,1300.2,Synthetic
2462,2024-07-24,BHS,Mumbai High Complex,5.3,Actual,5.3,No,1301.5,Synthetic
2474,2024-07-25,BHS,Mumbai High Complex,4.8,Actual,4.8,No,1327.9,Synthetic
2486,2024-07-26,BHS,Mumbai High Complex,4.8,Actual,4.8,No,1350.2,Synthetic
2498,2024-07-27,BHS,Mumbai High Complex,5.5,Actual,5.5,No,1365.2,Synthetic
2510,2024-07-28,BHS,Mumbai High Complex,5.2,Actual,5.2,No,1297.5,Synthetic
2522,2024-07-29,BHS,Mumbai High Complex,5.7,Actual,5.7,No,1383.7,Synthetic
2534,2024-07-30,BHS,Mumbai High Complex,5.8,Actual,5.8,No,1311.4,Synthetic
2546,2024-07-31,BHS,Mumbai High Complex,5.8,Actual,5.8,No,1319.9,Synthetic
2558,2024-08-01,BHS,Mumbai High Complex,5.7,Actual,5.7,No,1290.4,Synthetic
2570,2024-08-02,BHS,Mumbai High Complex,5.9,Actual,5.9,No,1221.3,Synthetic
2582,2024-08-03,BHS,Mumbai High Complex,6.0,Actual,6.0,No,1349.8,Synthetic
2594,2024-08-04,BHS,Mumbai High Complex,5.7,Actual,5.7,No,1344.8,Synthetic
2606,2024-08-05,BHS,Mumbai High Complex,6.5,Actual,6.5,No,1297.2,Synthetic
2618,2024-08-06,BHS,Mumbai High Complex,5.8,Actual,5.8,No,1314.7,Synthetic
2630,2024-08-07,BHS,Mumbai High Complex,5.7,Actual,5.7,No,1331.7,Synthetic
2642,2024-08-08,BHS,Mumbai High Complex,5.9,Actual,5.9,No,1247.1,Synthetic
2654,2024-08-09,BHS,Mumbai High Complex,5.9,Actual,5.9,No,1286.3,Synthetic
2666,2024-08-10,BHS,Mumbai High Complex,6.0,Actual,6.0,No,1335.9,Synthetic
2678,2024-08-11,BHS,Mumbai High Complex,5.3,Actual,5.3,No,1259.4,Synthetic
2690,2024-08-12,BHS,Mumbai High Complex,5.8,Actual,5.8,No,1315.0,Synthetic
2702,2024-08-13,BHS,Mumbai High Complex,5.8,Actual,5.8,No,1249.1,Synthetic
2714,2024-08-14,BHS,Mumbai High Complex,5.8,Actual,5.8,No,1318.8,Synthetic
2726,2024-08-15,BHS,Mumbai High Complex,6.0,Actual,6.0,No,1296.3,Synthetic
2738,2024-08-16,BHS,Mumbai High Complex,5.1,Actual,5.1,No,1239.8,Synthetic
2750,2024-08-17,BHS,Mumbai High Complex,5.8,Actual,5.8,No,1341.7,Synthetic
2762,2024-08-18,BHS,Mumbai High Complex,5.4,Actual,5.4,No,1269.3,Synthetic
2774,2024-08-19,BHS,Mumbai High Complex,5.7,Actual,5.7,No,1262.8,Synthetic
2786,2024-08-20,BHS,Mumbai High Complex,5.7,Actual,5.7,No,1300.6,Synthetic
2798,2024-08-21,BHS,Mumbai High Complex,6.0,Actual,6.0,No,1333.7,Synthetic
2810,2024-08-22,BHS,Mumbai High Complex,6.0,Actual,6.0,No,1248.6,Synthetic
2822,2024-08-23,BHS,Mumbai High Complex,5.9,Actual,5.9,No,1289.5,Synthetic
2834,2024-08-24,BHS,Mumbai High Complex,5.8,Actual,5.8,No,1303.0,Synthetic
2846,2024-08-25,BHS,Mumbai High Complex,5.4,Actual,5.4,No,1314.8,Synthetic
2858,2024-08-26,BHS,Mumbai High Complex,5.5,Actual,5.5,No,1292.7,Synthetic
2870,2024-08-27,BHS,Mumbai High Complex,5.7,Actual,5.7,No,1268.9,Synthetic
2882,2024-08-28,BHS,Mumbai High Complex,5.7,Actual,5.7,No,1249.8,Synthetic
2894,2024-08-29,BHS,Mumbai High Complex,5.4,Actual,5.4,No,1285.7,Synthetic
2906,2024-08-30,BHS,Mumbai High Complex,5.6,Actual,5.6,No,1238.4,Synthetic
2918,2024-08-31,BHS,Mumbai High Complex,5.8,Actual,5.8,No,1164.8,Synthetic
2930,2024-09-01,BHS,Mumbai High Complex,6.1,Actual,6.1,No,1289.8,Synthetic
2942,2024-09-02,BHS,Mumbai High Complex,6.4,Actual,6.4,No,1304.0,Synthetic
2954,2024-09-03,BHS,Mumbai High Complex,6.7,Actual,6.7,No,1176.2,Synthetic
2966,2024-09-04,BHS,Mumbai High Complex,6.6,Actual,6.6,No,1227.0,Synthetic
2978,2024-09-05,BHS,Mumbai High Complex,6.5,Actual,6.5,No,1288.1,Synthetic
2990,2024-09-06,BHS,Mumbai High Complex,5.3,Actual,5.3,No,1350.4,Synthetic
3002,2024-09-07,BHS,Mumbai High Complex,4.9,Actual,4.9,No,1274.2,Synthetic
3014,2024-09-08,BHS,Mumbai High Complex,5.2,Actual,5.2,No,1242.1,Synthetic
3026,2024-09-09,BHS,Mumbai High Complex,5.1,Actual,5.1,No,1262.2,Synthetic
3038,2024-09-10,BHS,Mumbai High Complex,5.1,Actual,5.1,No,1320.1,Synthetic
3050,2024-09-11,BHS,Mumbai High Complex,5.2,Actual,5.2,No,1241.2,Synthetic
3062,2024-09-12,BHS,Mumbai High Complex,5.1,Actual,5.1,No,1234.7,Synthetic
3074,2024-09-13,BHS,Mumbai High Complex,5.3,Actual,5.3,No,1243.9,Synthetic
3086,2024-09-14,BHS,Mumbai High Complex,5.3,Actual,5.3,No,1224.8,Synthetic
3098,2024-09-15,BHS,Mumbai High Complex,5.1,Actual,5.1,No,1265.5,Synthetic
3110,2024-09-16,BHS,Mumbai High Complex,5.0,Actual,5.0,No,1321.6,Synthetic
3122,2024-09-17,BHS,Mumbai High Complex,5.0,Actual,5.0,No,1271.0,Synthetic
3134,2024-09-18,BHS,Mumbai High Complex,5.0,Actual,5.0,No,1247.9,Synthetic
3146,2024-09-19,BHS,Mumbai High Complex,5.3,Actual,5.3,No,1243.0,Synthetic
3158,2024-09-20,BHS,Mumbai High Complex,5.3,Actual,5.3,No,1193.8,Synthetic
3170,2024-09-21,BHS,Mumbai High Complex,5.3,Actual,5.3,No,1284.4,Synthetic
3182,2024-09-22,BHS,Mumbai High Complex,5.5,Actual,5.5,No,1245.5,Synthetic
3194,2024-09-23,BHS,Mumbai High Complex,5.1,Actual,5.1,No,1243.1,Synthetic
3206,2024-09-24,BHS,Mumbai High Complex,5.5,Actual,5.5,No,1365.0,Synthetic
3218,2024-09-25,BHS,Mumbai High Complex,5.2,Actual,5.2,No,1257.6,Synthetic
3230,2024-09-26,BHS,Mumbai High Complex,5.2,Actual,5.2,No,1217.0,Synthetic
3242,2024-09-27,BHS,Mumbai High Complex,5.2,Actual,5.2,No,1227.8,Synthetic
3254,2024-09-28,BHS,Mumbai High Complex,5.5,Actual,5.5,No,1283.0,Synthetic
3266,2024-09-29,BHS,Mumbai High Complex,5.4,Actual,5.4,No,1243.8,Synthetic
3278,2024-09-30,BHS,Mumbai High Complex,5.5,Actual,5.5,No,1184.1,Synthetic
3290,2024-10-01,BHS,Mumbai High Complex,5.5,Actual,5.5,No,1270.3,Synthetic
3302,2024-10-02,BHS,Mumbai High Complex,5.4,Actual,5.4,No,1210.8,Synthetic
3314,2024-10-03,BHS,Mumbai High Complex,5.4,Actual,5.4,No,1303.5,Synthetic
3326,2024-10-04,BHS,Mumbai High Complex,5.6,Actual,5.6,No,1271.3,Synthetic
3338,2024-10-05,BHS,Mumbai High Complex,5.9,Actual,5.9,No,1211.5,Synthetic
3350,2024-10-06,BHS,Mumbai High Complex,5.3,Actual,5.3,No,1278.1,Synthetic
3362,2024-10-07,BHS,Mumbai High Complex,5.8,Actual,5.8,No,1228.5,Synthetic
3374,2024-10-08,BHS,Mumbai High Complex,5.7,Actual,5.7,No,1256.7,Synthetic
3386,2024-10-09,BHS,Mumbai High Complex,5.7,Actual,5.7,No,1241.8,Synthetic
3398,2024-10-10,BHS,Mumbai High Complex,6.1,Actual,6.1,No,1188.9,Synthetic
3410,2024-10-11,BHS,Mumbai High Complex,6.4,Actual,6.4,No,1193.0,Synthetic
3422,2024-10-12,BHS,Mumbai High Complex,6.4,Actual,6.4,No,1252.7,Synthetic
3434,2024-10-13,BHS,Mumbai High Complex,6.4,Actual,6.4,No,1201.6,Synthetic
3446,2024-10-14,BHS,Mumbai High Complex,6.2,Actual,6.2,No,1199.2,Synthetic
3458,2024-10-15,BHS,Mumbai High Complex,6.2,Actual,6.2,No,1177.8,Synthetic
3470,2024-10-16,BHS,Mumbai High Complex,6.3,Actual,6.3,No,1225.9,Synthetic
3482,2024-10-17,BHS,Mumbai High Complex,5.8,Actual,5.8,No,1287.7,Synthetic
3494,2024-10-18,BHS,Mumbai High Complex,5.8,Actual,5.8,No,1172.5,Synthetic
3506,2024-10-19,BHS,Mumbai High Complex,6.6,Actual,6.6,No,1205.4,Synthetic
3518,2024-10-20,BHS,Mumbai High Complex,6.8,Actual,6.8,No,1252.7,Synthetic
3530,2024-10-21,BHS,Mumbai High Complex,6.9,Actual,6.9,No,1197.0,Synthetic
3542,2024-10-22,BHS,Mumbai High Complex,6.8,Actual,6.8,No,1215.5,Synthetic
3554,2024-10-23,BHS,Mumbai High Complex,6.1,Actual,6.1,No,1164.3,Synthetic
3566,2024-10-24,BHS,Mumbai High Complex,6.4,Actual,6.4,No,1214.7,Synthetic
3578,2024-10-25,BHS,Mumbai High Complex,6.0,Actual,6.0,No,1194.0,Synthetic
3590,2024-10-26,BHS,Mumbai High Complex,6.0,Actual,6.0,No,1234.9,Synthetic
3602,2024-10-27,BHS,Mumbai High Complex,5.8,Actual,5.8,No,1242.2,Synthetic
3614,2024-10-28,BHS,Mumbai High Complex,5.8,Actual,5.8,No,1291.2,Synthetic
3626,2024-10-29,BHS,Mumbai High Complex,5.2,Actual,5.2,No,1221.8,Synthetic
3638,2024-10-30,BHS,Mumbai High Complex,5.2,Actual,5.2,No,1211.3,Synthetic
3650,2024-10-31,BHS,Mumbai High Complex,5.5,Actual,5.5,No,1203.2,Synthetic
3662,2024-11-01,BHS,Mumbai High Complex,5.7,Actual,5.7,No,1181.0,Synthetic
3674,2024-11-02,BHS,Mumbai High Complex,6.3,Actual,6.3,No,1200.3,Synthetic
3686,2024-11-03,BHS,Mumbai High Complex,5.1,Actual,5.1,No,1184.5,Synthetic
3698,2024-11-04,BHS,Mumbai High Complex,5.4,Actual,5.4,No,1197.7,Synthetic
3710,2024-11-05,BHS,Mumbai High Complex,5.9,Actual,5.9,No,1234.0,Synthetic
3722,2024-11-06,BHS,Mumbai High Complex,5.8,Actual,5.8,No,1150.6,Synthetic
3734,2024-11-07,BHS,Mumbai High Complex,5.5,Actual,5.5,No,1227.7,Synthetic
3746,2024-11-08,BHS,Mumbai High Complex,5.6,Actual,5.6,No,1232.0,Synthetic
3758,2024-11-09,BHS,Mumbai High Complex,5.9,Actual,5.9,No,1177.7,Synthetic
3770,2024-11-10,BHS,Mumbai High Complex,5.8,Actual,5.8,No,1106.0,Synthetic
3782,2024-11-11,BHS,Mumbai High Complex,5.8,Actual,5.8,No,1158.4,Synthetic
3794,2024-11-12,BHS,Mumbai High Complex,6.0,Actual,6.0,No,1223.1,Synthetic
3806,2024-11-13,BHS,Mumbai High Complex,5.7,Actual,5.7,No,1177.2,Synthetic
3818,2024-11-14,BHS,Mumbai High Complex,6.1,Actual,6.1,No,1138.9,Synthetic
3830,2024-11-15,BHS,Mumbai High Complex,6.3,Actual,6.3,No,1153.7,Synthetic
3842,2024-11-16,BHS,Mumbai High Complex,6.3,Actual,6.3,No,1199.7,Synthetic
3854,2024-11-17,BHS,Mumbai High Complex,6.3,Actual,6.3,No,1188.1,Synthetic
3866,2024-11-18,BHS,Mumbai High Complex,6.4,Actual,6.4,No,1158.6,Synthetic
3878,2024-11-19,BHS,Mumbai High Complex,6.3,Actual,6.3,No,1153.5,Synthetic
3890,2024-11-20,BHS,Mumbai High Complex,6.3,Actual,6.3,No,1151.4,Synthetic
3902,2024-11-21,BHS,Mumbai High Complex,6.3,Actual,6.3,No,1131.6,Synthetic
3914,2024-11-22,BHS,Mumbai High Complex,6.1,Actual,6.1,No,1220.2,Synthetic
3926,2024-11-23,BHS,Mumbai High Complex,6.0,Actual,6.0,No,1152.0,Synthetic
3938,2024-11-24,BHS,Mumbai High Complex,6.7,Actual,6.7,No,1199.6,Synthetic
3950,2024-11-25,BHS,Mumbai High Complex,6.5,Actual,6.5,No,1210.2,Synthetic
3962,2024-11-26,BHS,Mumbai High Complex,6.6,Actual,6.6,No,1190.1,Synthetic
3974,2024-11-27,BHS,Mumbai High Complex,6.6,Actual,6.6,No,1139.3,Synthetic
3986,2024-11-28,BHS,Mumbai High Complex,5.6,Actual,5.6,No,1173.6,Synthetic
3998,2024-11-29,BHS,Mumbai High Complex,6.2,Actual,6.2,No,1153.5,Synthetic
4010,2024-11-30,BHS,Mumbai High Complex,6.2,Actual,6.2,No,1121.8,Synthetic
4022,2024-12-01,BHS,Mumbai High Complex,5.1,Actual,5.1,No,1170.3,Synthetic
4034,2024-12-02,BHS,Mumbai High Complex,5.5,Actual,5.5,No,1114.2,Synthetic
4046,2024-12-03,BHS,Mumbai High Complex,5.0,Actual,5.0,No,1198.3,Synthetic
4058,2024-12-04,BHS,Mumbai High Complex,5.7,Actual,5.7,No,1135.2,Synthetic
4070,2024-12-05,BHS,Mumbai High Complex,5.9,Actual,5.9,No,1155.6,Synthetic
4082,2024-12-06,BHS,Mumbai High Complex,5.4,Actual,5.4,No,1160.5,Synthetic
4094,2024-12-07,BHS,Mumbai High Complex,6.4,Actual,6.4,No,1134.1,Synthetic
4106,2024-12-08,BHS,Mumbai High Complex,6.1,Actual,6.1,No,1163.8,Synthetic
4118,2024-12-09,BHS,Mumbai High Complex,5.8,Actual,5.8,No,1128.0,Synthetic
4130,2024-12-10,BHS,Mumbai High Complex,6.1,Actual,6.1,No,1171.0,Synthetic
4142,2024-12-11,BHS,Mumbai High Complex,6.1,Actual,6.1,No,1093.9,Synthetic
4154,2024-12-12,BHS,Mumbai High Complex,6.5,Actual,6.5,No,1140.4,Synthetic
4166,2024-12-13,BHS,Mumbai High Complex,6.2,Actual,6.2,No,1202.9,Synthetic
4178,2024-12-14,BHS,Mumbai High Complex,6.6,Actual,6.6,No,1098.9,Synthetic
4190,2024-12-15,BHS,Mumbai High Complex,6.0,Actual,6.0,No,1112.5,Synthetic
4202,2024-12-16,BHS,Mumbai High Complex,5.5,Actual,5.5,No,1155.1,Synthetic
4214,2024-12-17,BHS,Mumbai High Complex,5.8,Actual,5.8,No,1140.5,Synthetic
4226,2024-12-18,BHS,Mumbai High Complex,5.5,Actual,5.5,No,1147.0,Synthetic
4238,2024-12-19,BHS,Mumbai High Complex,5.5,Actual,5.5,No,1150.5,Synthetic
4250,2024-12-20,BHS,Mumbai High Complex,5.9,Actual,5.9,No,1151.5,Synthetic
4262,2024-12-21,BHS,Mumbai High Complex,5.4,Actual,5.4,No,1169.7,Synthetic
4274,2024-12-22,BHS,Mumbai High Complex,5.4,Actual,5.4,No,1144.6,Synthetic
4286,2024-12-23,BHS,Mumbai High Complex,5.6,Actual,5.6,No,1120.1,Synthetic
4298,2024-12-24,BHS,Mumbai High Complex,5.3,Actual,5.3,No,1151.7,Synthetic
4310,2024-12-25,BHS,Mumbai High Complex,5.3,Actual,5.3,No,1192.0,Synthetic
4322,2024-12-26,BHS,Mumbai High Complex,5.2,Actual,5.2,No,1122.6,Synthetic
4334,2024-12-27,BHS,Mumbai High Complex,5.2,Actual,5.2,No,1092.9,Synthetic
4346,2024-12-28,BHS,Mumbai High Complex,5.2,Actual,5.2,No,1162.0,Synthetic
4358,2024-12-29,BHS,Mumbai High Complex,5.9,Actual,5.9,No,1114.9,Synthetic
4370,2024-12-30,BHS,Mumbai High Complex,5.9,Actual,5.9,No,1044.9,Synthetic
4382,2024-12-31,BHS,Mumbai High Complex,5.8,Actual,5.8,No,1145.5,Synthetic
4394,2025-01-01,BHS,Mumbai High Complex,5.0,Actual,5.0,No,1103.0,Synthetic
4406,2025-01-02,BHS,Mumbai High Complex,5.8,Actual,5.8,No,1111.7,Synthetic
4418,2025-01-03,BHS,Mumbai High Complex,5.6,Actual,5.6,No,1125.8,Synthetic
4430,2025-01-04,BHS,Mumbai High Complex,5.6,Actual,5.6,No,1119.9,Synthetic
4442,2025-01-05,BHS,Mumbai High Complex,5.3,Actual,5.3,No,1137.9,Synthetic
4454,2025-01-06,BHS,Mumbai High Complex,5.3,Actual,5.3,No,1098.4,Synthetic
4466,2025-01-07,BHS,Mumbai High Complex,6.3,Actual,6.3,No,1122.5,Synthetic
4478,2025-01-08,BHS,Mumbai High Complex,5.5,Actual,5.5,No,1100.6,Synthetic
4490,2025-01-09,BHS,Mumbai High Complex,5.5,Actual,5.5,No,1132.6,Synthetic
4502,2025-01-10,BHS,Mumbai High Complex,5.4,Actual,5.4,No,1127.9,Synthetic
4514,2025-01-11,BHS,Mumbai High Complex,5.6,Actual,5.6,No,1074.0,Synthetic
4526,2025-01-12,BHS,Mumbai High Complex,5.8,Actual,5.8,No,1138.5,Synthetic
4538,2025-01-13,BHS,Mumbai High Complex,5.8,Actual,5.8,No,1083.6,Synthetic
4550,2025-01-14,BHS,Mumbai High Complex,6.6,Actual,6.6,No,1121.7,Synthetic
4562,2025-01-15,BHS,Mumbai High Complex,6.6,Actual,6.6,No,1106.0,Synthetic
4574,2025-01-16,BHS,Mumbai High Complex,6.6,Actual,6.6,No,1153.0,Synthetic
4586,2025-01-17,BHS,Mumbai High Complex,6.5,Actual,6.5,No,1084.9,Synthetic
4598,2025-01-18,BHS,Mumbai High Complex,6.5,Actual,6.5,No,1079.5,Synthetic
4610,2025-01-19,BHS,Mumbai High Complex,5.9,Actual,5.9,No,1092.9,Synthetic
4622,2025-01-20,BHS,Mumbai High Complex,5.9,Actual,5.9,No,1082.4,Synthetic
4634,2025-01-21,BHS,Mumbai High Complex,5.8,Actual,5.8,No,1117.9,Synthetic
4646,2025-01-22,BHS,Mumbai High Complex,5.9,Actual,5.9,No,1037.1,Synthetic
4658,2025-01-23,BHS,Mumbai High Complex,6.0,Actual,6.0,No,1053.7,Synthetic
4670,2025-01-24,BHS,Mumbai High Complex,6.0,Actual,6.0,No,1052.1,Synthetic
4682,2025-01-25,BHS,Mumbai High Complex,5.2,Actual,5.2,No,1121.8,Synthetic
4694,2025-01-26,BHS,Mumbai High Complex,6.1,Actual,6.1,No,1139.6,Synthetic
4706,2025-01-27,BHS,Mumbai High Complex,5.7,Actual,5.7,No,1081.8,Synthetic
4718,2025-01-28,BHS,Mumbai High Complex,5.7,Actual,5.7,No,1078.5,Synthetic
4730,2025-01-29,BHS,Mumbai High Complex,5.5,Actual,5.5,No,1086.4,Synthetic
4742,2025-01-30,BHS,Mumbai High Complex,5.1,Actual,5.1,No,1123.2,Synthetic
4754,2025-01-31,BHS,Mumbai High Complex,5.8,Actual,5.8,No,1049.8,Synthetic
4766,2025-02-01,BHS,Mumbai High Complex,5.8,Actual,5.8,No,1086.4,Synthetic
4778,2025-02-02,BHS,Mumbai High Complex,5.8,Actual,5.8,No,1109.0,Synthetic
4790,2025-02-03,BHS,Mumbai High Complex,5.8,Actual,5.8,No,1092.5,Synthetic
4802,2025-02-04,BHS,Mumbai High Complex,5.8,Actual,5.8,No,1081.3,Synthetic
4814,2025-02-05,BHS,Mumbai High Complex,5.8,Actual,5.8,No,1106.2,Synthetic
4826,2025-02-06,BHS,Mumbai High Complex,4.9,Actual,4.9,No,990.8,Synthetic
4838,2025-02-07,BHS,Mumbai High Complex,5.6,Actual,5.6,No,1094.7,Synthetic
4850,2025-02-08,BHS,Mumbai High Complex,5.4,Actual,5.4,No,1051.8,Synthetic
4862,2025-02-09,BHS,Mumbai High Complex,5.4,Actual,5.4,No,1012.9,Synthetic
4874,2025-02-10,BHS,Mumbai High Complex,6.0,Actual,6.0,No,1083.3,Synthetic
4886,2025-02-11,BHS,Mumbai High Complex,5.9,Actual,5.9,No,1110.3,Synthetic
4898,2025-02-12,BHS,Mumbai High Complex,5.6,Actual,5.6,No,1062.6,Synthetic
4910,2025-02-13,BHS,Mumbai High Complex,5.4,Actual,5.4,No,1097.5,Synthetic
4922,2025-02-14,BHS,Mumbai High Complex,5.9,Actual,5.9,No,1114.3,Synthetic
4934,2025-02-15,BHS,Mumbai High Complex,6.1,Actual,6.1,No,1102.3,Synthetic
4946,2025-02-16,BHS,Mumbai High Complex,6.4,Actual,6.4,No,1109.5,Synthetic
4958,2025-02-17,BHS,Mumbai High Complex,7.9,Actual,7.9,No,1070.6,Synthetic
4970,2025-02-18,BHS,Mumbai High Complex,6.9,Actual,6.9,No,1054.6,Synthetic
4982,2025-02-19,BHS,Mumbai High Complex,6.9,Actual,6.9,No,1000.5,Synthetic
4994,2025-02-20,BHS,Mumbai High Complex,5.5,Actual,5.5,No,1050.5,Synthetic
5006,2025-02-21,BHS,Mumbai High Complex,5.5,Actual,5.5,No,1030.4,Synthetic
5018,2025-02-22,BHS,Mumbai High Complex,5.0,Actual,5.0,No,1127.9,Synthetic
5030,2025-02-23,BHS,Mumbai High Complex,5.0,Actual,5.0,No,1052.2,Synthetic
5042,2025-02-24,BHS,Mumbai High Complex,5.9,Actual,5.9,No,1055.2,Synthetic
5054,2025-02-25,BHS,Mumbai High Complex,5.9,Actual,5.9,No,1067.5,Synthetic
5066,2025-02-26,BHS,Mumbai High Complex,6.0,Actual,6.0,No,1049.8,Synthetic
5078,2025-02-27,BHS,Mumbai High Complex,5.9,Actual,5.9,No,1101.1,Synthetic
5090,2025-02-28,BHS,Mumbai High Complex,5.5,Actual,5.5,No,1029.5,Synthetic
5102,2025-03-01,BHS,Mumbai High Complex,5.5,Actual,5.5,No,1054.0,Synthetic
5114,2025-03-02,BHS,Mumbai High Complex,5.6,Actual,5.6,No,1022.9,Synthetic
5126,2025-03-03,BHS,Mumbai High Complex,6.0,Actual,6.0,No,1001.4,Synthetic
5138,2025-03-04,BHS,Mumbai High Complex,6.1,Actual,6.1,No,1021.8,Synthetic
5150,2025-03-05,BHS,Mumbai High Complex,6.1,Actual,6.1,No,1038.6,Synthetic
5162,2025-03-06,BHS,Mumbai High Complex,6.0,Actual,6.0,No,1025.9,Synthetic
5174,2025-03-07,BHS,Mumbai High Complex,5.7,Actual,5.7,No,1018.3,Synthetic
5186,2025-03-08,BHS,Mumbai High Complex,6.0,Actual,6.0,No,993.2,Synthetic
5198,2025-03-09,BHS,Mumbai High Complex,6.0,Actual,6.0,No,1033.3,Synthetic
5210,2025-03-10,BHS,Mumbai High Complex,6.0,Actual,6.0,No,988.0,Synthetic
5222,2025-03-11,BHS,Mumbai High Complex,5.5,Actual,5.5,No,1060.2,Synthetic
5234,2025-03-12,BHS,Mumbai High Complex,5.5,Actual,5.5,No,1037.9,Synthetic
5246,2025-03-13,BHS,Mumbai High Complex,5.5,Actual,5.5,No,989.0,Synthetic
5258,2025-03-14,BHS,Mumbai High Complex,5.4,Actual,5.4,No,1024.1,Synthetic
5270,2025-03-15,BHS,Mumbai High Complex,5.9,Actual,5.9,No,1006.4,Synthetic
5282,2025-03-16,BHS,Mumbai High Complex,5.9,Actual,5.9,No,1038.4,Synthetic
5294,2025-03-17,BHS,Mumbai High Complex,4.1,Actual,4.1,No,1079.6,Synthetic
5306,2025-03-18,BHS,Mumbai High Complex,4.1,Actual,4.1,No,978.5,Synthetic
5318,2025-03-19,BHS,Mumbai High Complex,4.1,Actual,4.1,No,1039.2,Synthetic
5330,2025-03-20,BHS,Mumbai High Complex,6.9,Actual,6.9,No,1013.3,Synthetic
5342,2025-03-21,BHS,Mumbai High Complex,6.9,Actual,6.9,No,1037.6,Synthetic
5354,2025-03-22,BHS,Mumbai High Complex,6.0,Actual,6.0,No,1027.7,Synthetic
5366,2025-03-23,BHS,Mumbai High Complex,5.8,Actual,5.8,No,998.2,Synthetic
5378,2025-03-24,BHS,Mumbai High Complex,5.6,Actual,5.6,No,1011.5,Synthetic
5390,2025-03-25,BHS,Mumbai High Complex,5.9,Actual,5.9,No,994.1,Synthetic
5402,2025-03-26,BHS,Mumbai High Complex,5.8,Actual,5.8,No,1050.8,Synthetic
5414,2025-03-27,BHS,Mumbai High Complex,5.8,Actual,5.8,No,1017.4,Synthetic
5426,2025-03-28,BHS,Mumbai High Complex,5.8,Actual,5.8,No,1073.6,Synthetic
5438,2025-03-29,BHS,Mumbai High Complex,5.9,Actual,5.9,No,1012.2,Synthetic
5450,2025-03-30,BHS,Mumbai High Complex,5.9,Actual,5.9,No,991.4,Synthetic
5462,2025-03-31,BHS,Mumbai High Complex,5.8,Actual,5.8,No,966.4,Synthetic
5474,2025-04-01,BHS,Mumbai High Complex,5.8,Actual,5.8,No,956.5,Synthetic
5486,2025-04-02,BHS,Mumbai High Complex,6.0,Actual,6.0,No,961.0,Synthetic
5498,2025-04-03,BHS,Mumbai High Complex,5.1,Actual,5.1,No,1021.2,Synthetic
5510,2025-04-04,BHS,Mumbai High Complex,5.3,Actual,5.3,No,1026.2,Synthetic
5522,2025-04-05,BHS,Mumbai High Complex,5.2,Actual,5.2,No,962.3,Synthetic
5534,2025-04-06,BHS,Mumbai High Complex,5.5,Actual,5.5,No,1034.5,Synthetic
5546,2025-04-07,BHS,Mumbai High Complex,5.4,Actual,5.4,No,992.3,Synthetic
5558,2025-04-08,BHS,Mumbai High Complex,5.4,Actual,5.4,No,1010.2,Synthetic
5570,2025-04-09,BHS,Mumbai High Complex,5.4,Actual,5.4,No,1053.3,Synthetic
5582,2025-04-10,BHS,Mumbai High Complex,5.8,Actual,5.8,No,1028.3,Synthetic
5594,2025-04-11,BHS,Mumbai High Complex,5.7,Actual,5.7,No,992.7,Synthetic
5606,2025-04-12,BHS,Mumbai High Complex,5.9,Actual,5.9,No,971.9,Synthetic
5618,2025-04-13,BHS,Mumbai High Complex,5.9,Actual,5.9,No,933.1,Synthetic
5630,2025-04-14,BHS,Mumbai High Complex,5.8,Actual,5.8,No,975.5,Synthetic
5642,2025-04-15,BHS,Mumbai High Complex,5.6,Actual,5.6,No,990.7,Synthetic
5654,2025-04-16,BHS,Mumbai High Complex,6.0,Actual,6.0,No,964.2,Synthetic
5666,2025-04-17,BHS,Mumbai High Complex,5.7,Actual,5.7,No,990.3,Synthetic
5678,2025-04-18,BHS,Mumbai High Complex,5.6,Actual,5.6,No,996.0,Synthetic
5690,2025-04-19,BHS,Mumbai High Complex,5.8,Actual,5.8,No,984.8,Synthetic
5702,2025-04-20,BHS,Mumbai High Complex,7.9,Actual,7.9,No,959.5,Synthetic
5714,2025-04-21,BHS,Mumbai High Complex,4.7,Actual,4.7,No,1000.6,Synthetic
5726,2025-04-22,BHS,Mumbai High Complex,5.9,Actual,5.9,No,1000.8,Synthetic
5738,2025-04-23,BHS,Mumbai High Complex,5.7,Actual,5.7,No,955.4,Synthetic
5750,2025-04-24,BHS,Mumbai High Complex,5.6,Actual,5.6,No,1029.0,Synthetic
5762,2025-04-25,BHS,Mumbai High Complex,5.6,Actual,5.6,No,983.2,Synthetic
5774,2025-04-26,BHS,Mumbai High Complex,5.8,Actual,5.8,No,984.5,Synthetic
5786,2025-04-27,BHS,Mumbai High Complex,5.9,Actual,5.9,No,1003.2,Synthetic
5798,2025-04-28,BHS,Mumbai High Complex,5.5,Actual,5.5,No,990.4,Synthetic
5810,2025-04-29,BHS,Mumbai High Complex,5.6,Actual,5.6,No,1009.9,Synthetic
5822,2025-04-30,BHS,Mumbai High Complex,5.8,Actual,5.8,No,988.1,Synthetic
5834,2025-05-01,BHS,Mumbai High Complex,5.5,Actual,5.5,No,962.2,Synthetic
5846,2025-05-02,BHS,Mumbai High Complex,5.5,Actual,5.5,No,989.8,Synthetic
5858,2025-05-03,BHS,Mumbai High Complex,5.5,Actual,5.5,No,944.6,Synthetic
5870,2025-05-04,BHS,Mumbai High Complex,5.4,Actual,5.4,No,980.8,Synthetic
5882,2025-05-05,BHS,Mumbai High Complex,5.3,Actual,5.3,No,976.1,Synthetic
5894,2025-05-06,BHS,Mumbai High Complex,5.2,Actual,5.2,No,970.5,Synthetic
5906,2025-05-07,BHS,Mumbai High Complex,5.4,Actual,5.4,No,970.6,Synthetic
5918,2025-05-08,BHS,Mumbai High Complex,5.2,Actual,5.2,No,919.4,Synthetic
5930,2025-05-09,BHS,Mumbai High Complex,5.4,Actual,5.4,No,956.3,Synthetic
5942,2025-05-10,BHS,Mumbai High Complex,5.6,Actual,5.6,No,972.8,Synthetic
5954,2025-05-11,BHS,Mumbai High Complex,5.6,Actual,5.6,No,973.7,Synthetic
5966,2025-05-12,BHS,Mumbai High Complex,5.9,Actual,5.9,No,936.5,Synthetic
5978,2025-05-13,BHS,Mumbai High Complex,5.4,Actual,5.4,No,1004.8,Synthetic
5990,2025-05-14,BHS,Mumbai High Complex,5.6,Actual,5.6,No,940.8,Synthetic
6002,2025-05-15,BHS,Mumbai High Complex,5.6,Actual,5.6,No,992.9,Synthetic
6014,2025-05-16,BHS,Mumbai High Complex,5.6,Actual,5.6,No,976.1,Synthetic
6026,2025-05-17,BHS,Mumbai High Complex,5.8,Actual,5.8,No,943.0,Synthetic
6038,2025-05-18,BHS,Mumbai High Complex,5.8,Actual,5.8,No,1011.7,Synthetic
6050,2025-05-19,BHS,Mumbai High Complex,6.0,Actual,6.0,No,924.1,Synthetic
6062,2025-05-20,BHS,Mumbai High Complex,6.3,Actual,6.3,No,982.1,Synthetic
6074,2025-05-21,BHS,Mumbai High Complex,6.1,Actual,6.1,No,984.5,Synthetic
6086,2025-05-22,BHS,Mumbai High Complex,6.5,Actual,6.5,No,933.4,Synthetic
6098,2025-05-23,BHS,Mumbai High Complex,6.4,Actual,6.4,No,991.8,Synthetic
6110,2025-05-24,BHS,Mumbai High Complex,6.4,Actual,6.4,No,943.9,Synthetic
6122,2025-05-25,BHS,Mumbai High Complex,5.9,Actual,5.9,No,960.9,Synthetic
6134,2025-05-26,BHS,Mumbai High Complex,6.0,Actual,6.0,No,958.5,Synthetic
6146,2025-05-27,BHS,Mumbai High Complex,6.0,Actual,6.0,No,946.2,Synthetic
6158,2025-05-28,BHS,Mumbai High Complex,6.2,Actual,6.2,No,971.0,Synthetic
6170,2025-05-29,BHS,Mumbai High Complex,6.1,Actual,6.1,No,970.0,Synthetic
6182,2025-05-30,BHS,Mumbai High Complex,6.5,Actual,6.5,No,894.7,Synthetic
6194,2025-05-31,BHS,Mumbai High Complex,6.4,Actual,6.4,No,980.7,Synthetic
6206,2025-06-01,BHS,Mumbai High Complex,6.3,Actual,6.3,No,896.2,Synthetic
6218,2025-06-02,BHS,Mumbai High Complex,6.1,Actual,6.1,No,972.5,Synthetic
6230,2025-06-03,BHS,Mumbai High Complex,6.1,Actual,6.1,No,974.1,Synthetic
6242,2025-06-04,BHS,Mumbai High Complex,5.9,Actual,5.9,No,911.5,Synthetic
6254,2025-06-05,BHS,Mumbai High Complex,6.2,Actual,6.2,No,928.1,Synthetic
6266,2025-06-06,BHS,Mumbai High Complex,6.2,Actual,6.2,No,907.5,Synthetic
6278,2025-06-07,BHS,Mumbai High Complex,6.2,Actual,6.2,No,931.6,Synthetic
6290,2025-06-08,BHS,Mumbai High Complex,6.4,Actual,6.4,No,926.9,Synthetic
6302,2025-06-09,BHS,Mumbai High Complex,6.3,Actual,6.3,No,956.9,Synthetic
6314,2025-06-10,BHS,Mumbai High Complex,7.0,Actual,7.0,No,966.9,Synthetic
6326,2025-06-11,BHS,Mumbai High Complex,6.5,Actual,6.5,No,971.0,Synthetic
6338,2025-06-12,BHS,Mumbai High Complex,6.4,Actual,6.4,No,915.7,Synthetic
6350,2025-06-13,BHS,Mumbai High Complex,6.6,Actual,6.6,No,923.5,Synthetic
6362,2025-06-14,BHS,Mumbai High Complex,6.5,Actual,6.5,No,882.0,Synthetic
6374,2025-06-15,BHS,Mumbai High Complex,6.7,Actual,6.7,No,904.4,Synthetic
6386,2025-06-16,BHS,Mumbai High Complex,6.6,Actual,6.6,No,953.1,Synthetic
6398,2025-06-17,BHS,Mumbai High Complex,6.7,Actual,6.7,No,969.6,Synthetic
6410,2025-06-18,BHS,Mumbai High Complex,6.4,Actual,6.4,No,891.1,Synthetic
6422,2025-06-19,BHS,Mumbai High Complex,6.8,Actual,6.8,No,905.8,Synthetic
6434,2025-06-20,BHS,Mumbai High Complex,6.6,Actual,6.6,No,921.5,Synthetic
6446,2025-06-21,BHS,Mumbai High Complex,6.4,Actual,6.4,No,930.1,Synthetic
6458,2025-06-22,BHS,Mumbai High Complex,5.5,Actual,5.5,No,903.5,Synthetic
6470,2025-06-23,BHS,Mumbai High Complex,6.2,Actual,6.2,No,933.1,Synthetic
6482,2025-06-24,BHS,Mumbai High Complex,6.3,Actual,6.3,No,906.7,Synthetic
6494,2025-06-25,BHS,Mumbai High Complex,6.1,Actual,6.1,No,919.5,Synthetic
6506,2025-06-26,BHS,Mumbai High Complex,6.4,Actual,6.4,No,932.3,Synthetic
6518,2025-06-27,BHS,Mumbai High Complex,6.3,Actual,6.3,No,917.0,Synthetic
6530,2025-06-28,BHS,Mumbai High Complex,6.3,Actual,6.3,No,903.8,Synthetic
6542,2025-06-29,BHS,Mumbai High Complex,6.5,Actual,6.5,No,910.8,Synthetic
6554,2025-06-30,BHS,Mumbai High Complex,6.3,Actual,6.3,No,911.4,Synthetic
6566,2025-07-01,BHS,Mumbai High Complex,6.4,Actual,6.4,No,902.2,Synthetic
6578,2025-07-02,BHS,Mumbai High Complex,6.2,Actual,6.2,No,905.2,Synthetic
6590,2025-07-03,BHS,Mumbai High Complex,6.5,Actual,6.5,No,953.4,Synthetic
6602,2025-07-04,BHS,Mumbai High Complex,6.2,Actual,6.2,No,925.7,Synthetic
6614,2025-07-05,BHS,Mumbai High Complex,6.6,Actual,6.6,No,899.2,Synthetic
6626,2025-07-06,BHS,Mumbai High Complex,7.0,Actual,7.0,No,923.1,Synthetic
6638,2025-07-07,BHS,Mumbai High Complex,6.1,Actual,6.1,No,898.8,Synthetic
6650,2025-07-08,BHS,Mumbai High Complex,6.0,Actual,6.0,No,939.3,Synthetic
6662,2025-07-09,BHS,Mumbai High Complex,6.2,Actual,6.2,No,915.4,Synthetic
6674,2025-07-10,BHS,Mumbai High Complex,6.3,Actual,6.3,No,901.0,Synthetic
6686,2025-07-11,BHS,Mumbai High Complex,12.0,Actual,12.0,No,885.3,Synthetic
6698,2025-07-12,BHS,Mumbai High Complex,12.6,Actual,12.6,No,828.5,Synthetic
6710,2025-07-13,BHS,Mumbai High Complex,10.9,Actual,10.9,No,847.6,Synthetic
6722,2025-07-14,BHS,Mumbai High Complex,9.3,Actual,9.3,No,852.8,Synthetic
6734,2025-07-15,BHS,Mumbai High Complex,15.1,Actual,15.1,No,857.5,Synthetic
6746,2025-07-16,BHS,Mumbai High Complex,7.0,Actual,7.0,No,940.8,Synthetic
6758,2025-07-17,BHS,Mumbai High Complex,9.5,Actual,9.5,No,939.6,Synthetic
6770,2025-07-18,BHS,Mumbai High Complex,9.4,Actual,9.4,No,897.0,Synthetic
6782,2025-07-19,BHS,Mumbai High Complex,12.4,Actual,12.4,No,876.9,Synthetic
6794,2025-07-20,BHS,Mumbai High Complex,18.7,Actual,18.7,No,786.0,Synthetic
6806,2025-07-21,BHS,Mumbai High Complex,14.3,Actual,14.3,No,838.5,Synthetic
6818,2025-07-22,BHS,Mumbai High Complex,26.3,Actual,26.3,No,771.7,Synthetic
6830,2025-07-23,BHS,Mumbai High Complex,26.3,Actual,26.3,No,774.8,Synthetic
6842,2025-07-24,BHS,Mumbai High Complex,23.6,Actual,23.6,No,798.3,Synthetic
6854,2025-07-25,BHS,Mumbai High Complex,23.7,Actual,23.7,No,789.7,Synthetic
6866,2025-07-26,BHS,Mumbai High Complex,25.3,Actual,25.3,No,745.0,Synthetic
6878,2025-07-27,BHS,Mumbai High Complex,19.1,Actual,19.1,No,841.0,Synthetic
6890,2025-07-28,BHS,Mumbai High Complex,19.8,Actual,19.8,No,791.7,Synthetic
6902,2025-07-29,BHS,Mumbai High Complex,20.4,Actual,20.4,No,820.0,Synthetic
6914,2025-07-30,BHS,Mumbai High Complex,20.3,Actual,20.3,No,864.4,Synthetic
6926,2025-07-31,BHS,Mumbai High Complex,19.9,Actual,19.9,No,792.4,Synthetic
6938,2025-08-01,BHS,Mumbai High Complex,20.9,Actual,20.9,No,747.6,Synthetic
6950,2025-08-02,BHS,Mumbai High Complex,20.3,Actual,20.3,No,804.1,Synthetic
6962,2025-08-03,BHS,Mumbai High Complex,20.9,Actual,20.9,No,833.9,Synthetic
6974,2025-08-04,BHS,Mumbai High Complex,20.9,Actual,20.9,No,853.7,Synthetic
6986,2025-08-05,BHS,Mumbai High Complex,19.4,Actual,19.4,No,783.0,Synthetic
6998,2025-08-06,BHS,Mumbai High Complex,22.1,Actual,22.1,No,810.5,Synthetic
7010,2025-08-07,BHS,Mumbai High Complex,22.1,Actual,22.1,No,786.5,Synthetic
7022,2025-08-08,BHS,Mumbai High Complex,22.3,Actual,22.3,No,793.3,Synthetic
7034,2025-08-09,BHS,Mumbai High Complex,20.8,Actual,20.8,No,866.1,Synthetic
7046,2025-08-10,BHS,Mumbai High Complex,20.8,Actual,20.8,No,765.4,Synthetic
7058,2025-08-11,BHS,Mumbai High Complex,19.0,Actual,19.0,No,815.8,Synthetic
7070,2025-08-12,BHS,Mumbai High Complex,19.0,Actual,19.0,No,820.1,Synthetic
7082,2025-08-13,BHS,Mumbai High Complex,21.8,Actual,21.8,No,819.8,Synthetic
7094,2025-08-14,BHS,Mumbai High Complex,19.9,Actual,19.9,No,804.9,Synthetic
7106,2025-08-15,BHS,Mumbai High Complex,19.9,Actual,19.9,No,809.0,Synthetic
7118,2025-08-16,BHS,Mumbai High Complex,24.7,Actual,24.7,No,767.9,Synthetic
7130,2025-08-17,BHS,Mumbai High Complex,21.6,Actual,21.6,No,797.9,Synthetic
7142,2025-08-18,BHS,Mumbai High Complex,22.5,Actual,22.5,No,778.1,Synthetic
7154,2025-08-19,BHS,Mumbai High Complex,22.5,Actual,22.5,No,799.9,Synthetic
7166,2025-08-20,BHS,Mumbai High Complex,21.6,Actual,21.6,No,780.1,Synthetic
7178,2025-08-21,BHS,Mumbai High Complex,21.6,Actual,21.6,No,796.9,Synthetic
7190,2025-08-22,BHS,Mumbai High Complex,23.4,Actual,23.4,No,777.6,Synthetic
7202,2025-08-23,BHS,Mumbai High Complex,21.2,Actual,21.2,No,814.9,Synthetic
7214,2025-08-24,BHS,Mumbai High Complex,21.3,Actual,21.3,No,785.7,Synthetic
7226,2025-08-25,BHS,Mumbai High Complex,19.9,Actual,19.9,No,750.7,Synthetic
7238,2025-08-26,BHS,Mumbai High Complex,21.3,Actual,21.3,No,814.9,Synthetic
7250,2025-08-27,BHS,Mumbai High Complex,21.3,Actual,21.3,No,763.0,Synthetic
7262,2025-08-28,BHS,Mumbai High Complex,21.1,Actual,21.1,No,769.1,Synthetic
7274,2025-08-29,BHS,Mumbai High Complex,19.9,Actual,19.9,No,775.3,Synthetic
7286,2025-08-30,BHS,Mumbai High Complex,19.1,Actual,19.1,No,825.1,Synthetic
7298,2025-08-31,BHS,Mumbai High Complex,19.9,Actual,19.9,No,737.2,Synthetic
7310,2025-09-01,BHS,Mumbai High Complex,22.1,Actual,22.1,No,849.2,Synthetic
7322,2025-09-02,BHS,Mumbai High Complex,22.1,Actual,22.1,No,799.9,Synthetic
7334,2025-09-03,BHS,Mumbai High Complex,22.0,Actual,22.0,No,780.1,Synthetic
7346,2025-09-04,BHS,Mumbai High Complex,20.0,Actual,20.0,No,782.5,Synthetic
7358,2025-09-05,BHS,Mumbai High Complex,21.3,Actual,21.3,No,783.3,Synthetic
7370,2025-09-06,BHS,Mumbai High Complex,21.4,Actual,21.4,No,787.4,Synthetic
7382,2025-09-07,BHS,Mumbai High Complex,21.4,Actual,21.4,No,789.4,Synthetic
7394,2025-09-08,BHS,Mumbai High Complex,20.9,Actual,20.9,No,789.0,Synthetic
7406,2025-09-09,BHS,Mumbai High Complex,19.6,Actual,19.6,No,783.5,Synthetic
7418,2025-09-10,BHS,Mumbai High Complex,20.1,Actual,20.1,No,773.6,Synthetic
7430,2025-09-11,BHS,Mumbai High Complex,21.5,Actual,21.5,No,767.1,Synthetic
7442,2025-09-12,BHS,Mumbai High Complex,21.2,Actual,21.2,No,766.7,Synthetic
7454,2025-09-13,BHS,Mumbai High Complex,21.7,Actual,21.7,No,794.1,Synthetic
7466,2025-09-14,BHS,Mumbai High Complex,21.2,Actual,21.2,No,783.2,Synthetic
7478,2025-09-15,BHS,Mumbai High Complex,20.7,Actual,20.7,No,703.0,Synthetic
7490,2025-09-16,BHS,Mumbai High Complex,20.1,Actual,20.1,No,788.3,Synthetic
7502,2025-09-17,BHS,Mumbai High Complex,20.5,Actual,20.5,No,774.8,Synthetic
7514,2025-09-18,BHS,Mumbai High Complex,20.6,Actual,20.6,No,768.6,Synthetic
7526,2025-09-19,BHS,Mumbai High Complex,22.2,Actual,22.2,No,751.7,Synthetic
7538,2025-09-20,BHS,Mumbai High Complex,22.6,Actual,22.6,No,783.4,Synthetic
7550,2025-09-21,BHS,Mumbai High Complex,22.5,Actual,22.5,No,779.0,Synthetic
7562,2025-09-22,BHS,Mumbai High Complex,23.5,Actual,23.5,No,734.4,Synthetic
7574,2025-09-23,BHS,Mumbai High Complex,24.0,Actual,24.0,No,757.8,Synthetic
7586,2025-09-24,BHS,Mumbai High Complex,26.8,Actual,26.8,No,713.2,Synthetic
7598,2025-09-25,BHS,Mumbai High Complex,25.3,Actual,25.3,No,710.2,Synthetic
7610,2025-09-26,BHS,Mumbai High Complex,24.7,Actual,24.7,No,728.9,Synthetic
7622,2025-09-27,BHS,Mumbai High Complex,22.6,Actual,22.6,No,771.5,Synthetic
7634,2025-09-28,BHS,Mumbai High Complex,26.4,Actual,26.4,No,754.2,Synthetic
7646,2025-09-29,BHS,Mumbai High Complex,27.8,Actual,27.8,No,737.0,Synthetic
7658,2025-09-30,BHS,Mumbai High Complex,29.0,Actual,29.0,No,735.1,Synthetic
7670,2025-10-01,BHS,Mumbai High Complex,27.5,Actual,27.5,No,736.9,Synthetic
7682,2025-10-02,BHS,Mumbai High Complex,27.1,Actual,27.1,No,712.8,Synthetic
7694,2025-10-03,BHS,Mumbai High Complex,27.6,Actual,27.6,No,733.0,Synthetic
7706,2025-10-04,BHS,Mumbai High Complex,26.5,Actual,26.5,No,745.5,Synthetic
7718,2025-10-05,BHS,Mumbai High Complex,23.4,Actual,23.4,No,758.5,Synthetic
7730,2025-10-06,BHS,Mumbai High Complex,22.1,Actual,22.1,No,773.6,Synthetic
7742,2025-10-07,BHS,Mumbai High Complex,22.5,Actual,22.5,No,760.1,Synthetic
7754,2025-10-08,BHS,Mumbai High Complex,21.0,Actual,21.0,No,758.4,Synthetic
7766,2025-10-09,BHS,Mumbai High Complex,21.4,Actual,21.4,No,771.8,Synthetic
7778,2025-10-10,BHS,Mumbai High Complex,21.7,Actual,21.7,No,745.0,Synthetic
7790,2025-10-11,BHS,Mumbai High Complex,21.8,Actual,21.8,No,724.6,Synthetic
7802,2025-10-12,BHS,Mumbai High Complex,22.6,Actual,22.6,No,736.2,Synthetic
7814,2025-10-13,BHS,Mumbai High Complex,21.0,Actual,21.0,No,729.7,Synthetic
7826,2025-10-14,BHS,Mumbai High Complex,22.0,Actual,22.0,No,725.9,Synthetic
7838,2025-10-15,BHS,Mumbai High Complex,22.7,Actual,22.7,No,733.7,Synthetic
7850,2025-10-16,BHS,Mumbai High Complex,20.5,Actual,20.5,No,728.5,Synthetic
7862,2025-10-17,BHS,Mumbai High Complex,21.7,Actual,21.7,No,733.1,Synthetic
7874,2025-10-18,BHS,Mumbai High Complex,21.7,Actual,21.7,No,697.1,Synthetic
7886,2025-10-19,BHS,Mumbai High Complex,23.9,Actual,23.9,No,732.8,Synthetic
7898,2025-10-20,BHS,Mumbai High Complex,23.9,Actual,23.9,No,727.4,Synthetic
7910,2025-10-21,BHS,Mumbai High Complex,23.9,Actual,23.9,No,708.7,Synthetic
7922,2025-10-22,BHS,Mumbai High Complex,7.3,Actual,7.3,No,817.9,Synthetic
7934,2025-10-23,BHS,Mumbai High Complex,25.8,Actual,25.8,No,736.4,Synthetic
7946,2025-10-24,BHS,Mumbai High Complex,22.2,Actual,22.2,No,696.7,Synthetic
7958,2025-10-25,BHS,Mumbai High Complex,20.1,Actual,20.1,No,723.8,Synthetic
7970,2025-10-26,BHS,Mumbai High Complex,19.4,Actual,19.4,No,726.0,Synthetic
7982,2025-10-27,BHS,Mumbai High Complex,18.3,Actual,18.3,No,726.3,Synthetic
7994,2025-10-28,BHS,Mumbai High Complex,19.5,Actual,19.5,No,759.5,Synthetic
8006,2025-10-29,BHS,Mumbai High Complex,19.7,Actual,19.7,No,735.1,Synthetic
8018,2025-10-30,BHS,Mumbai High Complex,19.5,Actual,19.5,No,733.6,Synthetic
8030,2025-10-31,BHS,Mumbai High Complex,18.2,Actual,18.2,No,699.8,Synthetic
8042,2025-11-01,BHS,Mumbai High Complex,16.5,Actual,16.5,No,765.8,Synthetic
8054,2025-11-02,BHS,Mumbai High Complex,15.3,Actual,15.3,No,728.0,Synthetic
8066,2025-11-03,BHS,Mumbai High Complex,14.9,Actual,14.9,No,758.5,Synthetic
8078,2025-11-04,BHS,Mumbai High Complex,14.9,Actual,14.9,No,762.6,Synthetic
8090,2025-11-05,BHS,Mumbai High Complex,14.7,Actual,14.7,No,787.2,Synthetic
8102,2025-11-06,BHS,Mumbai High Complex,16.0,Actual,16.0,No,720.2,Synthetic
8114,2025-11-07,BHS,Mumbai High Complex,16.0,Actual,16.0,No,681.0,Synthetic
8126,2025-11-08,BHS,Mumbai High Complex,13.4,Actual,13.4,No,763.9,Synthetic
8138,2025-11-09,BHS,Mumbai High Complex,12.9,Actual,12.9,No,802.3,Synthetic
8150,2025-11-10,BHS,Mumbai High Complex,13.7,Actual,13.7,No,784.9,Synthetic
8162,2025-11-11,BHS,Mumbai High Complex,13.6,Actual,13.6,No,761.1,Synthetic
8174,2025-11-12,BHS,Mumbai High Complex,13.6,Actual,13.6,No,744.4,Synthetic
8186,2025-11-13,BHS,Mumbai High Complex,12.7,Actual,12.7,No,777.1,Synthetic
8198,2025-11-14,BHS,Mumbai High Complex,13.5,Actual,13.5,No,732.3,Synthetic
8210,2025-11-15,BHS,Mumbai High Complex,12.3,Actual,12.3,No,769.7,Synthetic
8222,2025-11-16,BHS,Mumbai High Complex,13.8,Actual,13.8,No,762.7,Synthetic
8234,2025-11-17,BHS,Mumbai High Complex,13.8,Actual,13.8,No,774.4,Synthetic
8246,2025-11-18,BHS,Mumbai High Complex,12.8,Actual,12.8,No,816.6,Synthetic
8258,2025-11-19,BHS,Mumbai High Complex,12.9,Actual,12.9,No,761.7,Synthetic
8270,2025-11-20,BHS,Mumbai High Complex,12.9,Actual,12.9,No,740.6,Synthetic
8282,2025-11-21,BHS,Mumbai High Complex,12.8,Actual,12.8,No,751.1,Synthetic
8294,2025-11-22,BHS,Mumbai High Complex,12.8,Actual,12.8,No,711.0,Synthetic
8306,2025-11-23,BHS,Mumbai High Complex,17.0,Actual,17.0,No,716.2,Synthetic
8318,2025-11-24,BHS,Mumbai High Complex,17.8,Actual,17.8,No,718.1,Synthetic
8330,2025-11-25,BHS,Mumbai High Complex,17.7,Actual,17.7,No,715.3,Synthetic
8342,2025-11-26,BHS,Mumbai High Complex,17.9,Actual,17.9,No,728.3,Synthetic
8354,2025-11-27,BHS,Mumbai High Complex,16.9,Actual,16.9,No,710.7,Synthetic
8366,2025-11-28,BHS,Mumbai High Complex,15.4,Actual,15.4,No,759.2,Synthetic
8378,2025-11-29,BHS,Mumbai High Complex,16.9,Actual,16.9,No,727.1,Synthetic
8390,2025-11-30,BHS,Mumbai High Complex,15.4,Actual,15.4,No,732.7,Synthetic
8402,2025-12-01,BHS,Mumbai High Complex,15.8,Actual,15.8,No,723.1,Synthetic
8414,2025-12-02,BHS,Mumbai High Complex,16.0,Actual,16.0,No,732.0,Synthetic
8426,2025-12-03,BHS,Mumbai High Complex,14.1,Actual,14.1,No,754.4,Synthetic
8438,2025-12-04,BHS,Mumbai High Complex,19.5,Actual,19.5,No,693.2,Synthetic
8450,2025-12-05,BHS,Mumbai High Complex,17.1,Actual,17.1,No,707.2,Synthetic
8462,2025-12-06,BHS,Mumbai High Complex,19.5,Actual,19.5,No,703.7,Synthetic
8474,2025-12-07,BHS,Mumbai High Complex,17.1,Actual,17.1,No,690.8,Synthetic
8486,2025-12-08,BHS,Mumbai High Complex,15.1,Actual,15.1,No,709.9,Synthetic
8498,2025-12-09,BHS,Mumbai High Complex,15.5,Actual,15.5,No,714.9,Synthetic
8510,2025-12-10,BHS,Mumbai High Complex,15.3,Actual,15.3,No,744.4,Synthetic
8522,2025-12-11,BHS,Mumbai High Complex,15.3,Actual,15.3,No,730.2,Synthetic
8534,2025-12-12,BHS,Mumbai High Complex,15.7,Actual,15.7,No,726.2,Synthetic
8546,2025-12-13,BHS,Mumbai High Complex,17.2,Actual,17.2,No,732.9,Synthetic
8558,2025-12-14,BHS,Mumbai High Complex,17.8,Actual,17.8,No,708.4,Synthetic
8570,2025-12-15,BHS,Mumbai High Complex,17.8,Actual,17.8,No,718.9,Synthetic
8582,2025-12-16,BHS,Mumbai High Complex,17.0,Actual,17.0,No,711.0,Synthetic
8594,2025-12-17,BHS,Mumbai High Complex,16.0,Actual,16.0,No,722.5,Synthetic
8606,2025-12-18,BHS,Mumbai High Complex,16.9,Actual,16.9,No,699.6,Synthetic
8618,2025-12-19,BHS,Mumbai High Complex,17.1,Actual,17.1,No,658.5,Synthetic
8630,2025-12-20,BHS,Mumbai High Complex,17.9,Actual,17.9,No,703.4,Synthetic
8642,2025-12-21,BHS,Mumbai High Complex,17.3,Actual,17.3,No,738.3,Synthetic
8654,2025-12-22,BHS,Mumbai High Complex,17.8,Actual,17.8,No,724.7,Synthetic
8666,2025-12-23,BHS,Mumbai High Complex,18.3,Actual,18.3,No,722.5,Synthetic
8678,2025-12-24,BHS,Mumbai High Complex,17.8,Actual,17.8,No,729.7,Synthetic
8690,2025-12-25,BHS,Mumbai High Complex,17.8,Actual,17.8,No,704.7,Synthetic
8702,2025-12-26,BHS,Mumbai High Complex,17.6,Actual,17.6,No,707.1,Synthetic
8714,2025-12-27,BHS,Mumbai High Complex,17.9,Actual,17.9,No,687.9,Synthetic
8726,2025-12-28,BHS,Mumbai High Complex,17.9,Actual,17.9,No,693.4,Synthetic
8738,2025-12-29,BHS,Mumbai High Complex,17.3,Actual,17.3,No,714.8,Synthetic
8750,2025-12-30,BHS,Mumbai High Complex,12.0,Actual,12.0,No,749.8,Synthetic
8762,2025-12-31,BHS,Mumbai High Complex,5.8,Actual,5.8,No,746.2,Synthetic
8774,2026-01-01,BHS,Mumbai High Complex,5.9,Actual,5.9,No,737.9,Synthetic
8786,2026-01-02,BHS,Mumbai High Complex,6.1,Actual,6.1,No,746.4,Synthetic
8798,2026-01-03,BHS,Mumbai High Complex,5.8,Actual,5.8,No,760.3,Synthetic
8810,2026-01-04,BHS,Mumbai High Complex,6.9,Actual,6.9,No,709.2,Synthetic
8822,2026-01-05,BHS,Mumbai High Complex,5.2,Actual,5.2,No,696.2,Synthetic
8834,2026-01-06,BHS,Mumbai High Complex,5.0,Actual,5.0,No,735.4,Synthetic
8846,2026-01-07,BHS,Mumbai High Complex,5.2,Actual,5.2,No,718.8,Synthetic
8858,2026-01-08,BHS,Mumbai High Complex,5.2,Actual,5.2,No,733.9,Synthetic
8870,2026-01-09,BHS,Mumbai High Complex,5.7,Actual,5.7,No,739.1,Synthetic
8882,2026-01-10,BHS,Mumbai High Complex,5.0,Actual,5.0,No,734.4,Synthetic
8894,2026-01-11,BHS,Mumbai High Complex,10.1,Actual,10.1,No,753.7,Synthetic
8906,2026-01-12,BHS,Mumbai High Complex,10.1,Actual,10.1,No,728.5,Synthetic
8918,2026-01-13,BHS,Mumbai High Complex,5.2,Actual,5.2,No,747.9,Synthetic
8930,2026-01-14,BHS,Mumbai High Complex,5.6,Actual,5.6,No,752.5,Synthetic
8942,2026-01-15,BHS,Mumbai High Complex,5.4,Actual,5.4,No,713.5,Synthetic
8954,2026-01-16,BHS,Mumbai High Complex,5.3,Actual,5.3,No,761.4,Synthetic
8966,2026-01-17,BHS,Mumbai High Complex,5.0,Actual,5.0,No,737.1,Synthetic
8978,2026-01-18,BHS,Mumbai High Complex,5.6,Actual,5.6,No,750.3,Synthetic
8990,2026-01-19,BHS,Mumbai High Complex,5.1,Actual,5.1,No,713.1,Synthetic
9002,2026-01-20,BHS,Mumbai High Complex,5.4,Actual,5.4,No,700.5,Synthetic
9014,2026-01-21,BHS,Mumbai High Complex,5.1,Actual,5.1,No,753.2,Synthetic
9026,2026-01-22,BHS,Mumbai High Complex,5.8,Actual,5.8,No,739.7,Synthetic
9038,2026-01-23,BHS,Mumbai High Complex,6.2,Actual,6.2,No,709.3,Synthetic
9050,2026-01-24,BHS,Mumbai High Complex,11.4,Actual,11.4,No,688.2,Synthetic
9062,2026-01-25,BHS,Mumbai High Complex,13.5,Actual,13.5,No,720.7,Synthetic
9074,2026-01-26,BHS,Mumbai High Complex,9.7,Actual,9.7,No,686.7,Synthetic
9086,2026-01-27,BHS,Mumbai High Complex,9.7,Actual,9.7,No,746.4,Synthetic
9098,2026-01-28,BHS,Mumbai High Complex,10.4,Actual,10.4,No,688.6,Synthetic
9110,2026-01-29,BHS,Mumbai High Complex,5.4,Actual,5.4,No,741.5,Synthetic
9122,2026-01-30,BHS,Mumbai High Complex,5.5,Actual,5.5,No,719.2,Synthetic
9134,2026-01-31,BHS,Mumbai High Complex,6.0,Actual,6.0,No,736.6,Synthetic
9146,2026-02-01,BHS,Mumbai High Complex,5.7,Actual,5.7,No,712.1,Synthetic
9158,2026-02-02,BHS,Mumbai High Complex,5.2,Actual,5.2,No,721.6,Synthetic
9170,2026-02-03,BHS,Mumbai High Complex,6.3,Actual,6.3,No,720.8,Synthetic
9182,2026-02-04,BHS,Mumbai High Complex,5.5,Actual,5.5,No,700.6,Synthetic
9194,2026-02-05,BHS,Mumbai High Complex,5.8,Actual,5.8,No,736.4,Synthetic
9206,2026-02-06,BHS,Mumbai High Complex,6.0,Actual,6.0,No,707.7,Synthetic
9218,2026-02-07,BHS,Mumbai High Complex,5.2,Actual,5.2,No,716.3,Synthetic
9230,2026-02-08,BHS,Mumbai High Complex,6.3,Actual,6.3,No,694.6,Synthetic
9242,2026-02-09,BHS,Mumbai High Complex,6.3,Actual,6.3,No,660.2,Synthetic
9254,2026-02-10,BHS,Mumbai High Complex,6.0,Actual,6.0,No,711.5,Synthetic
9266,2026-02-11,BHS,Mumbai High Complex,5.8,Actual,5.8,No,767.4,Synthetic
9278,2026-02-12,BHS,Mumbai High Complex,6.5,Actual,6.5,No,728.8,Synthetic
9290,2026-02-13,BHS,Mumbai High Complex,6.5,Actual,6.5,No,710.8,Synthetic
9302,2026-02-14,BHS,Mumbai High Complex,5.4,Actual,5.4,No,709.3,Synthetic
9314,2026-02-15,BHS,Mumbai High Complex,6.4,Actual,6.4,No,710.6,Synthetic
9326,2026-02-16,BHS,Mumbai High Complex,6.5,Actual,6.5,No,720.5,Synthetic
9338,2026-02-17,BHS,Mumbai High Complex,6.8,Actual,6.8,No,681.9,Synthetic
9350,2026-02-18,BHS,Mumbai High Complex,7.1,Actual,7.1,No,728.5,Synthetic
9362,2026-02-19,BHS,Mumbai High Complex,6.8,Actual,6.8,No,720.5,Synthetic
9374,2026-02-20,BHS,Mumbai High Complex,7.1,Actual,7.1,No,718.5,Synthetic
9386,2026-02-21,BHS,Mumbai High Complex,6.1,Actual,6.1,No,715.9,Synthetic
9398,2026-02-22,BHS,Mumbai High Complex,6.8,Actual,6.8,No,703.5,Synthetic
9410,2026-02-23,BHS,Mumbai High Complex,6.8,Actual,6.8,No,716.5,Synthetic
9422,2026-02-24,BHS,Mumbai High Complex,7.3,Actual,7.3,No,711.9,Synthetic
3,2024-01-01,BUT (URAN),Heera-Uran Complex,3.5,Actual,3.5,No,1336.0,Synthetic
15,2024-01-02,BUT (URAN),Heera-Uran Complex,3.9,Actual,3.9,No,1321.8,Synthetic
27,2024-01-03,BUT (URAN),Heera-Uran Complex,3.8,Actual,3.8,No,1347.5,Synthetic
39,2024-01-04,BUT (URAN),Heera-Uran Complex,3.8,Actual,3.8,No,1403.5,Synthetic
51,2024-01-05,BUT (URAN),Heera-Uran Complex,3.7,Actual,3.7,No,1289.8,Synthetic
63,2024-01-06,BUT (URAN),Heera-Uran Complex,3.8,Actual,3.8,No,1277.7,Synthetic
75,2024-01-07,BUT (URAN),Heera-Uran Complex,4.0,Actual,4.0,No,1339.3,Synthetic
87,2024-01-08,BUT (URAN),Heera-Uran Complex,3.9,Actual,3.9,No,1333.2,Synthetic
99,2024-01-09,BUT (URAN),Heera-Uran Complex,3.8,Actual,3.8,No,1336.6,Synthetic
111,2024-01-10,BUT (URAN),Heera-Uran Complex,4.1,Actual,4.1,No,1334.9,Synthetic
123,2024-01-11,BUT (URAN),Heera-Uran Complex,4.2,Actual,4.2,No,1313.3,Synthetic
135,2024-01-12,BUT (URAN),Heera-Uran Complex,4.1,Actual,4.1,No,1379.7,Synthetic
147,2024-01-13,BUT (URAN),Heera-Uran Complex,3.8,Actual,3.8,No,1257.2,Synthetic
159,2024-01-14,BUT (URAN),Heera-Uran Complex,3.8,Actual,3.8,No,1285.6,Synthetic
171,2024-01-15,BUT (URAN),Heera-Uran Complex,4.1,Actual,4.1,No,1309.8,Synthetic
183,2024-01-16,BUT (URAN),Heera-Uran Complex,3.8,Actual,3.8,No,1249.0,Synthetic
195,2024-01-17,BUT (URAN),Heera-Uran Complex,4.0,Actual,4.0,No,1303.2,Synthetic
207,2024-01-18,BUT (URAN),Heera-Uran Complex,3.8,Actual,3.8,No,1374.6,Synthetic
219,2024-01-19,BUT (URAN),Heera-Uran Complex,4.2,Actual,4.2,No,1304.9,Synthetic
231,2024-01-20,BUT (URAN),Heera-Uran Complex,4.0,Actual,4.0,No,1312.4,Synthetic
243,2024-01-21,BUT (URAN),Heera-Uran Complex,4.6,Actual,4.6,No,1247.7,Synthetic
255,2024-01-22,BUT (URAN),Heera-Uran Complex,3.1,Actual,3.1,No,1281.3,Synthetic
267,2024-01-23,BUT (URAN),Heera-Uran Complex,3.5,Actual,3.5,No,1285.7,Synthetic
279,2024-01-24,BUT (URAN),Heera-Uran Complex,3.8,Actual,3.8,No,1283.6,Synthetic
291,2024-01-25,BUT (URAN),Heera-Uran Complex,3.6,Actual,3.6,No,1344.9,Synthetic
303,2024-01-26,BUT (URAN),Heera-Uran Complex,4.1,Actual,4.1,No,1310.9,Synthetic
315,2024-01-27,BUT (URAN),Heera-Uran Complex,4.2,Actual,4.2,No,1243.5,Synthetic
327,2024-01-28,BUT (URAN),Heera-Uran Complex,4.5,Actual,4.5,No,1291.5,Synthetic
339,2024-01-29,BUT (URAN),Heera-Uran Complex,5.1,Actual,5.1,No,1294.5,Synthetic
351,2024-01-30,BUT (URAN),Heera-Uran Complex,4.6,Actual,4.6,No,1320.5,Synthetic
363,2024-01-31,BUT (URAN),Heera-Uran Complex,4.6,Actual,4.6,No,1335.1,Synthetic
375,2024-02-01,BUT (URAN),Heera-Uran Complex,4.1,Actual,4.1,No,1237.2,Synthetic
387,2024-02-02,BUT (URAN),Heera-Uran Complex,4.3,Actual,4.3,No,1241.5,Synthetic
399,2024-02-03,BUT (URAN),Heera-Uran Complex,4.2,Actual,4.2,No,1223.0,Synthetic
411,2024-02-04,BUT (URAN),Heera-Uran Complex,4.6,Actual,4.6,No,1257.1,Synthetic
423,2024-02-05,BUT (URAN),Heera-Uran Complex,3.7,Actual,3.7,No,1288.0,Synthetic
435,2024-02-06,BUT (URAN),Heera-Uran Complex,4.5,Actual,4.5,No,1299.7,Synthetic
447,2024-02-07,BUT (URAN),Heera-Uran Complex,4.1,Actual,4.1,No,1260.1,Synthetic
459,2024-02-08,BUT (URAN),Heera-Uran Complex,4.1,Actual,4.1,No,1248.8,Synthetic
471,2024-02-09,BUT (URAN),Heera-Uran Complex,3.5,Actual,3.5,No,1268.7,Synthetic
483,2024-02-10,BUT (URAN),Heera-Uran Complex,4.0,Actual,4.0,No,1225.7,Synthetic
495,2024-02-11,BUT (URAN),Heera-Uran Complex,4.0,Actual,4.0,No,1333.8,Synthetic
507,2024-02-12,BUT (URAN),Heera-Uran Complex,4.1,Actual,4.1,No,1191.8,Synthetic
519,2024-02-13,BUT (URAN),Heera-Uran Complex,4.0,Actual,4.0,No,1257.7,Synthetic
531,2024-02-14,BUT (URAN),Heera-Uran Complex,4.1,Actual,4.1,No,1323.7,Synthetic
543,2024-02-15,BUT (URAN),Heera-Uran Complex,3.5,Actual,3.5,No,1250.3,Synthetic
555,2024-02-16,BUT (URAN),Heera-Uran Complex,3.4,Actual,3.4,No,1241.4,Synthetic
567,2024-02-17,BUT (URAN),Heera-Uran Complex,3.8,Actual,3.8,No,1230.3,Synthetic
579,2024-02-18,BUT (URAN),Heera-Uran Complex,4.1,Actual,4.1,No,1232.7,Synthetic
591,2024-02-19,BUT (URAN),Heera-Uran Complex,4.2,Actual,4.2,No,1287.5,Synthetic
603,2024-02-20,BUT (URAN),Heera-Uran Complex,4.1,Actual,4.1,No,1153.2,Synthetic
615,2024-02-21,BUT (URAN),Heera-Uran Complex,4.2,Actual,4.2,No,1289.0,Synthetic
627,2024-02-22,BUT (URAN),Heera-Uran Complex,4.4,Actual,4.4,No,1176.4,Synthetic
639,2024-02-23,BUT (URAN),Heera-Uran Complex,4.2,Actual,4.2,No,1218.3,Synthetic
651,2024-02-24,BUT (URAN),Heera-Uran Complex,4.3,Actual,4.3,No,1209.6,Synthetic
663,2024-02-25,BUT (URAN),Heera-Uran Complex,4.3,Actual,4.3,No,1244.8,Synthetic
675,2024-02-26,BUT (URAN),Heera-Uran Complex,4.2,Actual,4.2,No,1163.3,Synthetic
687,2024-02-27,BUT (URAN),Heera-Uran Complex,4.1,Actual,4.1,No,1237.3,Synthetic
699,2024-02-28,BUT (URAN),Heera-Uran Complex,4.1,Actual,4.1,No,1292.3,Synthetic
711,2024-02-29,BUT (URAN),Heera-Uran Complex,4.4,Actual,4.4,No,1164.5,Synthetic
723,2024-03-01,BUT (URAN),Heera-Uran Complex,4.2,Actual,4.2,No,1220.4,Synthetic
735,2024-03-02,BUT (URAN),Heera-Uran Complex,4.2,Actual,4.2,No,1187.3,Synthetic
747,2024-03-03,BUT (URAN),Heera-Uran Complex,4.9,Actual,4.9,No,1219.9,Synthetic
759,2024-03-04,BUT (URAN),Heera-Uran Complex,3.7,Actual,3.7,No,1211.3,Synthetic
771,2024-03-05,BUT (URAN),Heera-Uran Complex,4.3,Actual,4.3,No,1181.3,Synthetic
783,2024-03-06,BUT (URAN),Heera-Uran Complex,3.8,Actual,3.8,No,1223.5,Synthetic
795,2024-03-07,BUT (URAN),Heera-Uran Complex,3.5,Actual,3.5,No,1271.1,Synthetic
807,2024-03-08,BUT (URAN),Heera-Uran Complex,4.1,Actual,4.1,No,1192.8,Synthetic
819,2024-03-09,BUT (URAN),Heera-Uran Complex,3.8,Actual,3.8,No,1225.5,Synthetic
831,2024-03-10,BUT (URAN),Heera-Uran Complex,3.3,Actual,3.3,No,1154.3,Synthetic
843,2024-03-11,BUT (URAN),Heera-Uran Complex,7.9,Actual,7.9,No,1134.5,Synthetic
855,2024-03-12,BUT (URAN),Heera-Uran Complex,12.2,Actual,12.2,No,1153.3,Synthetic
867,2024-03-13,BUT (URAN),Heera-Uran Complex,7.5,Actual,7.5,No,1218.6,Synthetic
879,2024-03-14,BUT (URAN),Heera-Uran Complex,4.2,Actual,4.2,No,1199.4,Synthetic
891,2024-03-15,BUT (URAN),Heera-Uran Complex,3.1,Actual,3.1,No,1180.8,Synthetic
903,2024-03-16,BUT (URAN),Heera-Uran Complex,4.7,Actual,4.7,No,1179.3,Synthetic
915,2024-03-17,BUT (URAN),Heera-Uran Complex,4.7,Actual,4.7,No,1133.1,Synthetic
927,2024-03-18,BUT (URAN),Heera-Uran Complex,4.1,Actual,4.1,No,1200.6,Synthetic
939,2024-03-19,BUT (URAN),Heera-Uran Complex,3.8,Actual,3.8,No,1210.4,Synthetic
951,2024-03-20,BUT (URAN),Heera-Uran Complex,5.8,Actual,5.8,No,1148.2,Synthetic
963,2024-03-21,BUT (URAN),Heera-Uran Complex,5.4,Actual,5.4,No,1148.2,Synthetic
975,2024-03-22,BUT (URAN),Heera-Uran Complex,4.6,Actual,4.6,No,1177.2,Synthetic
987,2024-03-23,BUT (URAN),Heera-Uran Complex,4.3,Actual,4.3,No,1152.6,Synthetic
999,2024-03-24,BUT (URAN),Heera-Uran Complex,5.3,Actual,5.3,No,1157.0,Synthetic
1011,2024-03-25,BUT (URAN),Heera-Uran Complex,7.5,Actual,7.5,No,1214.9,Synthetic
1023,2024-03-26,BUT (URAN),Heera-Uran Complex,5.9,Actual,5.9,No,1142.9,Synthetic
1035,2024-03-27,BUT (URAN),Heera-Uran Complex,8.5,Actual,8.5,No,1120.3,Synthetic
1047,2024-03-28,BUT (URAN),Heera-Uran Complex,8.3,Actual,8.3,No,1109.8,Synthetic
1059,2024-03-29,BUT (URAN),Heera-Uran Complex,5.1,Actual,5.1,No,1176.4,Synthetic
1071,2024-03-30,BUT (URAN),Heera-Uran Complex,4.8,Actual,4.8,No,1144.4,Synthetic
1083,2024-03-31,BUT (URAN),Heera-Uran Complex,4.1,Actual,4.1,No,1130.8,Synthetic
1095,2024-04-01,BUT (URAN),Heera-Uran Complex,5.2,Actual,5.2,No,1189.5,Synthetic
1107,2024-04-02,BUT (URAN),Heera-Uran Complex,4.9,Actual,4.9,No,1192.9,Synthetic
1119,2024-04-03,BUT (URAN),Heera-Uran Complex,4.8,Actual,4.8,No,1122.2,Synthetic
1131,2024-04-04,BUT (URAN),Heera-Uran Complex,4.1,Actual,4.1,No,1081.2,Synthetic
1143,2024-04-05,BUT (URAN),Heera-Uran Complex,4.6,Actual,4.6,No,1174.7,Synthetic
1155,2024-04-06,BUT (URAN),Heera-Uran Complex,3.6,Actual,3.6,No,1121.1,Synthetic
1167,2024-04-07,BUT (URAN),Heera-Uran Complex,3.9,Actual,3.9,No,1167.8,Synthetic
1179,2024-04-08,BUT (URAN),Heera-Uran Complex,5.7,Actual,5.7,No,1060.7,Synthetic
1191,2024-04-09,BUT (URAN),Heera-Uran Complex,5.0,Actual,5.0,No,1160.1,Synthetic
1203,2024-04-10,BUT (URAN),Heera-Uran Complex,5.3,Actual,5.3,No,1085.1,Synthetic
1215,2024-04-11,BUT (URAN),Heera-Uran Complex,4.8,Actual,4.8,No,1152.0,Synthetic
1227,2024-04-12,BUT (URAN),Heera-Uran Complex,4.7,Actual,4.7,No,1126.4,Synthetic
1239,2024-04-13,BUT (URAN),Heera-Uran Complex,6.3,Actual,6.3,No,1082.0,Synthetic
1251,2024-04-14,BUT (URAN),Heera-Uran Complex,3.0,Actual,3.0,No,1119.0,Synthetic
1263,2024-04-15,BUT (URAN),Heera-Uran Complex,3.0,Actual,3.0,No,1154.2,Synthetic
1275,2024-04-16,BUT (URAN),Heera-Uran Complex,6.3,Actual,6.3,No,1111.7,Synthetic
1287,2024-04-17,BUT (URAN),Heera-Uran Complex,4.5,Actual,4.5,No,1137.2,Synthetic
1299,2024-04-18,BUT (URAN),Heera-Uran Complex,4.7,Actual,4.7,No,1180.5,Synthetic
1311,2024-04-19,BUT (URAN),Heera-Uran Complex,5.3,Actual,5.3,No,1056.7,Synthetic
1323,2024-04-20,BUT (URAN),Heera-Uran Complex,5.3,Actual,5.3,No,1160.5,Synthetic
1335,2024-04-21,BUT (URAN),Heera-Uran Complex,5.1,Actual,5.1,No,1109.7,Synthetic
1347,2024-04-22,BUT (URAN),Heera-Uran Complex,4.3,Actual,4.3,No,1079.4,Synthetic
1359,2024-04-23,BUT (URAN),Heera-Uran Complex,4.7,Actual,4.7,No,1060.8,Synthetic
1371,2024-04-24,BUT (URAN),Heera-Uran Complex,4.7,Actual,4.7,No,1096.7,Synthetic
1383,2024-04-25,BUT (URAN),Heera-Uran Complex,4.5,Actual,4.5,No,1132.8,Synthetic
1395,2024-04-26,BUT (URAN),Heera-Uran Complex,4.7,Actual,4.7,No,1095.0,Synthetic
1407,2024-04-27,BUT (URAN),Heera-Uran Complex,4.0,Actual,4.0,No,1151.6,Synthetic
1419,2024-04-28,BUT (URAN),Heera-Uran Complex,4.7,Actual,4.7,No,1047.8,Synthetic
1431,2024-04-29,BUT (URAN),Heera-Uran Complex,4.5,Actual,4.5,No,1094.4,Synthetic
1443,2024-04-30,BUT (URAN),Heera-Uran Complex,4.7,Actual,4.7,No,1050.7,Synthetic
1455,2024-05-01,BUT (URAN),Heera-Uran Complex,4.2,Actual,4.2,No,1104.8,Synthetic
1467,2024-05-02,BUT (URAN),Heera-Uran Complex,4.3,Actual,4.3,No,1119.4,Synthetic
1479,2024-05-03,BUT (URAN),Heera-Uran Complex,4.4,Actual,4.4,No,1074.2,Synthetic
1491,2024-05-04,BUT (URAN),Heera-Uran Complex,4.4,Actual,4.4,No,1001.2,Synthetic
1503,2024-05-05,BUT (URAN),Heera-Uran Complex,4.1,Actual,4.1,No,1092.5,Synthetic
1515,2024-05-06,BUT (URAN),Heera-Uran Complex,3.9,Actual,3.9,No,1099.6,Synthetic
1527,2024-05-07,BUT (URAN),Heera-Uran Complex,4.7,Actual,4.7,No,1091.8,Synthetic
1539,2024-05-08,BUT (URAN),Heera-Uran Complex,4.2,Actual,4.2,No,1119.9,Synthetic
1551,2024-05-09,BUT (URAN),Heera-Uran Complex,4.5,Actual,4.5,No,1041.6,Synthetic
1563,2024-05-10,BUT (URAN),Heera-Uran Complex,4.9,Actual,4.9,No,1093.8,Synthetic
1575,2024-05-11,BUT (URAN),Heera-Uran Complex,4.3,Actual,4.3,No,1112.1,Synthetic
1587,2024-05-12,BUT (URAN),Heera-Uran Complex,4.7,Actual,4.7,No,1012.4,Synthetic
1599,2024-05-13,BUT (URAN),Heera-Uran Complex,4.1,Actual,4.1,No,1081.5,Synthetic
1611,2024-05-14,BUT (URAN),Heera-Uran Complex,3.6,Actual,3.6,No,1056.2,Synthetic
1623,2024-05-15,BUT (URAN),Heera-Uran Complex,4.6,Actual,4.6,No,1062.0,Synthetic
1635,2024-05-16,BUT (URAN),Heera-Uran Complex,3.7,Actual,3.7,No,1079.3,Synthetic
1647,2024-05-17,BUT (URAN),Heera-Uran Complex,4.4,Actual,4.4,No,1046.6,Synthetic
1659,2024-05-18,BUT (URAN),Heera-Uran Complex,4.8,Actual,4.8,No,1036.5,Synthetic
1671,2024-05-19,BUT (URAN),Heera-Uran Complex,4.4,Actual,4.4,No,1059.6,Synthetic
1683,2024-05-20,BUT (URAN),Heera-Uran Complex,4.5,Actual,4.5,No,1021.6,Synthetic
1695,2024-05-21,BUT (URAN),Heera-Uran Complex,4.7,Actual,4.7,No,1018.8,Synthetic
1707,2024-05-22,BUT (URAN),Heera-Uran Complex,4.5,Actual,4.5,No,1073.9,Synthetic
1719,2024-05-23,BUT (URAN),Heera-Uran Complex,4.7,Actual,4.7,No,1013.3,Synthetic
1731,2024-05-24,BUT (URAN),Heera-Uran Complex,4.5,Actual,4.5,No,1069.8,Synthetic
1743,2024-05-25,BUT (URAN),Heera-Uran Complex,4.5,Actual,4.5,No,1061.6,Synthetic
1755,2024-05-26,BUT (URAN),Heera-Uran Complex,4.3,Actual,4.3,No,992.3,Synthetic
1767,2024-05-27,BUT (URAN),Heera-Uran Complex,4.4,Actual,4.4,No,1022.8,Synthetic
1779,2024-05-28,BUT (URAN),Heera-Uran Complex,4.5,Actual,4.5,No,1079.0,Synthetic
1791,2024-05-29,BUT (URAN),Heera-Uran Complex,4.5,Actual,4.5,No,1009.3,Synthetic
1803,2024-05-30,BUT (URAN),Heera-Uran Complex,4.5,Actual,4.5,No,1023.7,Synthetic
1815,2024-05-31,BUT (URAN),Heera-Uran Complex,4.3,Actual,4.3,No,1051.9,Synthetic
1827,2024-06-01,BUT (URAN),Heera-Uran Complex,4.1,Actual,4.1,No,1061.3,Synthetic
1839,2024-06-02,BUT (URAN),Heera-Uran Complex,4.6,Actual,4.6,No,1024.4,Synthetic
1851,2024-06-03,BUT (URAN),Heera-Uran Complex,4.7,Actual,4.7,No,1011.4,Synthetic
1863,2024-06-04,BUT (URAN),Heera-Uran Complex,4.3,Actual,4.3,No,1074.4,Synthetic
1875,2024-06-05,BUT (URAN),Heera-Uran Complex,4.7,Actual,4.7,No,1079.9,Synthetic
1887,2024-06-06,BUT (URAN),Heera-Uran Complex,4.7,Actual,4.7,No,1054.7,Synthetic
1899,2024-06-07,BUT (URAN),Heera-Uran Complex,4.6,Actual,4.6,No,1026.0,Synthetic
1911,2024-06-08,BUT (URAN),Heera-Uran Complex,4.5,Actual,4.5,No,997.4,Synthetic
1923,2024-06-09,BUT (URAN),Heera-Uran Complex,4.4,Actual,4.4,No,995.6,Synthetic
1935,2024-06-10,BUT (URAN),Heera-Uran Complex,3.7,Actual,3.7,No,1039.3,Synthetic
1947,2024-06-11,BUT (URAN),Heera-Uran Complex,4.3,Actual,4.3,No,1030.9,Synthetic
1959,2024-06-12,BUT (URAN),Heera-Uran Complex,4.5,Actual,4.5,No,1057.9,Synthetic
1971,2024-06-13,BUT (URAN),Heera-Uran Complex,4.2,Actual,4.2,No,1035.0,Synthetic
1983,2024-06-14,BUT (URAN),Heera-Uran Complex,4.7,Actual,4.7,No,965.0,Synthetic
1995,2024-06-15,BUT (URAN),Heera-Uran Complex,4.2,Actual,4.2,No,1043.6,Synthetic
2007,2024-06-16,BUT (URAN),Heera-Uran Complex,7.0,Actual,7.0,No,964.3,Synthetic
2019,2024-06-17,BUT (URAN),Heera-Uran Complex,6.6,Actual,6.6,No,983.2,Synthetic
2031,2024-06-18,BUT (URAN),Heera-Uran Complex,5.7,Actual,5.7,No,1005.5,Synthetic
2043,2024-06-19,BUT (URAN),Heera-Uran Complex,5.7,Actual,5.7,No,1056.0,Synthetic
2055,2024-06-20,BUT (URAN),Heera-Uran Complex,4.0,Actual,4.0,No,1097.9,Synthetic
2067,2024-06-21,BUT (URAN),Heera-Uran Complex,4.2,Actual,4.2,No,1019.6,Synthetic
2079,2024-06-22,BUT (URAN),Heera-Uran Complex,4.3,Actual,4.3,No,993.6,Synthetic
2091,2024-06-23,BUT (URAN),Heera-Uran Complex,4.0,Actual,4.0,No,1015.1,Synthetic
2103,2024-06-24,BUT (URAN),Heera-Uran Complex,4.3,Actual,4.3,No,1022.2,Synthetic
2115,2024-06-25,BUT (URAN),Heera-Uran Complex,3.9,Actual,3.9,No,986.6,Synthetic
2127,2024-06-26,BUT (URAN),Heera-Uran Complex,3.9,Actual,3.9,No,1048.0,Synthetic
2139,2024-06-27,BUT (URAN),Heera-Uran Complex,4.3,Actual,4.3,No,997.4,Synthetic
2151,2024-06-28,BUT (URAN),Heera-Uran Complex,4.2,Actual,4.2,No,1004.2,Synthetic
2163,2024-06-29,BUT (URAN),Heera-Uran Complex,4.3,Actual,4.3,No,1006.9,Synthetic
2175,2024-06-30,BUT (URAN),Heera-Uran Complex,4.3,Estimated,4.3,No,997.9,Synthetic
2187,2024-07-01,BUT (URAN),Heera-Uran Complex,4.3,Estimated,4.3,No,1008.5,Synthetic
2199,2024-07-02,BUT (URAN),Heera-Uran Complex,4.3,Estimated,4.3,No,963.9,Synthetic
2211,2024-07-03,BUT (URAN),Heera-Uran Complex,4.3,Estimated,4.3,No,964.0,Synthetic
2223,2024-07-04,BUT (URAN),Heera-Uran Complex,4.3,Estimated,4.3,No,946.4,Synthetic
2235,2024-07-05,BUT (URAN),Heera-Uran Complex,4.3,Estimated,4.3,No,989.9,Synthetic
2247,2024-07-06,BUT (URAN),Heera-Uran Complex,4.3,Estimated,4.3,No,998.2,Synthetic
2259,2024-07-07,BUT (URAN),Heera-Uran Complex,4.3,Estimated,4.3,No,987.1,Synthetic
2271,2024-07-08,BUT (URAN),Heera-Uran Complex,4.3,Estimated,4.3,No,1020.9,Synthetic
2283,2024-07-09,BUT (URAN),Heera-Uran Complex,4.3,Estimated,4.3,No,970.2,Synthetic
2295,2024-07-10,BUT (URAN),Heera-Uran Complex,4.3,Estimated,4.3,No,988.1,Synthetic
2307,2024-07-11,BUT (URAN),Heera-Uran Complex,4.3,Estimated,4.3,No,935.4,Synthetic
2319,2024-07-12,BUT (URAN),Heera-Uran Complex,4.3,Estimated,4.3,No,954.2,Synthetic
2331,2024-07-13,BUT (URAN),Heera-Uran Complex,4.3,Estimated,4.3,No,983.8,Synthetic
2343,2024-07-14,BUT (URAN),Heera-Uran Complex,4.3,Estimated,4.3,No,986.6,Synthetic
2355,2024-07-15,BUT (URAN),Heera-Uran Complex,4.3,Estimated,4.3,No,952.0,Synthetic
2367,2024-07-16,BUT (URAN),Heera-Uran Complex,4.3,Estimated,4.3,No,956.7,Synthetic
2379,2024-07-17,BUT (URAN),Heera-Uran Complex,4.3,Estimated,4.3,No,913.6,Synthetic
2391,2024-07-18,BUT (URAN),Heera-Uran Complex,4.3,Estimated,4.3,No,945.3,Synthetic
2403,2024-07-19,BUT (URAN),Heera-Uran Complex,4.3,Estimated,4.3,No,979.3,Synthetic
2415,2024-07-20,BUT (URAN),Heera-Uran Complex,4.3,Estimated,4.3,No,968.7,Synthetic
2427,2024-07-21,BUT (URAN),Heera-Uran Complex,4.3,Estimated,4.3,No,964.9,Synthetic
2439,2024-07-22,BUT (URAN),Heera-Uran Complex,4.3,Estimated,4.3,No,950.4,Synthetic
2451,2024-07-23,BUT (URAN),Heera-Uran Complex,4.3,Estimated,4.3,No,947.5,Synthetic
2463,2024-07-24,BUT (URAN),Heera-Uran Complex,4.3,Estimated,4.3,No,927.0,Synthetic
2475,2024-07-25,BUT (URAN),Heera-Uran Complex,4.3,Estimated,4.3,No,963.9,Synthetic
2487,2024-07-26,BUT (URAN),Heera-Uran Complex,4.3,Estimated,4.3,No,954.4,Synthetic
2499,2024-07-27,BUT (URAN),Heera-Uran Complex,4.3,Estimated,4.3,No,954.7,Synthetic
2511,2024-07-28,BUT (URAN),Heera-Uran Complex,4.3,Estimated,4.3,No,924.4,Synthetic
2523,2024-07-29,BUT (URAN),Heera-Uran Complex,4.3,Estimated,4.3,No,877.1,Synthetic
2535,2024-07-30,BUT (URAN),Heera-Uran Complex,4.3,Estimated,4.3,No,966.8,Synthetic
2547,2024-07-31,BUT (URAN),Heera-Uran Complex,4.3,Estimated,4.3,No,921.0,Synthetic
2559,2024-08-01,BUT (URAN),Heera-Uran Complex,4.3,Estimated,4.3,No,908.7,Synthetic
2571,2024-08-02,BUT (URAN),Heera-Uran Complex,4.3,Estimated,4.3,No,950.6,Synthetic
2583,2024-08-03,BUT (URAN),Heera-Uran Complex,4.3,Estimated,4.3,No,918.7,Synthetic
2595,2024-08-04,BUT (URAN),Heera-Uran Complex,4.3,Estimated,4.3,No,957.5,Synthetic
2607,2024-08-05,BUT (URAN),Heera-Uran Complex,4.3,Estimated,4.3,No,943.6,Synthetic
2619,2024-08-06,BUT (URAN),Heera-Uran Complex,4.3,Estimated,4.3,No,943.8,Synthetic
2631,2024-08-07,BUT (URAN),Heera-Uran Complex,4.3,Estimated,4.3,No,885.4,Synthetic
2643,2024-08-08,BUT (URAN),Heera-Uran Complex,4.3,Estimated,4.3,No,955.2,Synthetic
2655,2024-08-09,BUT (URAN),Heera-Uran Complex,4.3,Estimated,4.3,No,927.3,Synthetic
2667,2024-08-10,BUT (URAN),Heera-Uran Complex,4.3,Estimated,4.3,No,908.4,Synthetic
2679,2024-08-11,BUT (URAN),Heera-Uran Complex,4.3,Estimated,4.3,No,920.9,Synthetic
2691,2024-08-12,BUT (URAN),Heera-Uran Complex,4.3,Estimated,4.3,No,866.6,Synthetic
2703,2024-08-13,BUT (URAN),Heera-Uran Complex,4.3,Estimated,4.3,No,925.0,Synthetic
2715,2024-08-14,BUT (URAN),Heera-Uran Complex,4.3,Estimated,4.3,No,884.1,Synthetic
2727,2024-08-15,BUT (URAN),Heera-Uran Complex,4.3,Estimated,4.3,No,873.7,Synthetic
2739,2024-08-16,BUT (URAN),Heera-Uran Complex,4.3,Estimated,4.3,No,867.6,Synthetic
2751,2024-08-17,BUT (URAN),Heera-Uran Complex,4.3,Estimated,4.3,No,937.9,Synthetic
2763,2024-08-18,BUT (URAN),Heera-Uran Complex,4.3,Estimated,4.3,No,888.9,Synthetic
2775,2024-08-19,BUT (URAN),Heera-Uran Complex,4.3,Estimated,4.3,No,946.1,Synthetic
2787,2024-08-20,BUT (URAN),Heera-Uran Complex,4.3,Estimated,4.3,No,888.4,Synthetic
2799,2024-08-21,BUT (URAN),Heera-Uran Complex,4.3,Estimated,4.3,No,855.2,Synthetic
2811,2024-08-22,BUT (URAN),Heera-Uran Complex,4.3,Estimated,4.3,No,869.7,Synthetic
2823,2024-08-23,BUT (URAN),Heera-Uran Complex,4.3,Estimated,4.3,No,931.6,Synthetic
2835,2024-08-24,BUT (URAN),Heera-Uran Complex,4.3,Estimated,4.3,No,892.5,Synthetic
2847,2024-08-25,BUT (URAN),Heera-Uran Complex,4.3,Estimated,4.3,No,880.5,Synthetic
2859,2024-08-26,BUT (URAN),Heera-Uran Complex,4.3,Estimated,4.3,No,898.0,Synthetic
2871,2024-08-27,BUT (URAN),Heera-Uran Complex,4.3,Estimated,4.3,No,905.6,Synthetic
2883,2024-08-28,BUT (URAN),Heera-Uran Complex,4.3,Estimated,4.3,No,920.5,Synthetic
2895,2024-08-29,BUT (URAN),Heera-Uran Complex,4.3,Estimated,4.3,No,927.7,Synthetic
2907,2024-08-30,BUT (URAN),Heera-Uran Complex,4.3,Estimated,4.3,No,878.0,Synthetic
2919,2024-08-31,BUT (URAN),Heera-Uran Complex,4.3,Estimated,4.3,No,850.8,Synthetic
2931,2024-09-01,BUT (URAN),Heera-Uran Complex,4.3,Estimated,4.3,No,873.5,Synthetic
2943,2024-09-02,BUT (URAN),Heera-Uran Complex,4.3,Estimated,4.3,No,889.9,Synthetic
2955,2024-09-03,BUT (URAN),Heera-Uran Complex,4.3,Estimated,4.3,No,856.0,Synthetic
2967,2024-09-04,BUT (URAN),Heera-Uran Complex,4.3,Estimated,4.3,No,854.7,Synthetic
2979,2024-09-05,BUT (URAN),Heera-Uran Complex,4.3,Estimated,4.3,No,887.5,Synthetic
2991,2024-09-06,BUT (URAN),Heera-Uran Complex,4.3,Estimated,4.3,No,875.7,Synthetic
3003,2024-09-07,BUT (URAN),Heera-Uran Complex,4.3,Estimated,4.3,No,876.3,Synthetic
3015,2024-09-08,BUT (URAN),Heera-Uran Complex,4.3,Estimated,4.3,No,854.1,Synthetic
3027,2024-09-09,BUT (URAN),Heera-Uran Complex,4.3,Estimated,4.3,No,866.4,Synthetic
3039,2024-09-10,BUT (URAN),Heera-Uran Complex,4.3,Estimated,4.3,No,846.8,Synthetic
3051,2024-09-11,BUT (URAN),Heera-Uran Complex,4.3,Estimated,4.3,No,892.7,Synthetic
3063,2024-09-12,BUT (URAN),Heera-Uran Complex,4.3,Estimated,4.3,No,894.9,Synthetic
3075,2024-09-13,BUT (URAN),Heera-Uran Complex,4.3,Estimated,4.3,No,818.5,Synthetic
3087,2024-09-14,BUT (URAN),Heera-Uran Complex,4.3,Estimated,4.3,No,840.9,Synthetic
3099,2024-09-15,BUT (URAN),Heera-Uran Complex,4.3,Estimated,4.3,No,824.8,Synthetic
3111,2024-09-16,BUT (URAN),Heera-Uran Complex,4.3,Estimated,4.3,No,845.2,Synthetic
3123,2024-09-17,BUT (URAN),Heera-Uran Complex,4.3,Estimated,4.3,No,858.4,Synthetic
3135,2024-09-18,BUT (URAN),Heera-Uran Complex,4.3,Estimated,4.3,No,821.7,Synthetic
3147,2024-09-19,BUT (URAN),Heera-Uran Complex,4.3,Estimated,4.3,No,833.9,Synthetic
3159,2024-09-20,BUT (URAN),Heera-Uran Complex,4.3,Estimated,4.3,No,830.4,Synthetic
3171,2024-09-21,BUT (URAN),Heera-Uran Complex,4.3,Estimated,4.3,No,860.0,Synthetic
3183,2024-09-22,BUT (URAN),Heera-Uran Complex,4.3,Estimated,4.3,No,855.0,Synthetic
3195,2024-09-23,BUT (URAN),Heera-Uran Complex,4.3,Estimated,4.3,No,833.3,Synthetic
3207,2024-09-24,BUT (URAN),Heera-Uran Complex,4.3,Estimated,4.3,No,854.8,Synthetic
3219,2024-09-25,BUT (URAN),Heera-Uran Complex,4.3,Estimated,4.3,No,834.9,Synthetic
3231,2024-09-26,BUT (URAN),Heera-Uran Complex,4.3,Estimated,4.3,No,840.5,Synthetic
3243,2024-09-27,BUT (URAN),Heera-Uran Complex,4.3,Estimated,4.3,No,888.4,Synthetic
3255,2024-09-28,BUT (URAN),Heera-Uran Complex,4.3,Estimated,4.3,No,878.4,Synthetic
3267,2024-09-29,BUT (URAN),Heera-Uran Complex,4.3,Estimated,4.3,No,810.2,Synthetic
3279,2024-09-30,BUT (URAN),Heera-Uran Complex,4.3,Estimated,4.3,No,862.5,Synthetic
3291,2024-10-01,BUT (URAN),Heera-Uran Complex,4.3,Estimated,4.3,No,860.6,Synthetic
3303,2024-10-02,BUT (URAN),Heera-Uran Complex,4.3,Estimated,4.3,No,809.8,Synthetic
3315,2024-10-03,BUT (URAN),Heera-Uran Complex,4.3,Estimated,4.3,No,857.8,Synthetic
3327,2024-10-04,BUT (URAN),Heera-Uran Complex,4.3,Estimated,4.3,No,874.4,Synthetic
3339,2024-10-05,BUT (URAN),Heera-Uran Complex,4.3,Estimated,4.3,No,806.3,Synthetic
3351,2024-10-06,BUT (URAN),Heera-Uran Complex,4.3,Estimated,4.3,No,810.0,Synthetic
3363,2024-10-07,BUT (URAN),Heera-Uran Complex,4.3,Estimated,4.3,No,856.9,Synthetic
3375,2024-10-08,BUT (URAN),Heera-Uran Complex,4.3,Estimated,4.3,No,836.9,Synthetic
3387,2024-10-09,BUT (URAN),Heera-Uran Complex,4.3,Estimated,4.3,No,842.4,Synthetic
3399,2024-10-10,BUT (URAN),Heera-Uran Complex,4.3,Estimated,4.3,No,835.7,Synthetic
3411,2024-10-11,BUT (URAN),Heera-Uran Complex,4.3,Estimated,4.3,No,835.5,Synthetic
3423,2024-10-12,BUT (URAN),Heera-Uran Complex,4.3,Estimated,4.3,No,791.6,Synthetic
3435,2024-10-13,BUT (URAN),Heera-Uran Complex,4.3,Estimated,4.3,No,848.9,Synthetic
3447,2024-10-14,BUT (URAN),Heera-Uran Complex,4.3,Estimated,4.3,No,850.4,Synthetic
3459,2024-10-15,BUT (URAN),Heera-Uran Complex,4.3,Estimated,4.3,No,814.6,Synthetic
3471,2024-10-16,BUT (URAN),Heera-Uran Complex,4.3,Estimated,4.3,No,817.7,Synthetic
3483,2024-10-17,BUT (URAN),Heera-Uran Complex,4.3,Estimated,4.3,No,779.9,Synthetic
3495,2024-10-18,BUT (URAN),Heera-Uran Complex,4.3,Estimated,4.3,No,828.6,Synthetic
3507,2024-10-19,BUT (URAN),Heera-Uran Complex,4.3,Estimated,4.3,No,828.6,Synthetic
3519,2024-10-20,BUT (URAN),Heera-Uran Complex,4.3,Estimated,4.3,No,811.7,Synthetic
3531,2024-10-21,BUT (URAN),Heera-Uran Complex,4.3,Estimated,4.3,No,839.2,Synthetic
3543,2024-10-22,BUT (URAN),Heera-Uran Complex,4.3,Estimated,4.3,No,802.3,Synthetic
3555,2024-10-23,BUT (URAN),Heera-Uran Complex,4.3,Estimated,4.3,No,822.7,Synthetic
3567,2024-10-24,BUT (URAN),Heera-Uran Complex,4.3,Estimated,4.3,No,782.9,Synthetic
3579,2024-10-25,BUT (URAN),Heera-Uran Complex,4.3,Estimated,4.3,No,805.7,Synthetic
3591,2024-10-26,BUT (URAN),Heera-Uran Complex,4.3,Estimated,4.3,No,800.7,Synthetic
3603,2024-10-27,BUT (URAN),Heera-Uran Complex,4.3,Estimated,4.3,No,808.9,Synthetic
3615,2024-10-28,BUT (URAN),Heera-Uran Complex,4.3,Estimated,4.3,No,793.2,Synthetic
3627,2024-10-29,BUT (URAN),Heera-Uran Complex,4.3,Estimated,4.3,No,797.6,Synthetic
3639,2024-10-30,BUT (URAN),Heera-Uran Complex,4.3,Estimated,4.3,No,819.2,Synthetic
3651,2024-10-31,BUT (URAN),Heera-Uran Complex,4.3,Estimated,4.3,No,787.5,Synthetic
3663,2024-11-01,BUT (URAN),Heera-Uran Complex,4.3,Estimated,4.3,No,758.2,Synthetic
3675,2024-11-02,BUT (URAN),Heera-Uran Complex,4.3,Estimated,4.3,No,837.0,Synthetic
3687,2024-11-03,BUT (URAN),Heera-Uran Complex,4.3,Estimated,4.3,No,826.8,Synthetic
3699,2024-11-04,BUT (URAN),Heera-Uran Complex,4.3,Estimated,4.3,No,761.8,Synthetic
3711,2024-11-05,BUT (URAN),Heera-Uran Complex,4.3,Estimated,4.3,No,807.6,Synthetic
3723,2024-11-06,BUT (URAN),Heera-Uran Complex,4.3,Estimated,4.3,No,777.9,Synthetic
3735,2024-11-07,BUT (URAN),Heera-Uran Complex,4.3,Estimated,4.3,No,794.7,Synthetic
3747,2024-11-08,BUT (URAN),Heera-Uran Complex,4.3,Estimated,4.3,No,794.1,Synthetic
3759,2024-11-09,BUT (URAN),Heera-Uran Complex,4.3,Estimated,4.3,No,780.3,Synthetic
3771,2024-11-10,BUT (URAN),Heera-Uran Complex,4.3,Estimated,4.3,No,766.0,Synthetic
3783,2024-11-11,BUT (URAN),Heera-Uran Complex,4.3,Estimated,4.3,No,766.9,Synthetic
3795,2024-11-12,BUT (URAN),Heera-Uran Complex,4.3,Estimated,4.3,No,760.3,Synthetic
3807,2024-11-13,BUT (URAN),Heera-Uran Complex,4.3,Estimated,4.3,No,760.9,Synthetic
3819,2024-11-14,BUT (URAN),Heera-Uran Complex,4.3,Estimated,4.3,No,777.5,Synthetic
3831,2024-11-15,BUT (URAN),Heera-Uran Complex,4.3,Estimated,4.3,No,761.0,Synthetic
3843,2024-11-16,BUT (URAN),Heera-Uran Complex,4.3,Estimated,4.3,No,792.3,Synthetic
3855,2024-11-17,BUT (URAN),Heera-Uran Complex,4.3,Estimated,4.3,No,809.6,Synthetic
3867,2024-11-18,BUT (URAN),Heera-Uran Complex,4.3,Estimated,4.3,No,760.3,Synthetic
3879,2024-11-19,BUT (URAN),Heera-Uran Complex,4.3,Estimated,4.3,No,778.0,Synthetic
3891,2024-11-20,BUT (URAN),Heera-Uran Complex,4.3,Estimated,4.3,No,782.6,Synthetic
3903,2024-11-21,BUT (URAN),Heera-Uran Complex,4.3,Estimated,4.3,No,780.7,Synthetic
3915,2024-11-22,BUT (URAN),Heera-Uran Complex,4.3,Estimated,4.3,No,770.2,Synthetic
3927,2024-11-23,BUT (URAN),Heera-Uran Complex,4.3,Estimated,4.3,No,784.2,Synthetic
3939,2024-11-24,BUT (URAN),Heera-Uran Complex,4.3,Estimated,4.3,No,776.9,Synthetic
3951,2024-11-25,BUT (URAN),Heera-Uran Complex,4.3,Estimated,4.3,No,736.1,Synthetic
3963,2024-11-26,BUT (URAN),Heera-Uran Complex,4.3,Estimated,4.3,No,783.1,Synthetic
3975,2024-11-27,BUT (URAN),Heera-Uran Complex,4.3,Estimated,4.3,No,782.2,Synthetic
3987,2024-11-28,BUT (URAN),Heera-Uran Complex,4.3,Estimated,4.3,No,743.2,Synthetic
3999,2024-11-29,BUT (URAN),Heera-Uran Complex,4.3,Estimated,4.3,No,760.1,Synthetic
4011,2024-11-30,BUT (URAN),Heera-Uran Complex,4.3,Estimated,4.3,No,773.5,Synthetic
4023,2024-12-01,BUT (URAN),Heera-Uran Complex,4.3,Estimated,4.3,No,751.9,Synthetic
4035,2024-12-02,BUT (URAN),Heera-Uran Complex,4.3,Estimated,4.3,No,779.7,Synthetic
4047,2024-12-03,BUT (URAN),Heera-Uran Complex,4.3,Estimated,4.3,No,807.6,Synthetic
4059,2024-12-04,BUT (URAN),Heera-Uran Complex,4.3,Estimated,4.3,No,735.0,Synthetic
4071,2024-12-05,BUT (URAN),Heera-Uran Complex,4.3,Estimated,4.3,No,720.4,Synthetic
4083,2024-12-06,BUT (URAN),Heera-Uran Complex,4.3,Estimated,4.3,No,757.1,Synthetic
4095,2024-12-07,BUT (URAN),Heera-Uran Complex,4.3,Estimated,4.3,No,765.1,Synthetic
4107,2024-12-08,BUT (URAN),Heera-Uran Complex,4.3,Estimated,4.3,No,742.5,Synthetic
4119,2024-12-09,BUT (URAN),Heera-Uran Complex,4.3,Estimated,4.3,No,778.9,Synthetic
4131,2024-12-10,BUT (URAN),Heera-Uran Complex,4.3,Estimated,4.3,No,715.2,Synthetic
4143,2024-12-11,BUT (URAN),Heera-Uran Complex,4.3,Estimated,4.3,No,759.3,Synthetic
4155,2024-12-12,BUT (URAN),Heera-Uran Complex,4.3,Estimated,4.3,No,729.0,Synthetic
4167,2024-12-13,BUT (URAN),Heera-Uran Complex,4.3,Estimated,4.3,No,779.5,Synthetic
4179,2024-12-14,BUT (URAN),Heera-Uran Complex,4.3,Estimated,4.3,No,784.2,Synthetic
4191,2024-12-15,BUT (URAN),Heera-Uran Complex,4.3,Estimated,4.3,No,721.7,Synthetic
4203,2024-12-16,BUT (URAN),Heera-Uran Complex,4.3,Estimated,4.3,No,725.3,Synthetic
4215,2024-12-17,BUT (URAN),Heera-Uran Complex,4.3,Estimated,4.3,No,755.2,Synthetic
4227,2024-12-18,BUT (URAN),Heera-Uran Complex,4.3,Estimated,4.3,No,726.4,Synthetic
4239,2024-12-19,BUT (URAN),Heera-Uran Complex,4.3,Estimated,4.3,No,732.7,Synthetic
4251,2024-12-20,BUT (URAN),Heera-Uran Complex,4.3,Estimated,4.3,No,733.0,Synthetic
4263,2024-12-21,BUT (URAN),Heera-Uran Complex,4.3,Estimated,4.3,No,689.0,Synthetic
4275,2024-12-22,BUT (URAN),Heera-Uran Complex,4.3,Estimated,4.3,No,729.6,Synthetic
4287,2024-12-23,BUT (URAN),Heera-Uran Complex,4.3,Estimated,4.3,No,713.6,Synthetic
4299,2024-12-24,BUT (URAN),Heera-Uran Complex,4.3,Estimated,4.3,No,716.6,Synthetic
4311,2024-12-25,BUT (URAN),Heera-Uran Complex,4.3,Estimated,4.3,No,757.6,Synthetic
4323,2024-12-26,BUT (URAN),Heera-Uran Complex,4.3,Estimated,4.3,No,697.6,Synthetic
4335,2024-12-27,BUT (URAN),Heera-Uran Complex,4.3,Estimated,4.3,No,741.3,Synthetic
4347,2024-12-28,BUT (URAN),Heera-Uran Complex,4.3,Estimated,4.3,No,716.4,Synthetic
4359,2024-12-29,BUT (URAN),Heera-Uran Complex,4.3,Estimated,4.3,No,715.1,Synthetic
4371,2024-12-30,BUT (URAN),Heera-Uran Complex,4.3,Estimated,4.3,No,737.0,Synthetic
4383,2024-12-31,BUT (URAN),Heera-Uran Complex,4.3,Estimated,4.3,No,726.1,Synthetic
4395,2025-01-01,BUT (URAN),Heera-Uran Complex,4.3,Estimated,4.3,No,729.8,Synthetic
4407,2025-01-02,BUT (URAN),Heera-Uran Complex,4.3,Estimated,4.3,No,737.1,Synthetic
4419,2025-01-03,BUT (URAN),Heera-Uran Complex,4.3,Estimated,4.3,No,707.9,Synthetic
4431,2025-01-04,BUT (URAN),Heera-Uran Complex,4.3,Estimated,4.3,No,700.7,Synthetic
4443,2025-01-05,BUT (URAN),Heera-Uran Complex,4.3,Estimated,4.3,No,689.4,Synthetic
4455,2025-01-06,BUT (URAN),Heera-Uran Complex,4.3,Estimated,4.3,No,693.7,Synthetic
4467,2025-01-07,BUT (URAN),Heera-Uran Complex,4.3,Estimated,4.3,No,773.0,Synthetic
4479,2025-01-08,BUT (URAN),Heera-Uran Complex,4.3,Estimated,4.3,No,735.4,Synthetic
4491,2025-01-09,BUT (URAN),Heera-Uran Complex,4.3,Estimated,4.3,No,679.0,Synthetic
4503,2025-01-10,BUT (URAN),Heera-Uran Complex,4.3,Estimated,4.3,No,678.5,Synthetic
4515,2025-01-11,BUT (URAN),Heera-Uran Complex,4.3,Estimated,4.3,No,715.5,Synthetic
4527,2025-01-12,BUT (URAN),Heera-Uran Complex,4.3,Estimated,4.3,No,715.6,Synthetic
4539,2025-01-13,BUT (URAN),Heera-Uran Complex,4.3,Estimated,4.3,No,714.4,Synthetic
4551,2025-01-14,BUT (URAN),Heera-Uran Complex,4.3,Estimated,4.3,No,696.3,Synthetic
4563,2025-01-15,BUT (URAN),Heera-Uran Complex,4.3,Estimated,4.3,No,697.8,Synthetic
4575,2025-01-16,BUT (URAN),Heera-Uran Complex,4.3,Estimated,4.3,No,706.1,Synthetic
4587,2025-01-17,BUT (URAN),Heera-Uran Complex,4.3,Estimated,4.3,No,699.9,Synthetic
4599,2025-01-18,BUT (URAN),Heera-Uran Complex,4.3,Estimated,4.3,No,650.5,Synthetic
4611,2025-01-19,BUT (URAN),Heera-Uran Complex,4.3,Estimated,4.3,No,690.9,Synthetic
4623,2025-01-20,BUT (URAN),Heera-Uran Complex,4.3,Estimated,4.3,No,676.7,Synthetic
4635,2025-01-21,BUT (URAN),Heera-Uran Complex,4.3,Estimated,4.3,No,696.9,Synthetic
4647,2025-01-22,BUT (URAN),Heera-Uran Complex,4.3,Estimated,4.3,No,754.1,Synthetic
4659,2025-01-23,BUT (URAN),Heera-Uran Complex,4.3,Estimated,4.3,No,698.5,Synthetic
4671,2025-01-24,BUT (URAN),Heera-Uran Complex,4.3,Estimated,4.3,No,683.2,Synthetic
4683,2025-01-25,BUT (URAN),Heera-Uran Complex,4.3,Estimated,4.3,No,707.6,Synthetic
4695,2025-01-26,BUT (URAN),Heera-Uran Complex,4.3,Estimated,4.3,No,697.3,Synthetic
4707,2025-01-27,BUT (URAN),Heera-Uran Complex,4.3,Estimated,4.3,No,694.8,Synthetic
4719,2025-01-28,BUT (URAN),Heera-Uran Complex,4.3,Estimated,4.3,No,697.5,Synthetic
4731,2025-01-29,BUT (URAN),Heera-Uran Complex,4.3,Estimated,4.3,No,726.0,Synthetic
4743,2025-01-30,BUT (URAN),Heera-Uran Complex,4.3,Estimated,4.3,No,659.5,Synthetic
4755,2025-01-31,BUT (URAN),Heera-Uran Complex,4.3,Estimated,4.3,No,691.2,Synthetic
4767,2025-02-01,BUT (URAN),Heera-Uran Complex,4.3,Estimated,4.3,No,661.4,Synthetic
4779,2025-02-02,BUT (URAN),Heera-Uran Complex,4.3,Estimated,4.3,No,690.5,Synthetic
4791,2025-02-03,BUT (URAN),Heera-Uran Complex,4.3,Estimated,4.3,No,659.3,Synthetic
4803,2025-02-04,BUT (URAN),Heera-Uran Complex,4.3,Estimated,4.3,No,668.4,Synthetic
4815,2025-02-05,BUT (URAN),Heera-Uran Complex,4.3,Estimated,4.3,No,669.7,Synthetic
4827,2025-02-06,BUT (URAN),Heera-Uran Complex,4.3,Estimated,4.3,No,694.3,Synthetic
4839,2025-02-07,BUT (URAN),Heera-Uran Complex,4.3,Estimated,4.3,No,691.9,Synthetic
4851,2025-02-08,BUT (URAN),Heera-Uran Complex,4.3,Estimated,4.3,No,647.1,Synthetic
4863,2025-02-09,BUT (URAN),Heera-Uran Complex,4.3,Estimated,4.3,No,672.2,Synthetic
4875,2025-02-10,BUT (URAN),Heera-Uran Complex,4.3,Estimated,4.3,No,655.6,Synthetic
4887,2025-02-11,BUT (URAN),Heera-Uran Complex,4.3,Estimated,4.3,No,643.5,Synthetic
4899,2025-02-12,BUT (URAN),Heera-Uran Complex,4.3,Estimated,4.3,No,663.3,Synthetic
4911,2025-02-13,BUT (URAN),Heera-Uran Complex,4.3,Estimated,4.3,No,660.3,Synthetic
4923,2025-02-14,BUT (URAN),Heera-Uran Complex,4.3,Estimated,4.3,No,713.8,Synthetic
4935,2025-02-15,BUT (URAN),Heera-Uran Complex,4.3,Estimated,4.3,No,672.8,Synthetic
4947,2025-02-16,BUT (URAN),Heera-Uran Complex,4.3,Estimated,4.3,No,635.6,Synthetic
4959,2025-02-17,BUT (URAN),Heera-Uran Complex,4.3,Estimated,4.3,No,650.7,Synthetic
4971,2025-02-18,BUT (URAN),Heera-Uran Complex,4.3,Estimated,4.3,No,681.0,Synthetic
4983,2025-02-19,BUT (URAN),Heera-Uran Complex,4.3,Estimated,4.3,No,701.0,Synthetic
4995,2025-02-20,BUT (URAN),Heera-Uran Complex,4.3,Estimated,4.3,No,627.2,Synthetic
5007,2025-02-21,BUT (URAN),Heera-Uran Complex,4.3,Estimated,4.3,No,620.3,Synthetic
5019,2025-02-22,BUT (URAN),Heera-Uran Complex,4.3,Estimated,4.3,No,693.1,Synthetic
5031,2025-02-23,BUT (URAN),Heera-Uran Complex,4.3,Estimated,4.3,No,662.8,Synthetic
5043,2025-02-24,BUT (URAN),Heera-Uran Complex,4.3,Estimated,4.3,No,637.0,Synthetic
5055,2025-02-25,BUT (URAN),Heera-Uran Complex,4.3,Estimated,4.3,No,663.4,Synthetic
5067,2025-02-26,BUT (URAN),Heera-Uran Complex,4.3,Estimated,4.3,No,600.2,Synthetic
5079,2025-02-27,BUT (URAN),Heera-Uran Complex,4.3,Estimated,4.3,No,650.7,Synthetic
5091,2025-02-28,BUT (URAN),Heera-Uran Complex,4.3,Estimated,4.3,No,655.9,Synthetic
5103,2025-03-01,BUT (URAN),Heera-Uran Complex,4.3,Estimated,4.3,No,666.4,Synthetic
5115,2025-03-02,BUT (URAN),Heera-Uran Complex,4.3,Estimated,4.3,No,627.6,Synthetic
5127,2025-03-03,BUT (URAN),Heera-Uran Complex,4.3,Estimated,4.3,No,647.9,Synthetic
5139,2025-03-04,BUT (URAN),Heera-Uran Complex,4.3,Estimated,4.3,No,627.2,Synthetic
5151,2025-03-05,BUT (URAN),Heera-Uran Complex,4.3,Estimated,4.3,No,648.9,Synthetic
5163,2025-03-06,BUT (URAN),Heera-Uran Complex,4.3,Estimated,4.3,No,625.6,Synthetic
5175,2025-03-07,BUT (URAN),Heera-Uran Complex,4.3,Estimated,4.3,No,633.9,Synthetic
5187,2025-03-08,BUT (URAN),Heera-Uran Complex,4.3,Estimated,4.3,No,621.5,Synthetic
5199,2025-03-09,BUT (URAN),Heera-Uran Complex,4.3,Estimated,4.3,No,652.1,Synthetic
5211,2025-03-10,BUT (URAN),Heera-Uran Complex,4.3,Estimated,4.3,No,654.9,Synthetic
5223,2025-03-11,BUT (URAN),Heera-Uran Complex,4.3,Estimated,4.3,No,632.9,Synthetic
5235,2025-03-12,BUT (URAN),Heera-Uran Complex,4.3,Estimated,4.3,No,637.0,Synthetic
5247,2025-03-13,BUT (URAN),Heera-Uran Complex,4.3,Estimated,4.3,No,607.6,Synthetic
5259,2025-03-14,BUT (URAN),Heera-Uran Complex,4.3,Estimated,4.3,No,628.4,Synthetic
5271,2025-03-15,BUT (URAN),Heera-Uran Complex,4.3,Estimated,4.3,No,632.1,Synthetic
5283,2025-03-16,BUT (URAN),Heera-Uran Complex,4.3,Estimated,4.3,No,681.6,Synthetic
5295,2025-03-17,BUT (URAN),Heera-Uran Complex,4.3,Estimated,4.3,No,609.8,Synthetic
5307,2025-03-18,BUT (URAN),Heera-Uran Complex,4.3,Estimated,4.3,No,657.5,Synthetic
5319,2025-03-19,BUT (URAN),Heera-Uran Complex,4.3,Estimated,4.3,No,647.5,Synthetic
5331,2025-03-20,BUT (URAN),Heera-Uran Complex,4.3,Estimated,4.3,No,632.9,Synthetic
5343,2025-03-21,BUT (URAN),Heera-Uran Complex,4.3,Estimated,4.3,No,659.6,Synthetic
5355,2025-03-22,BUT (URAN),Heera-Uran Complex,4.3,Estimated,4.3,No,632.5,Synthetic
5367,2025-03-23,BUT (URAN),Heera-Uran Complex,4.3,Estimated,4.3,No,631.7,Synthetic
5379,2025-03-24,BUT (URAN),Heera-Uran Complex,4.3,Estimated,4.3,No,622.3,Synthetic
5391,2025-03-25,BUT (URAN),Heera-Uran Complex,4.3,Estimated,4.3,No,645.1,Synthetic
5403,2025-03-26,BUT (URAN),Heera-Uran Complex,4.3,Estimated,4.3,No,641.6,Synthetic
5415,2025-03-27,BUT (URAN),Heera-Uran Complex,4.3,Estimated,4.3,No,608.5,Synthetic
5427,2025-03-28,BUT (URAN),Heera-Uran Complex,4.3,Estimated,4.3,No,594.6,Synthetic
5439,2025-03-29,BUT (URAN),Heera-Uran Complex,4.3,Estimated,4.3,No,614.3,Synthetic
5451,2025-03-30,BUT (URAN),Heera-Uran Complex,4.3,Estimated,4.3,No,602.1,Synthetic
5463,2025-03-31,BUT (URAN),Heera-Uran Complex,4.3,Estimated,4.3,No,614.7,Synthetic
5475,2025-04-01,BUT (URAN),Heera-Uran Complex,4.3,Estimated,4.3,No,637.7,Synthetic
5487,2025-04-02,BUT (URAN),Heera-Uran Complex,4.3,Estimated,4.3,No,605.4,Synthetic
5499,2025-04-03,BUT (URAN),Heera-Uran Complex,4.3,Estimated,4.3,No,612.0,Synthetic
5511,2025-04-04,BUT (URAN),Heera-Uran Complex,4.3,Estimated,4.3,No,612.8,Synthetic
5523,2025-04-05,BUT (URAN),Heera-Uran Complex,4.3,Estimated,4.3,No,626.2,Synthetic
5535,2025-04-06,BUT (URAN),Heera-Uran Complex,4.3,Estimated,4.3,No,568.5,Synthetic
5547,2025-04-07,BUT (URAN),Heera-Uran Complex,4.3,Estimated,4.3,No,597.5,Synthetic
5559,2025-04-08,BUT (URAN),Heera-Uran Complex,4.3,Estimated,4.3,No,611.4,Synthetic
5571,2025-04-09,BUT (URAN),Heera-Uran Complex,4.3,Estimated,4.3,No,628.3,Synthetic
5583,2025-04-10,BUT (URAN),Heera-Uran Complex,4.3,Estimated,4.3,No,596.5,Synthetic
5595,2025-04-11,BUT (URAN),Heera-Uran Complex,4.3,Estimated,4.3,No,570.4,Synthetic
5607,2025-04-12,BUT (URAN),Heera-Uran Complex,4.3,Estimated,4.3,No,614.6,Synthetic
5619,2025-04-13,BUT (URAN),Heera-Uran Complex,4.3,Estimated,4.3,No,590.8,Synthetic
5631,2025-04-14,BUT (URAN),Heera-Uran Complex,4.3,Estimated,4.3,No,579.8,Synthetic
5643,2025-04-15,BUT (URAN),Heera-Uran Complex,4.3,Estimated,4.3,No,589.0,Synthetic
5655,2025-04-16,BUT (URAN),Heera-Uran Complex,4.3,Estimated,4.3,No,595.9,Synthetic
5667,2025-04-17,BUT (URAN),Heera-Uran Complex,4.3,Estimated,4.3,No,587.3,Synthetic
5679,2025-04-18,BUT (URAN),Heera-Uran Complex,4.3,Estimated,4.3,No,557.7,Synthetic
5691,2025-04-19,BUT (URAN),Heera-Uran Complex,4.3,Estimated,4.3,No,612.2,Synthetic
5703,2025-04-20,BUT (URAN),Heera-Uran Complex,4.3,Estimated,4.3,No,617.9,Synthetic
5715,2025-04-21,BUT (URAN),Heera-Uran Complex,4.3,Estimated,4.3,No,605.7,Synthetic
5727,2025-04-22,BUT (URAN),Heera-Uran Complex,4.3,Estimated,4.3,No,572.8,Synthetic
5739,2025-04-23,BUT (URAN),Heera-Uran Complex,4.3,Estimated,4.3,No,588.5,Synthetic
5751,2025-04-24,BUT (URAN),Heera-Uran Complex,4.3,Estimated,4.3,No,590.9,Synthetic
5763,2025-04-25,BUT (URAN),Heera-Uran Complex,4.3,Estimated,4.3,No,600.6,Synthetic
5775,2025-04-26,BUT (URAN),Heera-Uran Complex,4.3,Estimated,4.3,No,600.8,Synthetic
5787,2025-04-27,BUT (URAN),Heera-Uran Complex,4.3,Estimated,4.3,No,575.1,Synthetic
5799,2025-04-28,BUT (URAN),Heera-Uran Complex,4.3,Estimated,4.3,No,588.5,Synthetic
5811,2025-04-29,BUT (URAN),Heera-Uran Complex,4.3,Estimated,4.3,No,594.0,Synthetic
5823,2025-04-30,BUT (URAN),Heera-Uran Complex,4.3,Estimated,4.3,No,610.6,Synthetic
5835,2025-05-01,BUT (URAN),Heera-Uran Complex,4.3,Estimated,4.3,No,596.3,Synthetic
5847,2025-05-02,BUT (URAN),Heera-Uran Complex,4.3,Estimated,4.3,No,596.8,Synthetic
5859,2025-05-03,BUT (URAN),Heera-Uran Complex,4.3,Estimated,4.3,No,583.5,Synthetic
5871,2025-05-04,BUT (URAN),Heera-Uran Complex,4.3,Estimated,4.3,No,605.6,Synthetic
5883,2025-05-05,BUT (URAN),Heera-Uran Complex,4.3,Estimated,4.3,No,587.1,Synthetic
5895,2025-05-06,BUT (URAN),Heera-Uran Complex,4.3,Estimated,4.3,No,564.1,Synthetic
5907,2025-05-07,BUT (URAN),Heera-Uran Complex,4.3,Estimated,4.3,No,602.4,Synthetic
5919,2025-05-08,BUT (URAN),Heera-Uran Complex,4.3,Estimated,4.3,No,589.1,Synthetic
5931,2025-05-09,BUT (URAN),Heera-Uran Complex,4.3,Estimated,4.3,No,568.4,Synthetic
5943,2025-05-10,BUT (URAN),Heera-Uran Complex,4.3,Estimated,4.3,No,566.8,Synthetic
5955,2025-05-11,BUT (URAN),Heera-Uran Complex,4.3,Estimated,4.3,No,579.2,Synthetic
5967,2025-05-12,BUT (URAN),Heera-Uran Complex,4.3,Estimated,4.3,No,581.0,Synthetic
5979,2025-05-13,BUT (URAN),Heera-Uran Complex,4.3,Estimated,4.3,No,575.5,Synthetic
5991,2025-05-14,BUT (URAN),Heera-Uran Complex,4.3,Estimated,4.3,No,576.5,Synthetic
6003,2025-05-15,BUT (URAN),Heera-Uran Complex,4.3,Estimated,4.3,No,599.2,Synthetic
6015,2025-05-16,BUT (URAN),Heera-Uran Complex,4.3,Estimated,4.3,No,587.5,Synthetic
6027,2025-05-17,BUT (URAN),Heera-Uran Complex,4.3,Estimated,4.3,No,571.4,Synthetic
6039,2025-05-18,BUT (URAN),Heera-Uran Complex,4.3,Estimated,4.3,No,583.2,Synthetic
6051,2025-05-19,BUT (URAN),Heera-Uran Complex,4.3,Estimated,4.3,No,548.7,Synthetic
6063,2025-05-20,BUT (URAN),Heera-Uran Complex,4.3,Estimated,4.3,No,572.0,Synthetic
6075,2025-05-21,BUT (URAN),Heera-Uran Complex,4.3,Estimated,4.3,No,594.9,Synthetic
6087,2025-05-22,BUT (URAN),Heera-Uran Complex,4.3,Estimated,4.3,No,559.7,Synthetic
6099,2025-05-23,BUT (URAN),Heera-Uran Complex,4.3,Estimated,4.3,No,548.1,Synthetic
6111,2025-05-24,BUT (URAN),Heera-Uran Complex,4.3,Estimated,4.3,No,550.4,Synthetic
6123,2025-05-25,BUT (URAN),Heera-Uran Complex,4.3,Estimated,4.3,No,542.1,Synthetic
6135,2025-05-26,BUT (URAN),Heera-Uran Complex,4.3,Estimated,4.3,No,546.3,Synthetic
6147,2025-05-27,BUT (URAN),Heera-Uran Complex,4.3,Estimated,4.3,No,552.3,Synthetic
6159,2025-05-28,BUT (URAN),Heera-Uran Complex,4.3,Estimated,4.3,No,534.1,Synthetic
6171,2025-05-29,BUT (URAN),Heera-Uran Complex,4.3,Estimated,4.3,No,556.9,Synthetic
6183,2025-05-30,BUT (URAN),Heera-Uran Complex,4.3,Estimated,4.3,No,570.7,Synthetic
6195,2025-05-31,BUT (URAN),Heera-Uran Complex,4.3,Estimated,4.3,No,539.6,Synthetic
6207,2025-06-01,BUT (URAN),Heera-Uran Complex,4.3,Estimated,4.3,No,579.0,Synthetic
6219,2025-06-02,BUT (URAN),Heera-Uran Complex,4.3,Estimated,4.3,No,561.3,Synthetic
6231,2025-06-03,BUT (URAN),Heera-Uran Complex,4.3,Estimated,4.3,No,568.9,Synthetic
6243,2025-06-04,BUT (URAN),Heera-Uran Complex,4.3,Estimated,4.3,No,540.0,Synthetic
6255,2025-06-05,BUT (URAN),Heera-Uran Complex,4.3,Estimated,4.3,No,564.1,Synthetic
6267,2025-06-06,BUT (URAN),Heera-Uran Complex,4.3,Estimated,4.3,No,531.0,Synthetic
6279,2025-06-07,BUT (URAN),Heera-Uran Complex,4.3,Estimated,4.3,No,562.7,Synthetic
6291,2025-06-08,BUT (URAN),Heera-Uran Complex,4.3,Estimated,4.3,No,550.0,Synthetic
6303,2025-06-09,BUT (URAN),Heera-Uran Complex,4.3,Estimated,4.3,No,555.3,Synthetic
6315,2025-06-10,BUT (URAN),Heera-Uran Complex,4.3,Estimated,4.3,No,526.0,Synthetic
6327,2025-06-11,BUT (URAN),Heera-Uran Complex,4.3,Estimated,4.3,No,529.7,Synthetic
6339,2025-06-12,BUT (URAN),Heera-Uran Complex,4.3,Estimated,4.3,No,553.1,Synthetic
6351,2025-06-13,BUT (URAN),Heera-Uran Complex,4.3,Estimated,4.3,No,527.0,Synthetic
6363,2025-06-14,BUT (URAN),Heera-Uran Complex,4.3,Estimated,4.3,No,549.1,Synthetic
6375,2025-06-15,BUT (URAN),Heera-Uran Complex,4.3,Estimated,4.3,No,518.4,Synthetic
6387,2025-06-16,BUT (URAN),Heera-Uran Complex,4.3,Estimated,4.3,No,553.4,Synthetic
6399,2025-06-17,BUT (URAN),Heera-Uran Complex,4.3,Estimated,4.3,No,518.8,Synthetic
6411,2025-06-18,BUT (URAN),Heera-Uran Complex,4.3,Estimated,4.3,No,546.8,Synthetic
6423,2025-06-19,BUT (URAN),Heera-Uran Complex,4.3,Estimated,4.3,No,547.0,Synthetic
6435,2025-06-20,BUT (URAN),Heera-Uran Complex,4.3,Estimated,4.3,No,524.8,Synthetic
6447,2025-06-21,BUT (URAN),Heera-Uran Complex,4.3,Estimated,4.3,No,544.4,Synthetic
6459,2025-06-22,BUT (URAN),Heera-Uran Complex,4.3,Estimated,4.3,No,538.3,Synthetic
6471,2025-06-23,BUT (URAN),Heera-Uran Complex,4.3,Estimated,4.3,No,524.6,Synthetic
6483,2025-06-24,BUT (URAN),Heera-Uran Complex,4.3,Estimated,4.3,No,516.2,Synthetic
6495,2025-06-25,BUT (URAN),Heera-Uran Complex,4.3,Estimated,4.3,No,500.1,Synthetic
6507,2025-06-26,BUT (URAN),Heera-Uran Complex,4.3,Estimated,4.3,No,536.1,Synthetic
6519,2025-06-27,BUT (URAN),Heera-Uran Complex,4.3,Estimated,4.3,No,504.7,Synthetic
6531,2025-06-28,BUT (URAN),Heera-Uran Complex,4.3,Estimated,4.3,No,530.2,Synthetic
6543,2025-06-29,BUT (URAN),Heera-Uran Complex,4.3,Estimated,4.3,No,523.6,Synthetic
6555,2025-06-30,BUT (URAN),Heera-Uran Complex,4.3,Estimated,4.3,No,537.6,Synthetic
6567,2025-07-01,BUT (URAN),Heera-Uran Complex,4.3,Estimated,4.3,No,521.2,Synthetic
6579,2025-07-02,BUT (URAN),Heera-Uran Complex,4.3,Estimated,4.3,No,519.9,Synthetic
6591,2025-07-03,BUT (URAN),Heera-Uran Complex,4.3,Estimated,4.3,No,535.7,Synthetic
6603,2025-07-04,BUT (URAN),Heera-Uran Complex,4.3,Estimated,4.3,No,528.5,Synthetic
6615,2025-07-05,BUT (URAN),Heera-Uran Complex,4.3,Estimated,4.3,No,527.3,Synthetic
6627,2025-07-06,BUT (URAN),Heera-Uran Complex,4.3,Estimated,4.3,No,528.8,Synthetic
6639,2025-07-07,BUT (URAN),Heera-Uran Complex,4.3,Estimated,4.3,No,496.6,Synthetic
6651,2025-07-08,BUT (URAN),Heera-Uran Complex,4.3,Estimated,4.3,No,531.5,Synthetic
6663,2025-07-09,BUT (URAN),Heera-Uran Complex,4.3,Estimated,4.3,No,528.3,Synthetic
6675,2025-07-10,BUT (URAN),Heera-Uran Complex,4.3,Estimated,4.3,No,502.1,Synthetic
6687,2025-07-11,BUT (URAN),Heera-Uran Complex,4.3,Estimated,4.3,No,513.2,Synthetic
6699,2025-07-12,BUT (URAN),Heera-Uran Complex,4.3,Estimated,4.3,No,515.5,Synthetic
6711,2025-07-13,BUT (URAN),Heera-Uran Complex,4.3,Estimated,4.3,No,513.2,Synthetic
6723,2025-07-14,BUT (URAN),Heera-Uran Complex,4.3,Estimated,4.3,No,519.5,Synthetic
6735,2025-07-15,BUT (URAN),Heera-Uran Complex,4.3,Estimated,4.3,No,535.5,Synthetic
6747,2025-07-16,BUT (URAN),Heera-Uran Complex,4.3,Estimated,4.3,No,529.3,Synthetic
6759,2025-07-17,BUT (URAN),Heera-Uran Complex,4.3,Estimated,4.3,No,491.6,Synthetic
6771,2025-07-18,BUT (URAN),Heera-Uran Complex,4.3,Estimated,4.3,No,520.4,Synthetic
6783,2025-07-19,BUT (URAN),Heera-Uran Complex,4.3,Estimated,4.3,No,530.3,Synthetic
6795,2025-07-20,BUT (URAN),Heera-Uran Complex,4.3,Estimated,4.3,No,515.0,Synthetic
6807,2025-07-21,BUT (URAN),Heera-Uran Complex,4.3,Estimated,4.3,No,524.9,Synthetic
6819,2025-07-22,BUT (URAN),Heera-Uran Complex,4.3,Estimated,4.3,No,538.0,Synthetic
6831,2025-07-23,BUT (URAN),Heera-Uran Complex,4.3,Estimated,4.3,No,522.1,Synthetic
6843,2025-07-24,BUT (URAN),Heera-Uran Complex,4.3,Estimated,4.3,No,509.4,Synthetic
6855,2025-07-25,BUT (URAN),Heera-Uran Complex,4.3,Estimated,4.3,No,520.6,Synthetic
6867,2025-07-26,BUT (URAN),Heera-Uran Complex,4.3,Estimated,4.3,No,506.1,Synthetic
6879,2025-07-27,BUT (URAN),Heera-Uran Complex,4.3,Estimated,4.3,No,503.4,Synthetic
6891,2025-07-28,BUT (URAN),Heera-Uran Complex,4.3,Estimated,4.3,No,496.9,Synthetic
6903,2025-07-29,BUT (URAN),Heera-Uran Complex,4.3,Estimated,4.3,No,524.8,Synthetic
6915,2025-07-30,BUT (URAN),Heera-Uran Complex,4.3,Estimated,4.3,No,488.2,Synthetic
6927,2025-07-31,BUT (URAN),Heera-Uran Complex,4.3,Estimated,4.3,No,522.6,Synthetic
6939,2025-08-01,BUT (URAN),Heera-Uran Complex,4.3,Estimated,4.3,No,506.2,Synthetic
6951,2025-08-02,BUT (URAN),Heera-Uran Complex,4.3,Estimated,4.3,No,477.0,Synthetic
6963,2025-08-03,BUT (URAN),Heera-Uran Complex,4.3,Estimated,4.3,No,502.5,Synthetic
6975,2025-08-04,BUT (URAN),Heera-Uran Complex,4.3,Estimated,4.3,No,464.9,Synthetic
6987,2025-08-05,BUT (URAN),Heera-Uran Complex,4.3,Estimated,4.3,No,504.6,Synthetic
6999,2025-08-06,BUT (URAN),Heera-Uran Complex,4.3,Estimated,4.3,No,507.6,Synthetic
7011,2025-08-07,BUT (URAN),Heera-Uran Complex,4.3,Estimated,4.3,No,484.9,Synthetic
7023,2025-08-08,BUT (URAN),Heera-Uran Complex,4.3,Estimated,4.3,No,494.6,Synthetic
7035,2025-08-09,BUT (URAN),Heera-Uran Complex,4.3,Estimated,4.3,No,520.8,Synthetic
7047,2025-08-10,BUT (URAN),Heera-Uran Complex,4.3,Estimated,4.3,No,483.6,Synthetic
7059,2025-08-11,BUT (URAN),Heera-Uran Complex,4.3,Estimated,4.3,No,474.7,Synthetic
7071,2025-08-12,BUT (URAN),Heera-Uran Complex,4.3,Estimated,4.3,No,511.2,Synthetic
7083,2025-08-13,BUT (URAN),Heera-Uran Complex,4.3,Estimated,4.3,No,517.3,Synthetic
7095,2025-08-14,BUT (URAN),Heera-Uran Complex,4.3,Estimated,4.3,No,487.8,Synthetic
7107,2025-08-15,BUT (URAN),Heera-Uran Complex,4.3,Estimated,4.3,No,501.7,Synthetic
7119,2025-08-16,BUT (URAN),Heera-Uran Complex,4.3,Estimated,4.3,No,505.6,Synthetic
7131,2025-08-17,BUT (URAN),Heera-Uran Complex,4.3,Estimated,4.3,No,474.4,Synthetic
7143,2025-08-18,BUT (URAN),Heera-Uran Complex,4.3,Estimated,4.3,No,477.4,Synthetic
7155,2025-08-19,BUT (URAN),Heera-Uran Complex,4.3,Estimated,4.3,No,501.4,Synthetic
7167,2025-08-20,BUT (URAN),Heera-Uran Complex,4.3,Estimated,4.3,No,507.1,Synthetic
7179,2025-08-21,BUT (URAN),Heera-Uran Complex,4.3,Estimated,4.3,No,490.1,Synthetic
7191,2025-08-22,BUT (URAN),Heera-Uran Complex,4.3,Estimated,4.3,No,468.4,Synthetic
7203,2025-08-23,BUT (URAN),Heera-Uran Complex,4.3,Estimated,4.3,No,508.9,Synthetic
7215,2025-08-24,BUT (URAN),Heera-Uran Complex,4.3,Estimated,4.3,No,471.8,Synthetic
7227,2025-08-25,BUT (URAN),Heera-Uran Complex,4.3,Estimated,4.3,No,473.8,Synthetic
7239,2025-08-26,BUT (URAN),Heera-Uran Complex,4.3,Estimated,4.3,No,482.7,Synthetic
7251,2025-08-27,BUT (URAN),Heera-Uran Complex,4.3,Estimated,4.3,No,499.2,Synthetic
7263,2025-08-28,BUT (URAN),Heera-Uran Complex,4.3,Estimated,4.3,No,488.4,Synthetic
7275,2025-08-29,BUT (URAN),Heera-Uran Complex,4.3,Estimated,4.3,No,481.3,Synthetic
7287,2025-08-30,BUT (URAN),Heera-Uran Complex,4.3,Estimated,4.3,No,481.1,Synthetic
7299,2025-08-31,BUT (URAN),Heera-Uran Complex,4.3,Estimated,4.3,No,474.3,Synthetic
7311,2025-09-01,BUT (URAN),Heera-Uran Complex,4.3,Estimated,4.3,No,480.8,Synthetic
7323,2025-09-02,BUT (URAN),Heera-Uran Complex,4.3,Estimated,4.3,No,436.3,Synthetic
7335,2025-09-03,BUT (URAN),Heera-Uran Complex,4.3,Estimated,4.3,No,467.1,Synthetic
7347,2025-09-04,BUT (URAN),Heera-Uran Complex,4.3,Estimated,4.3,No,473.9,Synthetic
7359,2025-09-05,BUT (URAN),Heera-Uran Complex,4.3,Estimated,4.3,No,453.5,Synthetic
7371,2025-09-06,BUT (URAN),Heera-Uran Complex,4.3,Estimated,4.3,No,474.3,Synthetic
7383,2025-09-07,BUT (URAN),Heera-Uran Complex,4.3,Estimated,4.3,No,465.2,Synthetic
7395,2025-09-08,BUT (URAN),Heera-Uran Complex,4.3,Estimated,4.3,No,491.9,Synthetic
7407,2025-09-09,BUT (URAN),Heera-Uran Complex,4.3,Estimated,4.3,No,488.5,Synthetic
7419,2025-09-10,BUT (URAN),Heera-Uran Complex,4.3,Estimated,4.3,No,459.2,Synthetic
7431,2025-09-11,BUT (URAN),Heera-Uran Complex,4.3,Estimated,4.3,No,462.8,Synthetic
7443,2025-09-12,BUT (URAN),Heera-Uran Complex,4.3,Estimated,4.3,No,463.0,Synthetic
7455,2025-09-13,BUT (URAN),Heera-Uran Complex,4.3,Estimated,4.3,No,457.0,Synthetic
7467,2025-09-14,BUT (URAN),Heera-Uran Complex,4.3,Estimated,4.3,No,465.2,Synthetic
7479,2025-09-15,BUT (URAN),Heera-Uran Complex,4.3,Estimated,4.3,No,451.2,Synthetic
7491,2025-09-16,BUT (URAN),Heera-Uran Complex,4.3,Estimated,4.3,No,445.3,Synthetic
7503,2025-09-17,BUT (URAN),Heera-Uran Complex,4.3,Estimated,4.3,No,468.7,Synthetic
7515,2025-09-18,BUT (URAN),Heera-Uran Complex,4.3,Estimated,4.3,No,468.0,Synthetic
7527,2025-09-19,BUT (URAN),Heera-Uran Complex,4.3,Estimated,4.3,No,447.5,Synthetic
7539,2025-09-20,BUT (URAN),Heera-Uran Complex,4.3,Estimated,4.3,No,470.0,Synthetic
7551,2025-09-21,BUT (URAN),Heera-Uran Complex,4.3,Estimated,4.3,No,448.3,Synthetic
7563,2025-09-22,BUT (URAN),Heera-Uran Complex,4.3,Estimated,4.3,No,459.6,Synthetic
7575,2025-09-23,BUT (URAN),Heera-Uran Complex,4.3,Estimated,4.3,No,466.6,Synthetic
7587,2025-09-24,BUT (URAN),Heera-Uran Complex,4.3,Estimated,4.3,No,454.2,Synthetic
7599,2025-09-25,BUT (URAN),Heera-Uran Complex,4.3,Estimated,4.3,No,460.0,Synthetic
7611,2025-09-26,BUT (URAN),Heera-Uran Complex,4.3,Estimated,4.3,No,446.0,Synthetic
7623,2025-09-27,BUT (URAN),Heera-Uran Complex,4.3,Estimated,4.3,No,449.6,Synthetic
7635,2025-09-28,BUT (URAN),Heera-Uran Complex,4.3,Estimated,4.3,No,448.7,Synthetic
7647,2025-09-29,BUT (URAN),Heera-Uran Complex,4.3,Estimated,4.3,No,440.6,Synthetic
7659,2025-09-30,BUT (URAN),Heera-Uran Complex,4.3,Estimated,4.3,No,447.6,Synthetic
7671,2025-10-01,BUT (URAN),Heera-Uran Complex,4.3,Estimated,4.3,No,428.3,Synthetic
7683,2025-10-02,BUT (URAN),Heera-Uran Complex,4.3,Estimated,4.3,No,441.8,Synthetic
7695,2025-10-03,BUT (URAN),Heera-Uran Complex,4.3,Estimated,4.3,No,443.8,Synthetic
7707,2025-10-04,BUT (URAN),Heera-Uran Complex,4.3,Estimated,4.3,No,443.4,Synthetic
7719,2025-10-05,BUT (URAN),Heera-Uran Complex,4.3,Estimated,4.3,No,442.9,Synthetic
7731,2025-10-06,BUT (URAN),Heera-Uran Complex,4.3,Estimated,4.3,No,444.5,Synthetic
7743,2025-10-07,BUT (URAN),Heera-Uran Complex,4.3,Estimated,4.3,No,451.0,Synthetic
7755,2025-10-08,BUT (URAN),Heera-Uran Complex,4.3,Estimated,4.3,No,455.5,Synthetic
7767,2025-10-09,BUT (URAN),Heera-Uran Complex,4.3,Estimated,4.3,No,434.4,Synthetic
7779,2025-10-10,BUT (URAN),Heera-Uran Complex,4.3,Estimated,4.3,No,426.3,Synthetic
7791,2025-10-11,BUT (URAN),Heera-Uran Complex,4.3,Estimated,4.3,No,427.7,Synthetic
7803,2025-10-12,BUT (URAN),Heera-Uran Complex,4.3,Estimated,4.3,No,434.3,Synthetic
7815,2025-10-13,BUT (URAN),Heera-Uran Complex,4.3,Estimated,4.3,No,435.4,Synthetic
7827,2025-10-14,BUT (URAN),Heera-Uran Complex,4.3,Estimated,4.3,No,429.1,Synthetic
7839,2025-10-15,BUT (URAN),Heera-Uran Complex,4.3,Estimated,4.3,No,421.5,Synthetic
7851,2025-10-16,BUT (URAN),Heera-Uran Complex,4.3,Estimated,4.3,No,431.8,Synthetic
7863,2025-10-17,BUT (URAN),Heera-Uran Complex,4.3,Estimated,4.3,No,439.4,Synthetic
7875,2025-10-18,BUT (URAN),Heera-Uran Complex,4.3,Estimated,4.3,No,444.1,Synthetic
7887,2025-10-19,BUT (URAN),Heera-Uran Complex,4.3,Estimated,4.3,No,428.2,Synthetic
7899,2025-10-20,BUT (URAN),Heera-Uran Complex,4.3,Estimated,4.3,No,429.4,Synthetic
7911,2025-10-21,BUT (URAN),Heera-Uran Complex,4.3,Estimated,4.3,No,422.0,Synthetic
7923,2025-10-22,BUT (URAN),Heera-Uran Complex,4.3,Estimated,4.3,No,432.9,Synthetic
7935,2025-10-23,BUT (URAN),Heera-Uran Complex,4.3,Estimated,4.3,No,421.5,Synthetic
7947,2025-10-24,BUT (URAN),Heera-Uran Complex,4.3,Estimated,4.3,No,439.2,Synthetic
7959,2025-10-25,BUT (URAN),Heera-Uran Complex,4.3,Estimated,4.3,No,408.0,Synthetic
7971,2025-10-26,BUT (URAN),Heera-Uran Complex,4.3,Estimated,4.3,No,425.7,Synthetic
7983,2025-10-27,BUT (URAN),Heera-Uran Complex,4.3,Estimated,4.3,No,433.5,Synthetic
7995,2025-10-28,BUT (URAN),Heera-Uran Complex,4.3,Estimated,4.3,No,431.2,Synthetic
8007,2025-10-29,BUT (URAN),Heera-Uran Complex,4.3,Estimated,4.3,No,462.7,Synthetic
8019,2025-10-30,BUT (URAN),Heera-Uran Complex,4.3,Estimated,4.3,No,431.9,Synthetic
8031,2025-10-31,BUT (URAN),Heera-Uran Complex,4.3,Estimated,4.3,No,413.8,Synthetic
8043,2025-11-01,BUT (URAN),Heera-Uran Complex,4.3,Estimated,4.3,No,424.7,Synthetic
8055,2025-11-02,BUT (URAN),Heera-Uran Complex,4.3,Estimated,4.3,No,402.5,Synthetic
8067,2025-11-03,BUT (URAN),Heera-Uran Complex,4.3,Estimated,4.3,No,423.4,Synthetic
8079,2025-11-04,BUT (URAN),Heera-Uran Complex,4.3,Estimated,4.3,No,413.1,Synthetic
8091,2025-11-05,BUT (URAN),Heera-Uran Complex,4.3,Estimated,4.3,No,434.6,Synthetic
8103,2025-11-06,BUT (URAN),Heera-Uran Complex,4.3,Estimated,4.3,No,415.3,Synthetic
8115,2025-11-07,BUT (URAN),Heera-Uran Complex,4.3,Estimated,4.3,No,420.1,Synthetic
8127,2025-11-08,BUT (URAN),Heera-Uran Complex,4.3,Estimated,4.3,No,412.8,Synthetic
8139,2025-11-09,BUT (URAN),Heera-Uran Complex,4.3,Estimated,4.3,No,442.0,Synthetic
8151,2025-11-10,BUT (URAN),Heera-Uran Complex,4.3,Estimated,4.3,No,415.4,Synthetic
8163,2025-11-11,BUT (URAN),Heera-Uran Complex,4.3,Estimated,4.3,No,441.7,Synthetic
8175,2025-11-12,BUT (URAN),Heera-Uran Complex,4.3,Estimated,4.3,No,428.2,Synthetic
8187,2025-11-13,BUT (URAN),Heera-Uran Complex,4.3,Estimated,4.3,No,423.3,Synthetic
8199,2025-11-14,BUT (URAN),Heera-Uran Complex,4.3,Estimated,4.3,No,421.1,Synthetic
8211,2025-11-15,BUT (URAN),Heera-Uran Complex,4.3,Estimated,4.3,No,420.7,Synthetic
8223,2025-11-16,BUT (URAN),Heera-Uran Complex,4.3,Estimated,4.3,No,391.1,Synthetic
8235,2025-11-17,BUT (URAN),Heera-Uran Complex,4.3,Estimated,4.3,No,410.9,Synthetic
8247,2025-11-18,BUT (URAN),Heera-Uran Complex,4.3,Estimated,4.3,No,424.2,Synthetic
8259,2025-11-19,BUT (URAN),Heera-Uran Complex,4.3,Estimated,4.3,No,412.4,Synthetic
8271,2025-11-20,BUT (URAN),Heera-Uran Complex,4.3,Estimated,4.3,No,394.9,Synthetic
8283,2025-11-21,BUT (URAN),Heera-Uran Complex,4.3,Estimated,4.3,No,410.9,Synthetic
8295,2025-11-22,BUT (URAN),Heera-Uran Complex,4.3,Estimated,4.3,No,431.9,Synthetic
8307,2025-11-23,BUT (URAN),Heera-Uran Complex,4.3,Estimated,4.3,No,425.5,Synthetic
8319,2025-11-24,BUT (URAN),Heera-Uran Complex,4.3,Estimated,4.3,No,408.7,Synthetic
8331,2025-11-25,BUT (URAN),Heera-Uran Complex,4.3,Estimated,4.3,No,420.4,Synthetic
8343,2025-11-26,BUT (URAN),Heera-Uran Complex,4.3,Estimated,4.3,No,403.6,Synthetic
8355,2025-11-27,BUT (URAN),Heera-Uran Complex,4.3,Estimated,4.3,No,386.5,Synthetic
8367,2025-11-28,BUT (URAN),Heera-Uran Complex,4.3,Estimated,4.3,No,395.4,Synthetic
8379,2025-11-29,BUT (URAN),Heera-Uran Complex,4.3,Estimated,4.3,No,425.0,Synthetic
8391,2025-11-30,BUT (URAN),Heera-Uran Complex,4.3,Estimated,4.3,No,401.9,Synthetic
8403,2025-12-01,BUT (URAN),Heera-Uran Complex,4.3,Estimated,4.3,No,401.6,Synthetic
8415,2025-12-02,BUT (URAN),Heera-Uran Complex,4.3,Estimated,4.3,No,400.2,Synthetic
8427,2025-12-03,BUT (URAN),Heera-Uran Complex,4.3,Estimated,4.3,No,426.2,Synthetic
8439,2025-12-04,BUT (URAN),Heera-Uran Complex,4.3,Estimated,4.3,No,422.1,Synthetic
8451,2025-12-05,BUT (URAN),Heera-Uran Complex,4.3,Estimated,4.3,No,428.5,Synthetic
8463,2025-12-06,BUT (URAN),Heera-Uran Complex,4.3,Estimated,4.3,No,399.2,Synthetic
8475,2025-12-07,BUT (URAN),Heera-Uran Complex,4.3,Estimated,4.3,No,404.0,Synthetic
8487,2025-12-08,BUT (URAN),Heera-Uran Complex,4.3,Estimated,4.3,No,381.5,Synthetic
8499,2025-12-09,BUT (URAN),Heera-Uran Complex,4.3,Estimated,4.3,No,416.7,Synthetic
8511,2025-12-10,BUT (URAN),Heera-Uran Complex,4.3,Estimated,4.3,No,384.4,Synthetic
8523,2025-12-11,BUT (URAN),Heera-Uran Complex,4.3,Estimated,4.3,No,400.3,Synthetic
8535,2025-12-12,BUT (URAN),Heera-Uran Complex,4.3,Estimated,4.3,No,383.9,Synthetic
8547,2025-12-13,BUT (URAN),Heera-Uran Complex,4.3,Estimated,4.3,No,389.3,Synthetic
8559,2025-12-14,BUT (URAN),Heera-Uran Complex,4.3,Estimated,4.3,No,385.7,Synthetic
8571,2025-12-15,BUT (URAN),Heera-Uran Complex,4.3,Estimated,4.3,No,387.8,Synthetic
8583,2025-12-16,BUT (URAN),Heera-Uran Complex,4.3,Estimated,4.3,No,387.9,Synthetic
8595,2025-12-17,BUT (URAN),Heera-Uran Complex,4.3,Estimated,4.3,No,387.1,Synthetic
8607,2025-12-18,BUT (URAN),Heera-Uran Complex,4.3,Estimated,4.3,No,402.8,Synthetic
8619,2025-12-19,BUT (URAN),Heera-Uran Complex,4.3,Estimated,4.3,No,379.3,Synthetic
8631,2025-12-20,BUT (URAN),Heera-Uran Complex,4.3,Estimated,4.3,No,394.2,Synthetic
8643,2025-12-21,BUT (URAN),Heera-Uran Complex,4.3,Estimated,4.3,No,405.2,Synthetic
8655,2025-12-22,BUT (URAN),Heera-Uran Complex,4.3,Estimated,4.3,No,384.2,Synthetic
8667,2025-12-23,BUT (URAN),Heera-Uran Complex,4.3,Estimated,4.3,No,381.2,Synthetic
8679,2025-12-24,BUT (URAN),Heera-Uran Complex,4.3,Estimated,4.3,No,386.2,Synthetic
8691,2025-12-25,BUT (URAN),Heera-Uran Complex,4.3,Estimated,4.3,No,402.0,Synthetic
8703,2025-12-26,BUT (URAN),Heera-Uran Complex,4.3,Estimated,4.3,No,389.8,Synthetic
8715,2025-12-27,BUT (URAN),Heera-Uran Complex,4.3,Estimated,4.3,No,380.7,Synthetic
8727,2025-12-28,BUT (URAN),Heera-Uran Complex,4.3,Estimated,4.3,No,391.9,Synthetic
8739,2025-12-29,BUT (URAN),Heera-Uran Complex,4.3,Estimated,4.3,No,372.8,Synthetic
8751,2025-12-30,BUT (URAN),Heera-Uran Complex,4.3,Estimated,4.3,No,392.8,Synthetic
8763,2025-12-31,BUT (URAN),Heera-Uran Complex,4.3,Estimated,4.3,No,389.0,Synthetic
8775,2026-01-01,BUT (URAN),Heera-Uran Complex,4.3,Estimated,4.3,No,380.1,Synthetic
8787,2026-01-02,BUT (URAN),Heera-Uran Complex,4.3,Estimated,4.3,No,373.3,Synthetic
8799,2026-01-03,BUT (URAN),Heera-Uran Complex,4.3,Estimated,4.3,No,372.1,Synthetic
8811,2026-01-04,BUT (URAN),Heera-Uran Complex,4.3,Estimated,4.3,No,387.8,Synthetic
8823,2026-01-05,BUT (URAN),Heera-Uran Complex,4.3,Estimated,4.3,No,395.0,Synthetic
8835,2026-01-06,BUT (URAN),Heera-Uran Complex,4.3,Estimated,4.3,No,373.1,Synthetic
8847,2026-01-07,BUT (URAN),Heera-Uran Complex,4.3,Estimated,4.3,No,384.9,Synthetic
8859,2026-01-08,BUT (URAN),Heera-Uran Complex,4.3,Estimated,4.3,No,355.3,Synthetic
8871,2026-01-09,BUT (URAN),Heera-Uran Complex,4.3,Estimated,4.3,No,371.7,Synthetic
8883,2026-01-10,BUT (URAN),Heera-Uran Complex,4.3,Estimated,4.3,No,377.4,Synthetic
8895,2026-01-11,BUT (URAN),Heera-Uran Complex,4.3,Estimated,4.3,No,366.8,Synthetic
8907,2026-01-12,BUT (URAN),Heera-Uran Complex,4.3,Estimated,4.3,No,365.9,Synthetic
8919,2026-01-13,BUT (URAN),Heera-Uran Complex,4.3,Estimated,4.3,No,368.3,Synthetic
8931,2026-01-14,BUT (URAN),Heera-Uran Complex,4.3,Estimated,4.3,No,378.4,Synthetic
8943,2026-01-15,BUT (URAN),Heera-Uran Complex,4.3,Estimated,4.3,No,372.4,Synthetic
8955,2026-01-16,BUT (URAN),Heera-Uran Complex,4.3,Estimated,4.3,No,348.8,Synthetic
8967,2026-01-17,BUT (URAN),Heera-Uran Complex,4.3,Estimated,4.3,No,349.5,Synthetic
8979,2026-01-18,BUT (URAN),Heera-Uran Complex,4.3,Estimated,4.3,No,365.8,Synthetic
8991,2026-01-19,BUT (URAN),Heera-Uran Complex,4.3,Estimated,4.3,No,377.1,Synthetic
9003,2026-01-20,BUT (URAN),Heera-Uran Complex,4.3,Estimated,4.3,No,340.7,Synthetic
9015,2026-01-21,BUT (URAN),Heera-Uran Complex,4.3,Estimated,4.3,No,365.1,Synthetic
9027,2026-01-22,BUT (URAN),Heera-Uran Complex,4.3,Estimated,4.3,No,364.2,Synthetic
9039,2026-01-23,BUT (URAN),Heera-Uran Complex,4.3,Estimated,4.3,No,384.8,Synthetic
9051,2026-01-24,BUT (URAN),Heera-Uran Complex,4.3,Estimated,4.3,No,364.5,Synthetic
9063,2026-01-25,BUT (URAN),Heera-Uran Complex,4.3,Estimated,4.3,No,372.4,Synthetic
9075,2026-01-26,BUT (URAN),Heera-Uran Complex,4.3,Estimated,4.3,No,369.1,Synthetic
9087,2026-01-27,BUT (URAN),Heera-Uran Complex,4.3,Estimated,4.3,No,343.4,Synthetic
9099,2026-01-28,BUT (URAN),Heera-Uran Complex,4.3,Estimated,4.3,No,374.7,Synthetic
9111,2026-01-29,BUT (URAN),Heera-Uran Complex,4.3,Estimated,4.3,No,368.0,Synthetic
9123,2026-01-30,BUT (URAN),Heera-Uran Complex,4.3,Estimated,4.3,No,370.6,Synthetic
9135,2026-01-31,BUT (URAN),Heera-Uran Complex,4.3,Estimated,4.3,No,407.3,Synthetic
9147,2026-02-01,BUT (URAN),Heera-Uran Complex,4.3,Estimated,4.3,No,341.0,Synthetic
9159,2026-02-02,BUT (URAN),Heera-Uran Complex,4.3,Estimated,4.3,No,381.9,Synthetic
9171,2026-02-03,BUT (URAN),Heera-Uran Complex,4.3,Estimated,4.3,No,359.4,Synthetic
9183,2026-02-04,BUT (URAN),Heera-Uran Complex,4.3,Estimated,4.3,No,365.0,Synthetic
9195,2026-02-05,BUT (URAN),Heera-Uran Complex,4.3,Estimated,4.3,No,360.8,Synthetic
9207,2026-02-06,BUT (URAN),Heera-Uran Complex,4.3,Estimated,4.3,No,356.0,Synthetic
9219,2026-02-07,BUT (URAN),Heera-Uran Complex,4.3,Estimated,4.3,No,353.9,Synthetic
9231,2026-02-08,BUT (URAN),Heera-Uran Complex,4.3,Estimated,4.3,No,363.0,Synthetic
9243,2026-02-09,BUT (URAN),Heera-Uran Complex,4.3,Estimated,4.3,No,342.5,Synthetic
9255,2026-02-10,BUT (URAN),Heera-Uran Complex,4.3,Estimated,4.3,No,366.2,Synthetic
9267,2026-02-11,BUT (URAN),Heera-Uran Complex,4.3,Estimated,4.3,No,353.1,Synthetic
9279,2026-02-12,BUT (URAN),Heera-Uran Complex,4.3,Estimated,4.3,No,344.8,Synthetic
9291,2026-02-13,BUT (URAN),Heera-Uran Complex,4.3,Estimated,4.3,No,351.5,Synthetic
9303,2026-02-14,BUT (URAN),Heera-Uran Complex,4.3,Estimated,4.3,No,369.1,Synthetic
9315,2026-02-15,BUT (URAN),Heera-Uran Complex,4.3,Estimated,4.3,No,349.4,Synthetic
9327,2026-02-16,BUT (URAN),Heera-Uran Complex,4.3,Estimated,4.3,No,358.3,Synthetic
9339,2026-02-17,BUT (URAN),Heera-Uran Complex,4.3,Estimated,4.3,No,346.1,Synthetic
9351,2026-02-18,BUT (URAN),Heera-Uran Complex,4.3,Estimated,4.3,No,361.3,Synthetic
9363,2026-02-19,BUT (URAN),Heera-Uran Complex,4.3,Estimated,4.3,No,359.9,Synthetic
9375,2026-02-20,BUT (URAN),Heera-Uran Complex,4.3,Estimated,4.3,No,371.6,Synthetic
9387,2026-02-21,BUT (URAN),Heera-Uran Complex,4.3,Estimated,4.3,No,349.6,Synthetic
9399,2026-02-22,BUT (URAN),Heera-Uran Complex,4.3,Estimated,4.3,No,357.9,Synthetic
9411,2026-02-23,BUT (URAN),Heera-Uran Complex,4.3,Estimated,4.3,No,351.3,Synthetic
9423,2026-02-24,BUT (URAN),Heera-Uran Complex,4.3,Estimated,4.3,No,363.3,Synthetic
4,2024-01-01,HEERA END,Heera-Uran Complex,7.9,Estimated,7.9,No,2551.1,Synthetic
16,2024-01-02,HEERA END,Heera-Uran Complex,7.9,Estimated,7.9,No,2660.9,Synthetic
28,2024-01-03,HEERA END,Heera-Uran Complex,7.9,Estimated,7.9,No,2583.0,Synthetic
40,2024-01-04,HEERA END,Heera-Uran Complex,7.9,Estimated,7.9,No,2588.6,Synthetic
52,2024-01-05,HEERA END,Heera-Uran Complex,7.9,Estimated,7.9,No,2596.2,Synthetic
64,2024-01-06,HEERA END,Heera-Uran Complex,7.9,Estimated,7.9,No,2604.0,Synthetic
76,2024-01-07,HEERA END,Heera-Uran Complex,7.9,Estimated,7.9,No,2570.9,Synthetic
88,2024-01-08,HEERA END,Heera-Uran Complex,7.9,Estimated,7.9,No,2592.0,Synthetic
100,2024-01-09,HEERA END,Heera-Uran Complex,7.9,Estimated,7.9,No,2692.6,Synthetic
112,2024-01-10,HEERA END,Heera-Uran Complex,7.9,Estimated,7.9,No,2642.2,Synthetic
124,2024-01-11,HEERA END,Heera-Uran Complex,7.9,Estimated,7.9,No,2628.7,Synthetic
136,2024-01-12,HEERA END,Heera-Uran Complex,7.9,Estimated,7.9,No,2522.4,Synthetic
148,2024-01-13,HEERA END,Heera-Uran Complex,7.9,Estimated,7.9,No,2484.8,Synthetic
160,2024-01-14,HEERA END,Heera-Uran Complex,7.9,Estimated,7.9,No,2621.4,Synthetic
172,2024-01-15,HEERA END,Heera-Uran Complex,7.9,Estimated,7.9,No,2610.8,Synthetic
184,2024-01-16,HEERA END,Heera-Uran Complex,7.9,Estimated,7.9,No,2651.6,Synthetic
196,2024-01-17,HEERA END,Heera-Uran Complex,7.9,Estimated,7.9,No,2489.1,Synthetic
208,2024-01-18,HEERA END,Heera-Uran Complex,7.9,Estimated,7.9,No,2513.1,Synthetic
220,2024-01-19,HEERA END,Heera-Uran Complex,7.9,Estimated,7.9,No,2401.8,Synthetic
232,2024-01-20,HEERA END,Heera-Uran Complex,7.9,Estimated,7.9,No,2492.0,Synthetic
244,2024-01-21,HEERA END,Heera-Uran Complex,7.9,Estimated,7.9,No,2592.5,Synthetic
256,2024-01-22,HEERA END,Heera-Uran Complex,7.9,Estimated,7.9,No,2477.6,Synthetic
268,2024-01-23,HEERA END,Heera-Uran Complex,7.9,Estimated,7.9,No,2556.6,Synthetic
280,2024-01-24,HEERA END,Heera-Uran Complex,7.9,Estimated,7.9,No,2489.7,Synthetic
292,2024-01-25,HEERA END,Heera-Uran Complex,7.9,Estimated,7.9,No,2523.9,Synthetic
304,2024-01-26,HEERA END,Heera-Uran Complex,7.9,Estimated,7.9,No,2409.3,Synthetic
316,2024-01-27,HEERA END,Heera-Uran Complex,7.9,Estimated,7.9,No,2497.2,Synthetic
328,2024-01-28,HEERA END,Heera-Uran Complex,7.9,Estimated,7.9,No,2263.3,Synthetic
340,2024-01-29,HEERA END,Heera-Uran Complex,7.9,Estimated,7.9,No,2468.1,Synthetic
352,2024-01-30,HEERA END,Heera-Uran Complex,7.9,Estimated,7.9,No,2356.5,Synthetic
364,2024-01-31,HEERA END,Heera-Uran Complex,7.9,Estimated,7.9,No,2562.8,Synthetic
376,2024-02-01,HEERA END,Heera-Uran Complex,7.9,Estimated,7.9,No,2526.6,Synthetic
388,2024-02-02,HEERA END,Heera-Uran Complex,7.9,Estimated,7.9,No,2499.2,Synthetic
400,2024-02-03,HEERA END,Heera-Uran Complex,7.9,Estimated,7.9,No,2572.6,Synthetic
412,2024-02-04,HEERA END,Heera-Uran Complex,7.9,Estimated,7.9,No,2386.1,Synthetic
424,2024-02-05,HEERA END,Heera-Uran Complex,7.9,Estimated,7.9,No,2580.2,Synthetic
436,2024-02-06,HEERA END,Heera-Uran Complex,7.9,Estimated,7.9,No,2515.8,Synthetic
448,2024-02-07,HEERA END,Heera-Uran Complex,7.9,Estimated,7.9,No,2425.8,Synthetic
460,2024-02-08,HEERA END,Heera-Uran Complex,7.9,Estimated,7.9,No,2521.9,Synthetic
472,2024-02-09,HEERA END,Heera-Uran Complex,7.9,Estimated,7.9,No,2353.7,Synthetic
484,2024-02-10,HEERA END,Heera-Uran Complex,7.9,Estimated,7.9,No,2370.1,Synthetic
496,2024-02-11,HEERA END,Heera-Uran Complex,7.9,Estimated,7.9,No,2381.7,Synthetic
508,2024-02-12,HEERA END,Heera-Uran Complex,7.9,Estimated,7.9,No,2383.3,Synthetic
520,2024-02-13,HEERA END,Heera-Uran Complex,7.9,Estimated,7.9,No,2340.8,Synthetic
532,2024-02-14,HEERA END,Heera-Uran Complex,7.9,Estimated,7.9,No,2501.8,Synthetic
544,2024-02-15,HEERA END,Heera-Uran Complex,7.9,Estimated,7.9,No,2390.3,Synthetic
556,2024-02-16,HEERA END,Heera-Uran Complex,7.9,Estimated,7.9,No,2430.2,Synthetic
568,2024-02-17,HEERA END,Heera-Uran Complex,7.9,Estimated,7.9,No,2359.5,Synthetic
580,2024-02-18,HEERA END,Heera-Uran Complex,7.9,Estimated,7.9,No,2265.4,Synthetic
592,2024-02-19,HEERA END,Heera-Uran Complex,7.9,Estimated,7.9,No,2411.5,Synthetic
604,2024-02-20,HEERA END,Heera-Uran Complex,7.9,Estimated,7.9,No,2250.9,Synthetic
616,2024-02-21,HEERA END,Heera-Uran Complex,7.9,Estimated,7.9,No,2378.8,Synthetic
628,2024-02-22,HEERA END,Heera-Uran Complex,7.9,Estimated,7.9,No,2281.8,Synthetic
640,2024-02-23,HEERA END,Heera-Uran Complex,7.9,Estimated,7.9,No,2517.0,Synthetic
652,2024-02-24,HEERA END,Heera-Uran Complex,7.9,Estimated,7.9,No,2436.0,Synthetic
664,2024-02-25,HEERA END,Heera-Uran Complex,7.9,Estimated,7.9,No,2374.5,Synthetic
676,2024-02-26,HEERA END,Heera-Uran Complex,7.9,Estimated,7.9,No,2452.4,Synthetic
688,2024-02-27,HEERA END,Heera-Uran Complex,7.9,Estimated,7.9,No,2298.8,Synthetic
700,2024-02-28,HEERA END,Heera-Uran Complex,7.9,Estimated,7.9,No,2392.9,Synthetic
712,2024-02-29,HEERA END,Heera-Uran Complex,7.9,Estimated,7.9,No,2364.5,Synthetic
724,2024-03-01,HEERA END,Heera-Uran Complex,7.9,Estimated,7.9,No,2364.9,Synthetic
736,2024-03-02,HEERA END,Heera-Uran Complex,7.9,Estimated,7.9,No,2431.6,Synthetic
748,2024-03-03,HEERA END,Heera-Uran Complex,7.9,Estimated,7.9,No,2389.4,Synthetic
760,2024-03-04,HEERA END,Heera-Uran Complex,7.9,Estimated,7.9,No,2354.2,Synthetic
772,2024-03-05,HEERA END,Heera-Uran Complex,7.9,Estimated,7.9,No,2214.2,Synthetic
784,2024-03-06,HEERA END,Heera-Uran Complex,7.9,Estimated,7.9,No,2258.8,Synthetic
796,2024-03-07,HEERA END,Heera-Uran Complex,7.9,Estimated,7.9,No,2313.1,Synthetic
808,2024-03-08,HEERA END,Heera-Uran Complex,7.9,Estimated,7.9,No,2324.1,Synthetic
820,2024-03-09,HEERA END,Heera-Uran Complex,7.9,Estimated,7.9,No,2235.1,Synthetic
832,2024-03-10,HEERA END,Heera-Uran Complex,7.9,Estimated,7.9,No,2476.5,Synthetic
844,2024-03-11,HEERA END,Heera-Uran Complex,7.9,Estimated,7.9,No,2410.3,Synthetic
856,2024-03-12,HEERA END,Heera-Uran Complex,7.9,Estimated,7.9,No,2342.9,Synthetic
868,2024-03-13,HEERA END,Heera-Uran Complex,7.9,Estimated,7.9,No,2302.3,Synthetic
880,2024-03-14,HEERA END,Heera-Uran Complex,7.9,Estimated,7.9,No,2278.7,Synthetic
892,2024-03-15,HEERA END,Heera-Uran Complex,7.9,Estimated,7.9,No,2223.9,Synthetic
904,2024-03-16,HEERA END,Heera-Uran Complex,7.9,Estimated,7.9,No,2290.5,Synthetic
916,2024-03-17,HEERA END,Heera-Uran Complex,7.9,Estimated,7.9,No,2298.8,Synthetic
928,2024-03-18,HEERA END,Heera-Uran Complex,7.9,Estimated,7.9,No,2192.4,Synthetic
940,2024-03-19,HEERA END,Heera-Uran Complex,7.9,Estimated,7.9,No,2296.0,Synthetic
952,2024-03-20,HEERA END,Heera-Uran Complex,7.9,Estimated,7.9,No,2258.6,Synthetic
964,2024-03-21,HEERA END,Heera-Uran Complex,7.9,Estimated,7.9,No,2135.6,Synthetic
976,2024-03-22,HEERA END,Heera-Uran Complex,7.9,Estimated,7.9,No,2202.9,Synthetic
988,2024-03-23,HEERA END,Heera-Uran Complex,7.9,Estimated,7.9,No,2229.3,Synthetic
1000,2024-03-24,HEERA END,Heera-Uran Complex,7.9,Estimated,7.9,No,2380.9,Synthetic
1012,2024-03-25,HEERA END,Heera-Uran Complex,7.9,Estimated,7.9,No,2286.9,Synthetic
1024,2024-03-26,HEERA END,Heera-Uran Complex,7.9,Estimated,7.9,No,2155.4,Synthetic
1036,2024-03-27,HEERA END,Heera-Uran Complex,7.9,Estimated,7.9,No,2274.1,Synthetic
1048,2024-03-28,HEERA END,Heera-Uran Complex,7.9,Estimated,7.9,No,2133.7,Synthetic
1060,2024-03-29,HEERA END,Heera-Uran Complex,7.9,Estimated,7.9,No,2306.1,Synthetic
1072,2024-03-30,HEERA END,Heera-Uran Complex,7.9,Estimated,7.9,No,2198.2,Synthetic
1084,2024-03-31,HEERA END,Heera-Uran Complex,7.9,Estimated,7.9,No,2219.5,Synthetic
1096,2024-04-01,HEERA END,Heera-Uran Complex,7.9,Estimated,7.9,No,2310.2,Synthetic
1108,2024-04-02,HEERA END,Heera-Uran Complex,7.9,Estimated,7.9,No,2132.3,Synthetic
1120,2024-04-03,HEERA END,Heera-Uran Complex,7.9,Estimated,7.9,No,2121.2,Synthetic
1132,2024-04-04,HEERA END,Heera-Uran Complex,7.9,Estimated,7.9,No,2171.5,Synthetic
1144,2024-04-05,HEERA END,Heera-Uran Complex,7.9,Estimated,7.9,No,2275.0,Synthetic
1156,2024-04-06,HEERA END,Heera-Uran Complex,7.9,Estimated,7.9,No,2102.0,Synthetic
1168,2024-04-07,HEERA END,Heera-Uran Complex,7.9,Estimated,7.9,No,2011.7,Synthetic
1180,2024-04-08,HEERA END,Heera-Uran Complex,7.9,Estimated,7.9,No,2165.0,Synthetic
1192,2024-04-09,HEERA END,Heera-Uran Complex,7.9,Estimated,7.9,No,2227.1,Synthetic
1204,2024-04-10,HEERA END,Heera-Uran Complex,7.9,Estimated,7.9,No,2265.7,Synthetic
1216,2024-04-11,HEERA END,Heera-Uran Complex,7.9,Estimated,7.9,No,2152.8,Synthetic
1228,2024-04-12,HEERA END,Heera-Uran Complex,7.9,Estimated,7.9,No,2152.4,Synthetic
1240,2024-04-13,HEERA END,Heera-Uran Complex,7.9,Estimated,7.9,No,2250.8,Synthetic
1252,2024-04-14,HEERA END,Heera-Uran Complex,7.9,Estimated,7.9,No,2049.8,Synthetic
1264,2024-04-15,HEERA END,Heera-Uran Complex,7.9,Estimated,7.9,No,2142.6,Synthetic
1276,2024-04-16,HEERA END,Heera-Uran Complex,7.9,Estimated,7.9,No,2176.4,Synthetic
1288,2024-04-17,HEERA END,Heera-Uran Complex,7.9,Estimated,7.9,No,2189.3,Synthetic
1300,2024-04-18,HEERA END,Heera-Uran Complex,7.9,Estimated,7.9,No,2123.4,Synthetic
1312,2024-04-19,HEERA END,Heera-Uran Complex,7.9,Estimated,7.9,No,2154.9,Synthetic
1324,2024-04-20,HEERA END,Heera-Uran Complex,7.9,Estimated,7.9,No,1988.4,Synthetic
1336,2024-04-21,HEERA END,Heera-Uran Complex,7.9,Estimated,7.9,No,2102.7,Synthetic
1348,2024-04-22,HEERA END,Heera-Uran Complex,7.9,Estimated,7.9,No,2170.4,Synthetic
1360,2024-04-23,HEERA END,Heera-Uran Complex,7.9,Estimated,7.9,No,2074.6,Synthetic
1372,2024-04-24,HEERA END,Heera-Uran Complex,7.9,Estimated,7.9,No,2137.6,Synthetic
1384,2024-04-25,HEERA END,Heera-Uran Complex,7.9,Estimated,7.9,No,2158.6,Synthetic
1396,2024-04-26,HEERA END,Heera-Uran Complex,7.9,Estimated,7.9,No,2104.5,Synthetic
1408,2024-04-27,HEERA END,Heera-Uran Complex,7.9,Estimated,7.9,No,2133.4,Synthetic
1420,2024-04-28,HEERA END,Heera-Uran Complex,7.9,Estimated,7.9,No,2057.6,Synthetic
1432,2024-04-29,HEERA END,Heera-Uran Complex,7.9,Estimated,7.9,No,2102.0,Synthetic
1444,2024-04-30,HEERA END,Heera-Uran Complex,7.9,Estimated,7.9,No,2150.1,Synthetic
1456,2024-05-01,HEERA END,Heera-Uran Complex,7.9,Estimated,7.9,No,2117.6,Synthetic
1468,2024-05-02,HEERA END,Heera-Uran Complex,7.9,Estimated,7.9,No,2067.0,Synthetic
1480,2024-05-03,HEERA END,Heera-Uran Complex,7.9,Estimated,7.9,No,2114.4,Synthetic
1492,2024-05-04,HEERA END,Heera-Uran Complex,7.9,Estimated,7.9,No,2141.6,Synthetic
1504,2024-05-05,HEERA END,Heera-Uran Complex,7.9,Estimated,7.9,No,1964.2,Synthetic
1516,2024-05-06,HEERA END,Heera-Uran Complex,7.9,Estimated,7.9,No,2161.9,Synthetic
1528,2024-05-07,HEERA END,Heera-Uran Complex,7.9,Estimated,7.9,No,2064.5,Synthetic
1540,2024-05-08,HEERA END,Heera-Uran Complex,7.9,Estimated,7.9,No,2108.5,Synthetic
1552,2024-05-09,HEERA END,Heera-Uran Complex,7.9,Estimated,7.9,No,2152.9,Synthetic
1564,2024-05-10,HEERA END,Heera-Uran Complex,7.9,Estimated,7.9,No,1989.2,Synthetic
1576,2024-05-11,HEERA END,Heera-Uran Complex,7.9,Estimated,7.9,No,2026.9,Synthetic
1588,2024-05-12,HEERA END,Heera-Uran Complex,7.9,Estimated,7.9,No,2049.4,Synthetic
1600,2024-05-13,HEERA END,Heera-Uran Complex,7.9,Estimated,7.9,No,2015.2,Synthetic
1612,2024-05-14,HEERA END,Heera-Uran Complex,7.9,Estimated,7.9,No,2167.3,Synthetic
1624,2024-05-15,HEERA END,Heera-Uran Complex,7.9,Estimated,7.9,No,2003.6,Synthetic
1636,2024-05-16,HEERA END,Heera-Uran Complex,7.9,Estimated,7.9,No,2018.6,Synthetic
1648,2024-05-17,HEERA END,Heera-Uran Complex,7.9,Estimated,7.9,No,2061.8,Synthetic
1660,2024-05-18,HEERA END,Heera-Uran Complex,7.9,Estimated,7.9,No,1971.9,Synthetic
1672,2024-05-19,HEERA END,Heera-Uran Complex,7.9,Estimated,7.9,No,2017.8,Synthetic
1684,2024-05-20,HEERA END,Heera-Uran Complex,7.9,Estimated,7.9,No,2057.9,Synthetic
1696,2024-05-21,HEERA END,Heera-Uran Complex,7.9,Estimated,7.9,No,2014.6,Synthetic
1708,2024-05-22,HEERA END,Heera-Uran Complex,7.9,Estimated,7.9,No,2025.6,Synthetic
1720,2024-05-23,HEERA END,Heera-Uran Complex,7.9,Estimated,7.9,No,1995.5,Synthetic
1732,2024-05-24,HEERA END,Heera-Uran Complex,7.9,Estimated,7.9,No,1932.2,Synthetic
1744,2024-05-25,HEERA END,Heera-Uran Complex,7.9,Estimated,7.9,No,2040.1,Synthetic
1756,2024-05-26,HEERA END,Heera-Uran Complex,7.9,Estimated,7.9,No,2123.3,Synthetic
1768,2024-05-27,HEERA END,Heera-Uran Complex,7.9,Estimated,7.9,No,2014.6,Synthetic
1780,2024-05-28,HEERA END,Heera-Uran Complex,7.9,Estimated,7.9,No,2023.6,Synthetic
1792,2024-05-29,HEERA END,Heera-Uran Complex,7.9,Estimated,7.9,No,2048.2,Synthetic
1804,2024-05-30,HEERA END,Heera-Uran Complex,7.9,Estimated,7.9,No,1926.7,Synthetic
1816,2024-05-31,HEERA END,Heera-Uran Complex,7.9,Estimated,7.9,No,2101.5,Synthetic
1828,2024-06-01,HEERA END,Heera-Uran Complex,7.9,Estimated,7.9,No,2008.0,Synthetic
1840,2024-06-02,HEERA END,Heera-Uran Complex,7.9,Estimated,7.9,No,2089.9,Synthetic
1852,2024-06-03,HEERA END,Heera-Uran Complex,7.9,Estimated,7.9,No,1945.2,Synthetic
1864,2024-06-04,HEERA END,Heera-Uran Complex,7.9,Estimated,7.9,No,2093.7,Synthetic
1876,2024-06-05,HEERA END,Heera-Uran Complex,7.9,Estimated,7.9,No,2028.0,Synthetic
1888,2024-06-06,HEERA END,Heera-Uran Complex,7.9,Estimated,7.9,No,2011.3,Synthetic
1900,2024-06-07,HEERA END,Heera-Uran Complex,7.9,Estimated,7.9,No,1988.8,Synthetic
1912,2024-06-08,HEERA END,Heera-Uran Complex,7.9,Estimated,7.9,No,1956.8,Synthetic
1924,2024-06-09,HEERA END,Heera-Uran Complex,7.9,Estimated,7.9,No,2038.9,Synthetic
1936,2024-06-10,HEERA END,Heera-Uran Complex,7.9,Estimated,7.9,No,1972.8,Synthetic
1948,2024-06-11,HEERA END,Heera-Uran Complex,7.9,Estimated,7.9,No,1845.4,Synthetic
1960,2024-06-12,HEERA END,Heera-Uran Complex,7.9,Estimated,7.9,No,1892.1,Synthetic
1972,2024-06-13,HEERA END,Heera-Uran Complex,7.9,Estimated,7.9,No,1943.3,Synthetic
1984,2024-06-14,HEERA END,Heera-Uran Complex,7.9,Estimated,7.9,No,1968.9,Synthetic
1996,2024-06-15,HEERA END,Heera-Uran Complex,7.9,Estimated,7.9,No,1944.1,Synthetic
2008,2024-06-16,HEERA END,Heera-Uran Complex,7.9,Estimated,7.9,No,2015.0,Synthetic
2020,2024-06-17,HEERA END,Heera-Uran Complex,7.9,Estimated,7.9,No,1827.0,Synthetic
2032,2024-06-18,HEERA END,Heera-Uran Complex,7.9,Estimated,7.9,No,1945.5,Synthetic
2044,2024-06-19,HEERA END,Heera-Uran Complex,7.9,Estimated,7.9,No,1828.3,Synthetic
2056,2024-06-20,HEERA END,Heera-Uran Complex,7.9,Estimated,7.9,No,1974.3,Synthetic
2068,2024-06-21,HEERA END,Heera-Uran Complex,7.9,Estimated,7.9,No,1921.5,Synthetic
2080,2024-06-22,HEERA END,Heera-Uran Complex,7.9,Estimated,7.9,No,1947.8,Synthetic
2092,2024-06-23,HEERA END,Heera-Uran Complex,7.9,Estimated,7.9,No,1870.4,Synthetic
2104,2024-06-24,HEERA END,Heera-Uran Complex,7.9,Estimated,7.9,No,1990.4,Synthetic
2116,2024-06-25,HEERA END,Heera-Uran Complex,7.9,Estimated,7.9,No,1973.2,Synthetic
2128,2024-06-26,HEERA END,Heera-Uran Complex,7.9,Estimated,7.9,No,1943.5,Synthetic
2140,2024-06-27,HEERA END,Heera-Uran Complex,7.9,Estimated,7.9,No,1899.3,Synthetic
2152,2024-06-28,HEERA END,Heera-Uran Complex,7.9,Estimated,7.9,No,1936.5,Synthetic
2164,2024-06-29,HEERA END,Heera-Uran Complex,7.9,Estimated,7.9,No,1859.7,Synthetic
2176,2024-06-30,HEERA END,Heera-Uran Complex,7.9,Estimated,7.9,No,1945.4,Synthetic
2188,2024-07-01,HEERA END,Heera-Uran Complex,7.9,Estimated,7.9,No,1987.1,Synthetic
2200,2024-07-02,HEERA END,Heera-Uran Complex,7.9,Estimated,7.9,No,1950.7,Synthetic
2212,2024-07-03,HEERA END,Heera-Uran Complex,7.9,Estimated,7.9,No,1845.4,Synthetic
2224,2024-07-04,HEERA END,Heera-Uran Complex,7.9,Estimated,7.9,No,1903.8,Synthetic
2236,2024-07-05,HEERA END,Heera-Uran Complex,7.9,Estimated,7.9,No,1807.2,Synthetic
2248,2024-07-06,HEERA END,Heera-Uran Complex,7.9,Estimated,7.9,No,1909.0,Synthetic
2260,2024-07-07,HEERA END,Heera-Uran Complex,7.9,Estimated,7.9,No,1898.8,Synthetic
2272,2024-07-08,HEERA END,Heera-Uran Complex,7.9,Estimated,7.9,No,1765.3,Synthetic
2284,2024-07-09,HEERA END,Heera-Uran Complex,7.9,Estimated,7.9,No,1801.9,Synthetic
2296,2024-07-10,HEERA END,Heera-Uran Complex,7.9,Estimated,7.9,No,1847.8,Synthetic
2308,2024-07-11,HEERA END,Heera-Uran Complex,7.9,Estimated,7.9,No,1843.6,Synthetic
2320,2024-07-12,HEERA END,Heera-Uran Complex,7.9,Estimated,7.9,No,1789.7,Synthetic
2332,2024-07-13,HEERA END,Heera-Uran Complex,7.9,Estimated,7.9,No,1875.5,Synthetic
2344,2024-07-14,HEERA END,Heera-Uran Complex,7.9,Estimated,7.9,No,1864.5,Synthetic
2356,2024-07-15,HEERA END,Heera-Uran Complex,7.9,Estimated,7.9,No,1836.6,Synthetic
2368,2024-07-16,HEERA END,Heera-Uran Complex,7.9,Estimated,7.9,No,1802.3,Synthetic
2380,2024-07-17,HEERA END,Heera-Uran Complex,7.9,Estimated,7.9,No,1898.8,Synthetic
2392,2024-07-18,HEERA END,Heera-Uran Complex,7.9,Estimated,7.9,No,1928.9,Synthetic
2404,2024-07-19,HEERA END,Heera-Uran Complex,7.9,Estimated,7.9,No,1807.8,Synthetic
2416,2024-07-20,HEERA END,Heera-Uran Complex,7.9,Estimated,7.9,No,1797.5,Synthetic
2428,2024-07-21,HEERA END,Heera-Uran Complex,7.9,Estimated,7.9,No,1854.9,Synthetic
2440,2024-07-22,HEERA END,Heera-Uran Complex,7.9,Estimated,7.9,No,1805.1,Synthetic
2452,2024-07-23,HEERA END,Heera-Uran Complex,7.9,Estimated,7.9,No,1813.9,Synthetic
2464,2024-07-24,HEERA END,Heera-Uran Complex,7.9,Estimated,7.9,No,1858.7,Synthetic
2476,2024-07-25,HEERA END,Heera-Uran Complex,7.9,Estimated,7.9,No,1711.2,Synthetic
2488,2024-07-26,HEERA END,Heera-Uran Complex,7.9,Estimated,7.9,No,1883.6,Synthetic
2500,2024-07-27,HEERA END,Heera-Uran Complex,7.9,Estimated,7.9,No,1812.7,Synthetic
2512,2024-07-28,HEERA END,Heera-Uran Complex,7.9,Estimated,7.9,No,1783.3,Synthetic
2524,2024-07-29,HEERA END,Heera-Uran Complex,7.9,Estimated,7.9,No,1797.6,Synthetic
2536,2024-07-30,HEERA END,Heera-Uran Complex,7.9,Estimated,7.9,No,1797.2,Synthetic
2548,2024-07-31,HEERA END,Heera-Uran Complex,7.9,Estimated,7.9,No,1702.8,Synthetic
2560,2024-08-01,HEERA END,Heera-Uran Complex,7.9,Estimated,7.9,No,1873.3,Synthetic
2572,2024-08-02,HEERA END,Heera-Uran Complex,7.9,Estimated,7.9,No,1792.0,Synthetic
2584,2024-08-03,HEERA END,Heera-Uran Complex,7.9,Estimated,7.9,No,1810.4,Synthetic
2596,2024-08-04,HEERA END,Heera-Uran Complex,7.9,Estimated,7.9,No,1834.4,Synthetic
2608,2024-08-05,HEERA END,Heera-Uran Complex,7.9,Estimated,7.9,No,1725.8,Synthetic
2620,2024-08-06,HEERA END,Heera-Uran Complex,7.9,Estimated,7.9,No,1802.5,Synthetic
2632,2024-08-07,HEERA END,Heera-Uran Complex,7.9,Estimated,7.9,No,1759.9,Synthetic
2644,2024-08-08,HEERA END,Heera-Uran Complex,7.9,Estimated,7.9,No,1816.0,Synthetic
2656,2024-08-09,HEERA END,Heera-Uran Complex,7.9,Estimated,7.9,No,1655.1,Synthetic
2668,2024-08-10,HEERA END,Heera-Uran Complex,7.9,Estimated,7.9,No,1759.5,Synthetic
2680,2024-08-11,HEERA END,Heera-Uran Complex,7.9,Estimated,7.9,No,1729.8,Synthetic
2692,2024-08-12,HEERA END,Heera-Uran Complex,7.9,Estimated,7.9,No,1781.4,Synthetic
2704,2024-08-13,HEERA END,Heera-Uran Complex,7.9,Estimated,7.9,No,1780.3,Synthetic
2716,2024-08-14,HEERA END,Heera-Uran Complex,7.9,Estimated,7.9,No,1715.2,Synthetic
2728,2024-08-15,HEERA END,Heera-Uran Complex,7.9,Estimated,7.9,No,1712.0,Synthetic
2740,2024-08-16,HEERA END,Heera-Uran Complex,7.9,Estimated,7.9,No,1740.5,Synthetic
2752,2024-08-17,HEERA END,Heera-Uran Complex,7.9,Estimated,7.9,No,1696.3,Synthetic
2764,2024-08-18,HEERA END,Heera-Uran Complex,7.9,Estimated,7.9,No,1784.1,Synthetic
2776,2024-08-19,HEERA END,Heera-Uran Complex,7.9,Estimated,7.9,No,1717.8,Synthetic
2788,2024-08-20,HEERA END,Heera-Uran Complex,7.9,Estimated,7.9,No,1582.8,Synthetic
2800,2024-08-21,HEERA END,Heera-Uran Complex,7.9,Estimated,7.9,No,1711.5,Synthetic
2812,2024-08-22,HEERA END,Heera-Uran Complex,7.9,Estimated,7.9,No,1674.1,Synthetic
2824,2024-08-23,HEERA END,Heera-Uran Complex,7.9,Estimated,7.9,No,1640.5,Synthetic
2836,2024-08-24,HEERA END,Heera-Uran Complex,7.9,Estimated,7.9,No,1658.0,Synthetic
2848,2024-08-25,HEERA END,Heera-Uran Complex,7.9,Estimated,7.9,No,1724.5,Synthetic
2860,2024-08-26,HEERA END,Heera-Uran Complex,7.9,Estimated,7.9,No,1784.2,Synthetic
2872,2024-08-27,HEERA END,Heera-Uran Complex,7.9,Estimated,7.9,No,1728.9,Synthetic
2884,2024-08-28,HEERA END,Heera-Uran Complex,7.9,Estimated,7.9,No,1678.7,Synthetic
2896,2024-08-29,HEERA END,Heera-Uran Complex,7.9,Estimated,7.9,No,1730.2,Synthetic
2908,2024-08-30,HEERA END,Heera-Uran Complex,7.9,Estimated,7.9,No,1680.4,Synthetic
2920,2024-08-31,HEERA END,Heera-Uran Complex,7.9,Estimated,7.9,No,1665.4,Synthetic
2932,2024-09-01,HEERA END,Heera-Uran Complex,7.9,Estimated,7.9,No,1639.0,Synthetic
2944,2024-09-02,HEERA END,Heera-Uran Complex,7.9,Estimated,7.9,No,1605.8,Synthetic
2956,2024-09-03,HEERA END,Heera-Uran Complex,7.9,Estimated,7.9,No,1672.1,Synthetic
2968,2024-09-04,HEERA END,Heera-Uran Complex,7.9,Estimated,7.9,No,1696.9,Synthetic
2980,2024-09-05,HEERA END,Heera-Uran Complex,7.9,Estimated,7.9,No,1681.1,Synthetic
2992,2024-09-06,HEERA END,Heera-Uran Complex,7.9,Estimated,7.9,No,1662.0,Synthetic
3004,2024-09-07,HEERA END,Heera-Uran Complex,7.9,Estimated,7.9,No,1632.4,Synthetic
3016,2024-09-08,HEERA END,Heera-Uran Complex,7.9,Estimated,7.9,No,1707.7,Synthetic
3028,2024-09-09,HEERA END,Heera-Uran Complex,7.9,Estimated,7.9,No,1608.0,Synthetic
3040,2024-09-10,HEERA END,Heera-Uran Complex,7.9,Estimated,7.9,No,1710.1,Synthetic
3052,2024-09-11,HEERA END,Heera-Uran Complex,7.9,Estimated,7.9,No,1618.1,Synthetic
3064,2024-09-12,HEERA END,Heera-Uran Complex,7.9,Estimated,7.9,No,1627.7,Synthetic
3076,2024-09-13,HEERA END,Heera-Uran Complex,7.9,Estimated,7.9,No,1589.2,Synthetic
3088,2024-09-14,HEERA END,Heera-Uran Complex,7.9,Estimated,7.9,No,1634.5,Synthetic
3100,2024-09-15,HEERA END,Heera-Uran Complex,7.9,Estimated,7.9,No,1705.0,Synthetic
3112,2024-09-16,HEERA END,Heera-Uran Complex,7.9,Estimated,7.9,No,1679.2,Synthetic
3124,2024-09-17,HEERA END,Heera-Uran Complex,7.9,Estimated,7.9,No,1699.2,Synthetic
3136,2024-09-18,HEERA END,Heera-Uran Complex,7.9,Estimated,7.9,No,1673.7,Synthetic
3148,2024-09-19,HEERA END,Heera-Uran Complex,7.9,Estimated,7.9,No,1590.5,Synthetic
3160,2024-09-20,HEERA END,Heera-Uran Complex,7.9,Estimated,7.9,No,1625.8,Synthetic
3172,2024-09-21,HEERA END,Heera-Uran Complex,7.9,Estimated,7.9,No,1600.8,Synthetic
3184,2024-09-22,HEERA END,Heera-Uran Complex,7.9,Estimated,7.9,No,1701.6,Synthetic
3196,2024-09-23,HEERA END,Heera-Uran Complex,7.9,Estimated,7.9,No,1574.8,Synthetic
3208,2024-09-24,HEERA END,Heera-Uran Complex,7.9,Estimated,7.9,No,1674.3,Synthetic
3220,2024-09-25,HEERA END,Heera-Uran Complex,7.9,Estimated,7.9,No,1671.3,Synthetic
3232,2024-09-26,HEERA END,Heera-Uran Complex,7.9,Estimated,7.9,No,1714.0,Synthetic
3244,2024-09-27,HEERA END,Heera-Uran Complex,7.9,Estimated,7.9,No,1602.0,Synthetic
3256,2024-09-28,HEERA END,Heera-Uran Complex,7.9,Estimated,7.9,No,1653.7,Synthetic
3268,2024-09-29,HEERA END,Heera-Uran Complex,7.9,Estimated,7.9,No,1726.9,Synthetic
3280,2024-09-30,HEERA END,Heera-Uran Complex,7.9,Estimated,7.9,No,1583.6,Synthetic
3292,2024-10-01,HEERA END,Heera-Uran Complex,7.9,Estimated,7.9,No,1536.4,Synthetic
3304,2024-10-02,HEERA END,Heera-Uran Complex,7.9,Estimated,7.9,No,1517.1,Synthetic
3316,2024-10-03,HEERA END,Heera-Uran Complex,7.9,Estimated,7.9,No,1639.3,Synthetic
3328,2024-10-04,HEERA END,Heera-Uran Complex,7.9,Estimated,7.9,No,1511.6,Synthetic
3340,2024-10-05,HEERA END,Heera-Uran Complex,7.9,Estimated,7.9,No,1581.5,Synthetic
3352,2024-10-06,HEERA END,Heera-Uran Complex,7.9,Estimated,7.9,No,1617.5,Synthetic
3364,2024-10-07,HEERA END,Heera-Uran Complex,7.9,Estimated,7.9,No,1602.6,Synthetic
3376,2024-10-08,HEERA END,Heera-Uran Complex,7.9,Estimated,7.9,No,1611.2,Synthetic
3388,2024-10-09,HEERA END,Heera-Uran Complex,7.9,Estimated,7.9,No,1598.7,Synthetic
3400,2024-10-10,HEERA END,Heera-Uran Complex,7.9,Estimated,7.9,No,1646.2,Synthetic
3412,2024-10-11,HEERA END,Heera-Uran Complex,7.9,Estimated,7.9,No,1537.3,Synthetic
3424,2024-10-12,HEERA END,Heera-Uran Complex,7.9,Estimated,7.9,No,1547.7,Synthetic
3436,2024-10-13,HEERA END,Heera-Uran Complex,7.9,Estimated,7.9,No,1540.4,Synthetic
3448,2024-10-14,HEERA END,Heera-Uran Complex,7.9,Estimated,7.9,No,1613.4,Synthetic
3460,2024-10-15,HEERA END,Heera-Uran Complex,7.9,Estimated,7.9,No,1613.9,Synthetic
3472,2024-10-16,HEERA END,Heera-Uran Complex,7.9,Estimated,7.9,No,1589.9,Synthetic
3484,2024-10-17,HEERA END,Heera-Uran Complex,7.9,Estimated,7.9,No,1621.5,Synthetic
3496,2024-10-18,HEERA END,Heera-Uran Complex,7.9,Estimated,7.9,No,1507.9,Synthetic
3508,2024-10-19,HEERA END,Heera-Uran Complex,7.9,Estimated,7.9,No,1638.5,Synthetic
3520,2024-10-20,HEERA END,Heera-Uran Complex,7.9,Estimated,7.9,No,1628.9,Synthetic
3532,2024-10-21,HEERA END,Heera-Uran Complex,7.9,Estimated,7.9,No,1589.3,Synthetic
3544,2024-10-22,HEERA END,Heera-Uran Complex,7.9,Estimated,7.9,No,1635.2,Synthetic
3556,2024-10-23,HEERA END,Heera-Uran Complex,7.9,Estimated,7.9,No,1472.5,Synthetic
3568,2024-10-24,HEERA END,Heera-Uran Complex,7.9,Estimated,7.9,No,1522.5,Synthetic
3580,2024-10-25,HEERA END,Heera-Uran Complex,7.9,Estimated,7.9,No,1510.0,Synthetic
3592,2024-10-26,HEERA END,Heera-Uran Complex,7.9,Estimated,7.9,No,1574.7,Synthetic
3604,2024-10-27,HEERA END,Heera-Uran Complex,7.9,Estimated,7.9,No,1490.2,Synthetic
3616,2024-10-28,HEERA END,Heera-Uran Complex,7.9,Estimated,7.9,No,1570.9,Synthetic
3628,2024-10-29,HEERA END,Heera-Uran Complex,7.9,Estimated,7.9,No,1596.3,Synthetic
3640,2024-10-30,HEERA END,Heera-Uran Complex,7.9,Estimated,7.9,No,1562.5,Synthetic
3652,2024-10-31,HEERA END,Heera-Uran Complex,7.9,Estimated,7.9,No,1540.9,Synthetic
3664,2024-11-01,HEERA END,Heera-Uran Complex,7.9,Estimated,7.9,No,1480.0,Synthetic
3676,2024-11-02,HEERA END,Heera-Uran Complex,7.9,Estimated,7.9,No,1483.8,Synthetic
3688,2024-11-03,HEERA END,Heera-Uran Complex,7.9,Estimated,7.9,No,1576.8,Synthetic
3700,2024-11-04,HEERA END,Heera-Uran Complex,7.9,Estimated,7.9,No,1552.6,Synthetic
3712,2024-11-05,HEERA END,Heera-Uran Complex,7.9,Estimated,7.9,No,1512.7,Synthetic
3724,2024-11-06,HEERA END,Heera-Uran Complex,7.9,Estimated,7.9,No,1492.9,Synthetic
3736,2024-11-07,HEERA END,Heera-Uran Complex,7.9,Estimated,7.9,No,1417.5,Synthetic
3748,2024-11-08,HEERA END,Heera-Uran Complex,7.9,Estimated,7.9,No,1458.1,Synthetic
3760,2024-11-09,HEERA END,Heera-Uran Complex,7.9,Estimated,7.9,No,1590.1,Synthetic
3772,2024-11-10,HEERA END,Heera-Uran Complex,7.9,Estimated,7.9,No,1443.6,Synthetic
3784,2024-11-11,HEERA END,Heera-Uran Complex,7.9,Estimated,7.9,No,1507.1,Synthetic
3796,2024-11-12,HEERA END,Heera-Uran Complex,7.9,Estimated,7.9,No,1541.2,Synthetic
3808,2024-11-13,HEERA END,Heera-Uran Complex,7.9,Estimated,7.9,No,1437.1,Synthetic
3820,2024-11-14,HEERA END,Heera-Uran Complex,7.9,Estimated,7.9,No,1499.0,Synthetic
3832,2024-11-15,HEERA END,Heera-Uran Complex,7.9,Estimated,7.9,No,1530.0,Synthetic
3844,2024-11-16,HEERA END,Heera-Uran Complex,7.9,Estimated,7.9,No,1486.0,Synthetic
3856,2024-11-17,HEERA END,Heera-Uran Complex,7.9,Estimated,7.9,No,1610.5,Synthetic
3868,2024-11-18,HEERA END,Heera-Uran Complex,7.9,Estimated,7.9,No,1406.2,Synthetic
3880,2024-11-19,HEERA END,Heera-Uran Complex,7.9,Estimated,7.9,No,1524.6,Synthetic
3892,2024-11-20,HEERA END,Heera-Uran Complex,7.9,Estimated,7.9,No,1467.4,Synthetic
3904,2024-11-21,HEERA END,Heera-Uran Complex,7.9,Estimated,7.9,No,1506.6,Synthetic
3916,2024-11-22,HEERA END,Heera-Uran Complex,7.9,Estimated,7.9,No,1489.4,Synthetic
3928,2024-11-23,HEERA END,Heera-Uran Complex,7.9,Estimated,7.9,No,1435.0,Synthetic
3940,2024-11-24,HEERA END,Heera-Uran Complex,7.9,Estimated,7.9,No,1474.8,Synthetic
3952,2024-11-25,HEERA END,Heera-Uran Complex,7.9,Estimated,7.9,No,1380.7,Synthetic
3964,2024-11-26,HEERA END,Heera-Uran Complex,7.9,Estimated,7.9,No,1486.0,Synthetic
3976,2024-11-27,HEERA END,Heera-Uran Complex,7.9,Estimated,7.9,No,1470.1,Synthetic
3988,2024-11-28,HEERA END,Heera-Uran Complex,7.9,Estimated,7.9,No,1482.3,Synthetic
4000,2024-11-29,HEERA END,Heera-Uran Complex,7.9,Estimated,7.9,No,1498.0,Synthetic
4012,2024-11-30,HEERA END,Heera-Uran Complex,7.9,Estimated,7.9,No,1465.4,Synthetic
4024,2024-12-01,HEERA END,Heera-Uran Complex,7.9,Estimated,7.9,No,1453.3,Synthetic
4036,2024-12-02,HEERA END,Heera-Uran Complex,7.9,Estimated,7.9,No,1406.1,Synthetic
4048,2024-12-03,HEERA END,Heera-Uran Complex,7.9,Estimated,7.9,No,1410.9,Synthetic
4060,2024-12-04,HEERA END,Heera-Uran Complex,7.9,Estimated,7.9,No,1490.5,Synthetic
4072,2024-12-05,HEERA END,Heera-Uran Complex,7.9,Estimated,7.9,No,1498.6,Synthetic
4084,2024-12-06,HEERA END,Heera-Uran Complex,7.9,Estimated,7.9,No,1423.9,Synthetic
4096,2024-12-07,HEERA END,Heera-Uran Complex,7.9,Estimated,7.9,No,1433.6,Synthetic
4108,2024-12-08,HEERA END,Heera-Uran Complex,7.9,Estimated,7.9,No,1390.3,Synthetic
4120,2024-12-09,HEERA END,Heera-Uran Complex,7.9,Estimated,7.9,No,1476.8,Synthetic
4132,2024-12-10,HEERA END,Heera-Uran Complex,7.9,Estimated,7.9,No,1452.5,Synthetic
4144,2024-12-11,HEERA END,Heera-Uran Complex,7.9,Estimated,7.9,No,1504.4,Synthetic
4156,2024-12-12,HEERA END,Heera-Uran Complex,7.9,Estimated,7.9,No,1381.7,Synthetic
4168,2024-12-13,HEERA END,Heera-Uran Complex,7.9,Estimated,7.9,No,1400.6,Synthetic
4180,2024-12-14,HEERA END,Heera-Uran Complex,7.9,Estimated,7.9,No,1424.0,Synthetic
4192,2024-12-15,HEERA END,Heera-Uran Complex,7.9,Estimated,7.9,No,1439.0,Synthetic
4204,2024-12-16,HEERA END,Heera-Uran Complex,7.9,Estimated,7.9,No,1400.1,Synthetic
4216,2024-12-17,HEERA END,Heera-Uran Complex,7.9,Estimated,7.9,No,1369.9,Synthetic
4228,2024-12-18,HEERA END,Heera-Uran Complex,7.9,Estimated,7.9,No,1441.4,Synthetic
4240,2024-12-19,HEERA END,Heera-Uran Complex,7.9,Estimated,7.9,No,1432.1,Synthetic
4252,2024-12-20,HEERA END,Heera-Uran Complex,7.9,Estimated,7.9,No,1360.8,Synthetic
4264,2024-12-21,HEERA END,Heera-Uran Complex,7.9,Estimated,7.9,No,1453.6,Synthetic
4276,2024-12-22,HEERA END,Heera-Uran Complex,7.9,Estimated,7.9,No,1443.3,Synthetic
4288,2024-12-23,HEERA END,Heera-Uran Complex,7.9,Estimated,7.9,No,1397.5,Synthetic
4300,2024-12-24,HEERA END,Heera-Uran Complex,7.9,Estimated,7.9,No,1392.8,Synthetic
4312,2024-12-25,HEERA END,Heera-Uran Complex,7.9,Estimated,7.9,No,1410.1,Synthetic
4324,2024-12-26,HEERA END,Heera-Uran Complex,7.9,Estimated,7.9,No,1348.8,Synthetic
4336,2024-12-27,HEERA END,Heera-Uran Complex,7.9,Estimated,7.9,No,1383.4,Synthetic
4348,2024-12-28,HEERA END,Heera-Uran Complex,7.9,Estimated,7.9,No,1290.7,Synthetic
4360,2024-12-29,HEERA END,Heera-Uran Complex,7.9,Estimated,7.9,No,1413.5,Synthetic
4372,2024-12-30,HEERA END,Heera-Uran Complex,7.9,Estimated,7.9,No,1310.5,Synthetic
4384,2024-12-31,HEERA END,Heera-Uran Complex,7.9,Estimated,7.9,No,1434.4,Synthetic
4396,2025-01-01,HEERA END,Heera-Uran Complex,7.9,Estimated,7.9,No,1356.5,Synthetic
4408,2025-01-02,HEERA END,Heera-Uran Complex,7.9,Estimated,7.9,No,1359.0,Synthetic
4420,2025-01-03,HEERA END,Heera-Uran Complex,7.9,Estimated,7.9,No,1339.6,Synthetic
4432,2025-01-04,HEERA END,Heera-Uran Complex,7.9,Estimated,7.9,No,1351.1,Synthetic
4444,2025-01-05,HEERA END,Heera-Uran Complex,7.9,Estimated,7.9,No,1418.4,Synthetic
4456,2025-01-06,HEERA END,Heera-Uran Complex,7.9,Estimated,7.9,No,1256.7,Synthetic
4468,2025-01-07,HEERA END,Heera-Uran Complex,7.9,Estimated,7.9,No,1407.6,Synthetic
4480,2025-01-08,HEERA END,Heera-Uran Complex,7.9,Estimated,7.9,No,1367.1,Synthetic
4492,2025-01-09,HEERA END,Heera-Uran Complex,7.9,Estimated,7.9,No,1302.0,Synthetic
4504,2025-01-10,HEERA END,Heera-Uran Complex,7.9,Estimated,7.9,No,1305.1,Synthetic
4516,2025-01-11,HEERA END,Heera-Uran Complex,7.9,Estimated,7.9,No,1413.9,Synthetic
4528,2025-01-12,HEERA END,Heera-Uran Complex,7.9,Estimated,7.9,No,1305.7,Synthetic
4540,2025-01-13,HEERA END,Heera-Uran Complex,7.9,Estimated,7.9,No,1295.1,Synthetic
4552,2025-01-14,HEERA END,Heera-Uran Complex,7.9,Estimated,7.9,No,1384.8,Synthetic
4564,2025-01-15,HEERA END,Heera-Uran Complex,7.9,Estimated,7.9,No,1350.4,Synthetic
4576,2025-01-16,HEERA END,Heera-Uran Complex,7.9,Estimated,7.9,No,1296.9,Synthetic
4588,2025-01-17,HEERA END,Heera-Uran Complex,7.9,Estimated,7.9,No,1340.7,Synthetic
4600,2025-01-18,HEERA END,Heera-Uran Complex,7.9,Estimated,7.9,No,1288.8,Synthetic
4612,2025-01-19,HEERA END,Heera-Uran Complex,7.9,Estimated,7.9,No,1371.2,Synthetic
4624,2025-01-20,HEERA END,Heera-Uran Complex,7.9,Estimated,7.9,No,1367.3,Synthetic
4636,2025-01-21,HEERA END,Heera-Uran Complex,7.9,Estimated,7.9,No,1343.9,Synthetic
4648,2025-01-22,HEERA END,Heera-Uran Complex,7.9,Estimated,7.9,No,1334.8,Synthetic
4660,2025-01-23,HEERA END,Heera-Uran Complex,7.9,Estimated,7.9,No,1387.8,Synthetic
4672,2025-01-24,HEERA END,Heera-Uran Complex,7.9,Estimated,7.9,No,1315.8,Synthetic
4684,2025-01-25,HEERA END,Heera-Uran Complex,7.9,Estimated,7.9,No,1266.9,Synthetic
4696,2025-01-26,HEERA END,Heera-Uran Complex,7.9,Estimated,7.9,No,1328.9,Synthetic
4708,2025-01-27,HEERA END,Heera-Uran Complex,7.9,Estimated,7.9,No,1390.8,Synthetic
4720,2025-01-28,HEERA END,Heera-Uran Complex,7.9,Estimated,7.9,No,1266.8,Synthetic
4732,2025-01-29,HEERA END,Heera-Uran Complex,7.9,Estimated,7.9,No,1290.1,Synthetic
4744,2025-01-30,HEERA END,Heera-Uran Complex,7.9,Estimated,7.9,No,1318.3,Synthetic
4756,2025-01-31,HEERA END,Heera-Uran Complex,7.9,Estimated,7.9,No,1297.6,Synthetic
4768,2025-02-01,HEERA END,Heera-Uran Complex,7.9,Estimated,7.9,No,1259.2,Synthetic
4780,2025-02-02,HEERA END,Heera-Uran Complex,7.9,Estimated,7.9,No,1338.7,Synthetic
4792,2025-02-03,HEERA END,Heera-Uran Complex,7.9,Estimated,7.9,No,1382.9,Synthetic
4804,2025-02-04,HEERA END,Heera-Uran Complex,7.9,Estimated,7.9,No,1298.2,Synthetic
4816,2025-02-05,HEERA END,Heera-Uran Complex,7.9,Estimated,7.9,No,1253.4,Synthetic
4828,2025-02-06,HEERA END,Heera-Uran Complex,7.9,Estimated,7.9,No,1226.3,Synthetic
4840,2025-02-07,HEERA END,Heera-Uran Complex,7.9,Estimated,7.9,No,1293.7,Synthetic
4852,2025-02-08,HEERA END,Heera-Uran Complex,7.9,Estimated,7.9,No,1324.0,Synthetic
4864,2025-02-09,HEERA END,Heera-Uran Complex,7.9,Estimated,7.9,No,1297.5,Synthetic
4876,2025-02-10,HEERA END,Heera-Uran Complex,7.9,Estimated,7.9,No,1277.0,Synthetic
4888,2025-02-11,HEERA END,Heera-Uran Complex,7.9,Estimated,7.9,No,1252.3,Synthetic
4900,2025-02-12,HEERA END,Heera-Uran Complex,7.9,Estimated,7.9,No,1230.9,Synthetic
4912,2025-02-13,HEERA END,Heera-Uran Complex,7.9,Estimated,7.9,No,1302.1,Synthetic
4924,2025-02-14,HEERA END,Heera-Uran Complex,7.9,Estimated,7.9,No,1302.9,Synthetic
4936,2025-02-15,HEERA END,Heera-Uran Complex,7.9,Estimated,7.9,No,1207.2,Synthetic
4948,2025-02-16,HEERA END,Heera-Uran Complex,7.9,Estimated,7.9,No,1323.9,Synthetic
4960,2025-02-17,HEERA END,Heera-Uran Complex,7.9,Estimated,7.9,No,1283.2,Synthetic
4972,2025-02-18,HEERA END,Heera-Uran Complex,7.9,Estimated,7.9,No,1312.1,Synthetic
4984,2025-02-19,HEERA END,Heera-Uran Complex,7.9,Estimated,7.9,No,1206.4,Synthetic
4996,2025-02-20,HEERA END,Heera-Uran Complex,7.9,Estimated,7.9,No,1203.4,Synthetic
5008,2025-02-21,HEERA END,Heera-Uran Complex,7.9,Estimated,7.9,No,1247.0,Synthetic
5020,2025-02-22,HEERA END,Heera-Uran Complex,7.9,Estimated,7.9,No,1269.3,Synthetic
5032,2025-02-23,HEERA END,Heera-Uran Complex,7.9,Estimated,7.9,No,1315.5,Synthetic
5044,2025-02-24,HEERA END,Heera-Uran Complex,7.9,Estimated,7.9,No,1272.4,Synthetic
5056,2025-02-25,HEERA END,Heera-Uran Complex,7.9,Estimated,7.9,No,1234.8,Synthetic
5068,2025-02-26,HEERA END,Heera-Uran Complex,7.9,Estimated,7.9,No,1203.4,Synthetic
5080,2025-02-27,HEERA END,Heera-Uran Complex,7.9,Estimated,7.9,No,1285.2,Synthetic
5092,2025-02-28,HEERA END,Heera-Uran Complex,7.9,Estimated,7.9,No,1201.5,Synthetic
5104,2025-03-01,HEERA END,Heera-Uran Complex,7.9,Estimated,7.9,No,1295.4,Synthetic
5116,2025-03-02,HEERA END,Heera-Uran Complex,7.9,Estimated,7.9,No,1222.4,Synthetic
5128,2025-03-03,HEERA END,Heera-Uran Complex,7.9,Estimated,7.9,No,1289.5,Synthetic
5140,2025-03-04,HEERA END,Heera-Uran Complex,7.9,Estimated,7.9,No,1253.6,Synthetic
5152,2025-03-05,HEERA END,Heera-Uran Complex,7.9,Estimated,7.9,No,1221.4,Synthetic
5164,2025-03-06,HEERA END,Heera-Uran Complex,7.9,Estimated,7.9,No,1205.2,Synthetic
5176,2025-03-07,HEERA END,Heera-Uran Complex,7.9,Estimated,7.9,No,1209.6,Synthetic
5188,2025-03-08,HEERA END,Heera-Uran Complex,7.9,Estimated,7.9,No,1235.7,Synthetic
5200,2025-03-09,HEERA END,Heera-Uran Complex,7.9,Estimated,7.9,No,1220.7,Synthetic
5212,2025-03-10,HEERA END,Heera-Uran Complex,7.9,Estimated,7.9,No,1194.1,Synthetic
5224,2025-03-11,HEERA END,Heera-Uran Complex,7.9,Estimated,7.9,No,1207.5,Synthetic
5236,2025-03-12,HEERA END,Heera-Uran Complex,7.9,Estimated,7.9,No,1214.3,Synthetic
5248,2025-03-13,HEERA END,Heera-Uran Complex,7.9,Estimated,7.9,No,1132.1,Synthetic
5260,2025-03-14,HEERA END,Heera-Uran Complex,7.9,Estimated,7.9,No,1223.8,Synthetic
5272,2025-03-15,HEERA END,Heera-Uran Complex,7.9,Estimated,7.9,No,1169.7,Synthetic
5284,2025-03-16,HEERA END,Heera-Uran Complex,7.9,Estimated,7.9,No,1161.3,Synthetic
5296,2025-03-17,HEERA END,Heera-Uran Complex,7.9,Estimated,7.9,No,1140.1,Synthetic
5308,2025-03-18,HEERA END,Heera-Uran Complex,7.9,Estimated,7.9,No,1134.2,Synthetic
5320,2025-03-19,HEERA END,Heera-Uran Complex,7.9,Estimated,7.9,No,1148.0,Synthetic
5332,2025-03-20,HEERA END,Heera-Uran Complex,7.9,Estimated,7.9,No,1169.1,Synthetic
5344,2025-03-21,HEERA END,Heera-Uran Complex,7.9,Estimated,7.9,No,1262.3,Synthetic
5356,2025-03-22,HEERA END,Heera-Uran Complex,7.9,Estimated,7.9,No,1171.6,Synthetic
5368,2025-03-23,HEERA END,Heera-Uran Complex,7.9,Estimated,7.9,No,1194.6,Synthetic
5380,2025-03-24,HEERA END,Heera-Uran Complex,7.9,Estimated,7.9,No,1200.4,Synthetic
5392,2025-03-25,HEERA END,Heera-Uran Complex,7.9,Estimated,7.9,No,1188.7,Synthetic
5404,2025-03-26,HEERA END,Heera-Uran Complex,7.9,Estimated,7.9,No,1179.2,Synthetic
5416,2025-03-27,HEERA END,Heera-Uran Complex,7.9,Estimated,7.9,No,1137.6,Synthetic
5428,2025-03-28,HEERA END,Heera-Uran Complex,7.9,Estimated,7.9,No,1229.1,Synthetic
5440,2025-03-29,HEERA END,Heera-Uran Complex,7.9,Estimated,7.9,No,1239.5,Synthetic
5452,2025-03-30,HEERA END,Heera-Uran Complex,7.9,Estimated,7.9,No,1114.5,Synthetic
5464,2025-03-31,HEERA END,Heera-Uran Complex,7.9,Estimated,7.9,No,1135.7,Synthetic
5476,2025-04-01,HEERA END,Heera-Uran Complex,7.9,Estimated,7.9,No,1159.8,Synthetic
5488,2025-04-02,HEERA END,Heera-Uran Complex,7.9,Estimated,7.9,No,1133.8,Synthetic
5500,2025-04-03,HEERA END,Heera-Uran Complex,7.9,Estimated,7.9,No,1183.2,Synthetic
5512,2025-04-04,HEERA END,Heera-Uran Complex,7.9,Estimated,7.9,No,1138.0,Synthetic
5524,2025-04-05,HEERA END,Heera-Uran Complex,7.9,Estimated,7.9,No,1236.8,Synthetic
5536,2025-04-06,HEERA END,Heera-Uran Complex,7.9,Estimated,7.9,No,1200.8,Synthetic
5548,2025-04-07,HEERA END,Heera-Uran Complex,7.9,Estimated,7.9,No,1164.7,Synthetic
5560,2025-04-08,HEERA END,Heera-Uran Complex,7.9,Estimated,7.9,No,1190.9,Synthetic
5572,2025-04-09,HEERA END,Heera-Uran Complex,7.9,Estimated,7.9,No,1191.5,Synthetic
5584,2025-04-10,HEERA END,Heera-Uran Complex,7.9,Estimated,7.9,No,1131.8,Synthetic
5596,2025-04-11,HEERA END,Heera-Uran Complex,7.9,Estimated,7.9,No,1121.1,Synthetic
5608,2025-04-12,HEERA END,Heera-Uran Complex,7.9,Estimated,7.9,No,1149.9,Synthetic
5620,2025-04-13,HEERA END,Heera-Uran Complex,7.9,Estimated,7.9,No,1174.8,Synthetic
5632,2025-04-14,HEERA END,Heera-Uran Complex,7.9,Estimated,7.9,No,1147.9,Synthetic
5644,2025-04-15,HEERA END,Heera-Uran Complex,7.9,Estimated,7.9,No,1087.2,Synthetic
5656,2025-04-16,HEERA END,Heera-Uran Complex,7.9,Estimated,7.9,No,1111.7,Synthetic
5668,2025-04-17,HEERA END,Heera-Uran Complex,7.9,Estimated,7.9,No,1134.6,Synthetic
5680,2025-04-18,HEERA END,Heera-Uran Complex,7.9,Estimated,7.9,No,1132.6,Synthetic
5692,2025-04-19,HEERA END,Heera-Uran Complex,7.9,Estimated,7.9,No,1200.2,Synthetic
5704,2025-04-20,HEERA END,Heera-Uran Complex,7.9,Estimated,7.9,No,1084.1,Synthetic
5716,2025-04-21,HEERA END,Heera-Uran Complex,7.9,Estimated,7.9,No,1146.3,Synthetic
5728,2025-04-22,HEERA END,Heera-Uran Complex,7.9,Estimated,7.9,No,1177.6,Synthetic
5740,2025-04-23,HEERA END,Heera-Uran Complex,7.9,Estimated,7.9,No,1201.9,Synthetic
5752,2025-04-24,HEERA END,Heera-Uran Complex,7.9,Estimated,7.9,No,1109.6,Synthetic
5764,2025-04-25,HEERA END,Heera-Uran Complex,7.9,Estimated,7.9,No,1137.8,Synthetic
5776,2025-04-26,HEERA END,Heera-Uran Complex,7.9,Estimated,7.9,No,1138.4,Synthetic
5788,2025-04-27,HEERA END,Heera-Uran Complex,7.9,Estimated,7.9,No,1123.9,Synthetic
5800,2025-04-28,HEERA END,Heera-Uran Complex,7.9,Estimated,7.9,No,1112.1,Synthetic
5812,2025-04-29,HEERA END,Heera-Uran Complex,7.9,Estimated,7.9,No,1128.0,Synthetic
5824,2025-04-30,HEERA END,Heera-Uran Complex,7.9,Estimated,7.9,No,1027.0,Synthetic
5836,2025-05-01,HEERA END,Heera-Uran Complex,7.9,Estimated,7.9,No,1132.2,Synthetic
5848,2025-05-02,HEERA END,Heera-Uran Complex,7.9,Estimated,7.9,No,1111.7,Synthetic
5860,2025-05-03,HEERA END,Heera-Uran Complex,7.9,Estimated,7.9,No,1098.2,Synthetic
5872,2025-05-04,HEERA END,Heera-Uran Complex,7.9,Estimated,7.9,No,1171.4,Synthetic
5884,2025-05-05,HEERA END,Heera-Uran Complex,7.9,Estimated,7.9,No,1079.4,Synthetic
5896,2025-05-06,HEERA END,Heera-Uran Complex,7.9,Estimated,7.9,No,1086.5,Synthetic
5908,2025-05-07,HEERA END,Heera-Uran Complex,7.9,Estimated,7.9,No,1163.5,Synthetic
5920,2025-05-08,HEERA END,Heera-Uran Complex,7.9,Estimated,7.9,No,1068.6,Synthetic
5932,2025-05-09,HEERA END,Heera-Uran Complex,7.9,Estimated,7.9,No,1076.0,Synthetic
5944,2025-05-10,HEERA END,Heera-Uran Complex,7.9,Estimated,7.9,No,1087.3,Synthetic
5956,2025-05-11,HEERA END,Heera-Uran Complex,7.9,Estimated,7.9,No,1117.7,Synthetic
5968,2025-05-12,HEERA END,Heera-Uran Complex,7.9,Estimated,7.9,No,1095.0,Synthetic
5980,2025-05-13,HEERA END,Heera-Uran Complex,7.9,Estimated,7.9,No,1044.2,Synthetic
5992,2025-05-14,HEERA END,Heera-Uran Complex,7.9,Estimated,7.9,No,1067.1,Synthetic
6004,2025-05-15,HEERA END,Heera-Uran Complex,7.9,Estimated,7.9,No,1062.8,Synthetic
6016,2025-05-16,HEERA END,Heera-Uran Complex,7.9,Estimated,7.9,No,1078.1,Synthetic
6028,2025-05-17,HEERA END,Heera-Uran Complex,7.9,Estimated,7.9,No,1092.5,Synthetic
6040,2025-05-18,HEERA END,Heera-Uran Complex,7.9,Estimated,7.9,No,1090.3,Synthetic
6052,2025-05-19,HEERA END,Heera-Uran Complex,7.9,Estimated,7.9,No,1017.7,Synthetic
6064,2025-05-20,HEERA END,Heera-Uran Complex,7.9,Estimated,7.9,No,1107.3,Synthetic
6076,2025-05-21,HEERA END,Heera-Uran Complex,7.9,Estimated,7.9,No,1079.3,Synthetic
6088,2025-05-22,HEERA END,Heera-Uran Complex,7.9,Estimated,7.9,No,1113.7,Synthetic
6100,2025-05-23,HEERA END,Heera-Uran Complex,7.9,Estimated,7.9,No,1081.6,Synthetic
6112,2025-05-24,HEERA END,Heera-Uran Complex,7.9,Estimated,7.9,No,1100.7,Synthetic
6124,2025-05-25,HEERA END,Heera-Uran Complex,7.9,Estimated,7.9,No,1078.6,Synthetic
6136,2025-05-26,HEERA END,Heera-Uran Complex,7.9,Estimated,7.9,No,1104.7,Synthetic
6148,2025-05-27,HEERA END,Heera-Uran Complex,7.9,Estimated,7.9,No,1076.5,Synthetic
6160,2025-05-28,HEERA END,Heera-Uran Complex,7.9,Estimated,7.9,No,1055.0,Synthetic
6172,2025-05-29,HEERA END,Heera-Uran Complex,7.9,Estimated,7.9,No,1128.2,Synthetic
6184,2025-05-30,HEERA END,Heera-Uran Complex,7.9,Estimated,7.9,No,1082.5,Synthetic
6196,2025-05-31,HEERA END,Heera-Uran Complex,7.9,Estimated,7.9,No,1070.6,Synthetic
6208,2025-06-01,HEERA END,Heera-Uran Complex,7.9,Estimated,7.9,No,1010.4,Synthetic
6220,2025-06-02,HEERA END,Heera-Uran Complex,7.9,Estimated,7.9,No,1008.3,Synthetic
6232,2025-06-03,HEERA END,Heera-Uran Complex,7.9,Estimated,7.9,No,1056.2,Synthetic
6244,2025-06-04,HEERA END,Heera-Uran Complex,7.9,Estimated,7.9,No,1049.7,Synthetic
6256,2025-06-05,HEERA END,Heera-Uran Complex,7.9,Estimated,7.9,No,1024.1,Synthetic
6268,2025-06-06,HEERA END,Heera-Uran Complex,7.9,Estimated,7.9,No,1045.9,Synthetic
6280,2025-06-07,HEERA END,Heera-Uran Complex,7.9,Estimated,7.9,No,1089.2,Synthetic
6292,2025-06-08,HEERA END,Heera-Uran Complex,7.9,Estimated,7.9,No,1059.5,Synthetic
6304,2025-06-09,HEERA END,Heera-Uran Complex,7.9,Estimated,7.9,No,1000.5,Synthetic
6316,2025-06-10,HEERA END,Heera-Uran Complex,7.9,Estimated,7.9,No,1030.7,Synthetic
6328,2025-06-11,HEERA END,Heera-Uran Complex,7.9,Estimated,7.9,No,1007.4,Synthetic
6340,2025-06-12,HEERA END,Heera-Uran Complex,7.9,Estimated,7.9,No,1018.5,Synthetic
6352,2025-06-13,HEERA END,Heera-Uran Complex,7.9,Actual,7.9,No,1016.0,Synthetic
6364,2025-06-14,HEERA END,Heera-Uran Complex,7.8,Actual,7.8,No,1012.8,Synthetic
6376,2025-06-15,HEERA END,Heera-Uran Complex,7.9,Actual,7.9,No,986.5,Synthetic
6388,2025-06-16,HEERA END,Heera-Uran Complex,7.2,Actual,7.2,No,1023.5,Synthetic
6400,2025-06-17,HEERA END,Heera-Uran Complex,7.1,Estimated,7.1,No,1009.0,Synthetic
6412,2025-06-18,HEERA END,Heera-Uran Complex,7.0,Actual,7.0,No,934.9,Synthetic
6424,2025-06-19,HEERA END,Heera-Uran Complex,7.5,Actual,7.5,No,1083.1,Synthetic
6436,2025-06-20,HEERA END,Heera-Uran Complex,7.2,Actual,7.2,No,1053.6,Synthetic
6448,2025-06-21,HEERA END,Heera-Uran Complex,6.8,Actual,6.8,No,1009.2,Synthetic
6460,2025-06-22,HEERA END,Heera-Uran Complex,8.4,Actual,8.4,No,1010.2,Synthetic
6472,2025-06-23,HEERA END,Heera-Uran Complex,7.7,Actual,7.7,No,976.4,Synthetic
6484,2025-06-24,HEERA END,Heera-Uran Complex,6.7,Actual,6.7,No,1067.7,Synthetic
6496,2025-06-25,HEERA END,Heera-Uran Complex,7.4,Actual,7.4,No,1067.6,Synthetic
6508,2025-06-26,HEERA END,Heera-Uran Complex,8.8,Actual,8.8,No,1005.0,Synthetic
6520,2025-06-27,HEERA END,Heera-Uran Complex,7.2,Actual,7.2,No,1038.7,Synthetic
6532,2025-06-28,HEERA END,Heera-Uran Complex,7.9,Actual,7.9,No,1007.2,Synthetic
6544,2025-06-29,HEERA END,Heera-Uran Complex,8.0,Actual,8.0,No,959.5,Synthetic
6556,2025-06-30,HEERA END,Heera-Uran Complex,7.7,Actual,7.7,No,987.2,Synthetic
6568,2025-07-01,HEERA END,Heera-Uran Complex,7.7,Actual,7.7,No,1001.8,Synthetic
6580,2025-07-02,HEERA END,Heera-Uran Complex,7.0,Actual,7.0,No,986.4,Synthetic
6592,2025-07-03,HEERA END,Heera-Uran Complex,12.3,Actual,12.3,No,961.7,Synthetic
6604,2025-07-04,HEERA END,Heera-Uran Complex,12.2,Actual,12.2,No,964.3,Synthetic
6616,2025-07-05,HEERA END,Heera-Uran Complex,10.0,Actual,10.0,No,975.4,Synthetic
6628,2025-07-06,HEERA END,Heera-Uran Complex,8.7,Actual,8.7,No,985.0,Synthetic
6640,2025-07-07,HEERA END,Heera-Uran Complex,7.8,Actual,7.8,No,955.4,Synthetic
6652,2025-07-08,HEERA END,Heera-Uran Complex,11.2,Actual,11.2,No,945.0,Synthetic
6664,2025-07-09,HEERA END,Heera-Uran Complex,12.0,Actual,12.0,No,922.6,Synthetic
6676,2025-07-10,HEERA END,Heera-Uran Complex,13.2,Actual,13.2,No,979.0,Synthetic
6688,2025-07-11,HEERA END,Heera-Uran Complex,9.9,Actual,9.9,No,906.9,Synthetic
6700,2025-07-12,HEERA END,Heera-Uran Complex,12.1,Actual,12.1,No,987.0,Synthetic
6712,2025-07-13,HEERA END,Heera-Uran Complex,7.8,Actual,7.8,No,1017.0,Synthetic
6724,2025-07-14,HEERA END,Heera-Uran Complex,6.3,Actual,6.3,No,974.2,Synthetic
6736,2025-07-15,HEERA END,Heera-Uran Complex,10.0,Actual,10.0,No,885.7,Synthetic
6748,2025-07-16,HEERA END,Heera-Uran Complex,4.8,Actual,4.8,No,977.3,Synthetic
6760,2025-07-17,HEERA END,Heera-Uran Complex,7.4,Actual,7.4,No,969.9,Synthetic
6772,2025-07-18,HEERA END,Heera-Uran Complex,8.7,Actual,8.7,No,933.7,Synthetic
6784,2025-07-19,HEERA END,Heera-Uran Complex,8.5,Actual,8.5,No,947.4,Synthetic
6796,2025-07-20,HEERA END,Heera-Uran Complex,7.7,Actual,7.7,No,1009.3,Synthetic
6808,2025-07-21,HEERA END,Heera-Uran Complex,6.4,Actual,6.4,No,989.9,Synthetic
6820,2025-07-22,HEERA END,Heera-Uran Complex,6.2,Actual,6.2,No,943.0,Synthetic
6832,2025-07-23,HEERA END,Heera-Uran Complex,7.0,Actual,7.0,No,917.6,Synthetic
6844,2025-07-24,HEERA END,Heera-Uran Complex,7.0,Actual,7.0,No,952.7,Synthetic
6856,2025-07-25,HEERA END,Heera-Uran Complex,6.7,Actual,6.7,No,955.9,Synthetic
6868,2025-07-26,HEERA END,Heera-Uran Complex,6.5,Actual,6.5,No,975.8,Synthetic
6880,2025-07-27,HEERA END,Heera-Uran Complex,7.1,Actual,7.1,No,941.2,Synthetic
6892,2025-07-28,HEERA END,Heera-Uran Complex,7.5,Actual,7.5,No,967.3,Synthetic
6904,2025-07-29,HEERA END,Heera-Uran Complex,7.2,Actual,7.2,No,1007.9,Synthetic
6916,2025-07-30,HEERA END,Heera-Uran Complex,10.2,Actual,10.2,No,957.5,Synthetic
6928,2025-07-31,HEERA END,Heera-Uran Complex,10.6,Actual,10.6,No,929.5,Synthetic
6940,2025-08-01,HEERA END,Heera-Uran Complex,10.8,Actual,10.8,No,923.0,Synthetic
6952,2025-08-02,HEERA END,Heera-Uran Complex,11.2,Actual,11.2,No,914.4,Synthetic
6964,2025-08-03,HEERA END,Heera-Uran Complex,12.0,Actual,12.0,No,950.9,Synthetic
6976,2025-08-04,HEERA END,Heera-Uran Complex,7.2,Actual,7.2,No,924.9,Synthetic
6988,2025-08-05,HEERA END,Heera-Uran Complex,6.1,Actual,6.1,No,948.2,Synthetic
7000,2025-08-06,HEERA END,Heera-Uran Complex,5.3,Actual,5.3,No,951.0,Synthetic
7012,2025-08-07,HEERA END,Heera-Uran Complex,5.4,Estimated,5.4,No,933.1,Synthetic
7024,2025-08-08,HEERA END,Heera-Uran Complex,5.5,Actual,5.5,No,906.2,Synthetic
7036,2025-08-09,HEERA END,Heera-Uran Complex,10.8,Actual,10.8,No,924.0,Synthetic
7048,2025-08-10,HEERA END,Heera-Uran Complex,10.33,Estimated,10.33,No,914.3,Synthetic
7060,2025-08-11,HEERA END,Heera-Uran Complex,9.87,Estimated,9.87,No,930.6,Synthetic
7072,2025-08-12,HEERA END,Heera-Uran Complex,9.4,Actual,9.4,No,903.1,Synthetic
7084,2025-08-13,HEERA END,Heera-Uran Complex,12.2,Actual,12.2,No,934.3,Synthetic
7096,2025-08-14,HEERA END,Heera-Uran Complex,10.7,Actual,10.7,No,883.8,Synthetic
7108,2025-08-15,HEERA END,Heera-Uran Complex,10.7,Actual,10.7,No,952.6,Synthetic
7120,2025-08-16,HEERA END,Heera-Uran Complex,9.4,Actual,9.4,No,863.5,Synthetic
7132,2025-08-17,HEERA END,Heera-Uran Complex,10.2,Actual,10.2,No,917.3,Synthetic
7144,2025-08-18,HEERA END,Heera-Uran Complex,12.1,Actual,12.1,No,906.7,Synthetic
7156,2025-08-19,HEERA END,Heera-Uran Complex,12.1,Actual,12.1,No,871.0,Synthetic
7168,2025-08-20,HEERA END,Heera-Uran Complex,10.2,Actual,10.2,No,912.2,Synthetic
7180,2025-08-21,HEERA END,Heera-Uran Complex,9.3,Actual,9.3,No,938.6,Synthetic
7192,2025-08-22,HEERA END,Heera-Uran Complex,7.5,Actual,7.5,No,851.1,Synthetic
7204,2025-08-23,HEERA END,Heera-Uran Complex,6.4,Actual,6.4,No,929.7,Synthetic
7216,2025-08-24,HEERA END,Heera-Uran Complex,7.2,Actual,7.2,No,842.0,Synthetic
7228,2025-08-25,HEERA END,Heera-Uran Complex,5.2,Actual,5.2,No,892.2,Synthetic
7240,2025-08-26,HEERA END,Heera-Uran Complex,7.2,Actual,7.2,No,951.2,Synthetic
7252,2025-08-27,HEERA END,Heera-Uran Complex,6.4,Actual,6.4,No,893.5,Synthetic
7264,2025-08-28,HEERA END,Heera-Uran Complex,5.1,Actual,5.1,No,882.3,Synthetic
7276,2025-08-29,HEERA END,Heera-Uran Complex,5.2,Actual,5.2,No,907.0,Synthetic
7288,2025-08-30,HEERA END,Heera-Uran Complex,5.1,Actual,5.1,No,967.9,Synthetic
7300,2025-08-31,HEERA END,Heera-Uran Complex,5.2,Actual,5.2,No,859.3,Synthetic
7312,2025-09-01,HEERA END,Heera-Uran Complex,6.0,Actual,6.0,No,875.0,Synthetic
7324,2025-09-02,HEERA END,Heera-Uran Complex,6.0,Actual,6.0,No,942.4,Synthetic
7336,2025-09-03,HEERA END,Heera-Uran Complex,5.5,Actual,5.5,No,953.2,Synthetic
7348,2025-09-04,HEERA END,Heera-Uran Complex,7.3,Actual,7.3,No,889.4,Synthetic
7360,2025-09-05,HEERA END,Heera-Uran Complex,6.1,Actual,6.1,No,863.3,Synthetic
7372,2025-09-06,HEERA END,Heera-Uran Complex,6.2,Actual,6.2,No,950.8,Synthetic
7384,2025-09-07,HEERA END,Heera-Uran Complex,8.5,Actual,8.5,No,923.5,Synthetic
7396,2025-09-08,HEERA END,Heera-Uran Complex,7.7,Actual,7.7,No,901.8,Synthetic
7408,2025-09-09,HEERA END,Heera-Uran Complex,9.1,Actual,9.1,No,853.9,Synthetic
7420,2025-09-10,HEERA END,Heera-Uran Complex,6.9,Actual,6.9,No,883.5,Synthetic
7432,2025-09-11,HEERA END,Heera-Uran Complex,8.4,Actual,8.4,No,871.4,Synthetic
7444,2025-09-12,HEERA END,Heera-Uran Complex,10.6,Actual,10.6,No,871.6,Synthetic
7456,2025-09-13,HEERA END,Heera-Uran Complex,8.1,Actual,8.1,No,912.1,Synthetic
7468,2025-09-14,HEERA END,Heera-Uran Complex,9.3,Actual,9.3,No,889.4,Synthetic
7480,2025-09-15,HEERA END,Heera-Uran Complex,7.6,Actual,7.6,No,845.3,Synthetic
7492,2025-09-16,HEERA END,Heera-Uran Complex,7.1,Actual,7.1,No,910.6,Synthetic
7504,2025-09-17,HEERA END,Heera-Uran Complex,5.2,Actual,5.2,No,890.7,Synthetic
7516,2025-09-18,HEERA END,Heera-Uran Complex,5.4,Actual,5.4,No,898.0,Synthetic
7528,2025-09-19,HEERA END,Heera-Uran Complex,6.0,Actual,6.0,No,913.9,Synthetic
7540,2025-09-20,HEERA END,Heera-Uran Complex,5.2,Actual,5.2,No,848.5,Synthetic
7552,2025-09-21,HEERA END,Heera-Uran Complex,5.8,Actual,5.8,No,872.4,Synthetic
7564,2025-09-22,HEERA END,Heera-Uran Complex,5.4,Actual,5.4,No,859.8,Synthetic
7576,2025-09-23,HEERA END,Heera-Uran Complex,5.9,Actual,5.9,No,828.8,Synthetic
7588,2025-09-24,HEERA END,Heera-Uran Complex,6.6,Actual,6.6,No,873.7,Synthetic
7600,2025-09-25,HEERA END,Heera-Uran Complex,6.2,Actual,6.2,No,930.4,Synthetic
7612,2025-09-26,HEERA END,Heera-Uran Complex,8.5,Actual,8.5,No,805.3,Synthetic
7624,2025-09-27,HEERA END,Heera-Uran Complex,11.7,Actual,11.7,No,834.4,Synthetic
7636,2025-09-28,HEERA END,Heera-Uran Complex,14.6,Actual,14.6,No,835.2,Synthetic
7648,2025-09-29,HEERA END,Heera-Uran Complex,11.7,Actual,11.7,No,835.3,Synthetic
7660,2025-09-30,HEERA END,Heera-Uran Complex,17.7,Actual,17.7,No,798.8,Synthetic
7672,2025-10-01,HEERA END,Heera-Uran Complex,17.5,Actual,17.5,No,769.8,Synthetic
7684,2025-10-02,HEERA END,Heera-Uran Complex,8.5,Actual,8.5,No,849.3,Synthetic
7696,2025-10-03,HEERA END,Heera-Uran Complex,9.8,Actual,9.8,No,816.7,Synthetic
7708,2025-10-04,HEERA END,Heera-Uran Complex,7.1,Actual,7.1,No,791.6,Synthetic
7720,2025-10-05,HEERA END,Heera-Uran Complex,6.3,Actual,6.3,No,880.1,Synthetic
7732,2025-10-06,HEERA END,Heera-Uran Complex,12.33,Actual,12.33,No,842.6,Synthetic
7744,2025-10-07,HEERA END,Heera-Uran Complex,14.3,Actual,14.3,No,809.3,Synthetic
7756,2025-10-08,HEERA END,Heera-Uran Complex,11.76,Actual,11.76,No,824.5,Synthetic
7768,2025-10-09,HEERA END,Heera-Uran Complex,13.1,Actual,13.1,No,837.1,Synthetic
7780,2025-10-10,HEERA END,Heera-Uran Complex,11.4,Actual,11.4,No,823.2,Synthetic
7792,2025-10-11,HEERA END,Heera-Uran Complex,13.9,Actual,13.9,No,826.1,Synthetic
7804,2025-10-12,HEERA END,Heera-Uran Complex,12.0,Actual,12.0,No,804.7,Synthetic
7816,2025-10-13,HEERA END,Heera-Uran Complex,12.4,Actual,12.4,No,840.5,Synthetic
7828,2025-10-14,HEERA END,Heera-Uran Complex,13.4,Actual,13.4,No,810.2,Synthetic
7840,2025-10-15,HEERA END,Heera-Uran Complex,11.9,Actual,11.9,No,812.9,Synthetic
7852,2025-10-16,HEERA END,Heera-Uran Complex,7.2,Actual,7.2,No,797.5,Synthetic
7864,2025-10-17,HEERA END,Heera-Uran Complex,6.9,Actual,6.9,No,836.2,Synthetic
7876,2025-10-18,HEERA END,Heera-Uran Complex,6.3,Actual,6.3,No,809.7,Synthetic
7888,2025-10-19,HEERA END,Heera-Uran Complex,5.7,Actual,5.7,No,815.9,Synthetic
7900,2025-10-20,HEERA END,Heera-Uran Complex,5.7,Actual,5.7,No,810.0,Synthetic
7912,2025-10-21,HEERA END,Heera-Uran Complex,5.7,Actual,5.7,No,802.4,Synthetic
7924,2025-10-22,HEERA END,Heera-Uran Complex,9.6,Actual,9.6,No,860.7,Synthetic
7936,2025-10-23,HEERA END,Heera-Uran Complex,4.8,Actual,4.8,No,863.4,Synthetic
7948,2025-10-24,HEERA END,Heera-Uran Complex,4.6,Actual,4.6,No,877.5,Synthetic
7960,2025-10-25,HEERA END,Heera-Uran Complex,4.8,Actual,4.8,No,796.9,Synthetic
7972,2025-10-26,HEERA END,Heera-Uran Complex,4.3,Actual,4.3,No,829.9,Synthetic
7984,2025-10-27,HEERA END,Heera-Uran Complex,7.5,Actual,7.5,No,780.3,Synthetic
7996,2025-10-28,HEERA END,Heera-Uran Complex,5.8,Actual,5.8,No,801.2,Synthetic
8008,2025-10-29,HEERA END,Heera-Uran Complex,11.9,Actual,11.9,No,766.8,Synthetic
8020,2025-10-30,HEERA END,Heera-Uran Complex,12.7,Actual,12.7,No,812.6,Synthetic
8032,2025-10-31,HEERA END,Heera-Uran Complex,13.8,Actual,13.8,No,767.8,Synthetic
8044,2025-11-01,HEERA END,Heera-Uran Complex,16.4,Actual,16.4,No,788.1,Synthetic
8056,2025-11-02,HEERA END,Heera-Uran Complex,14.4,Actual,14.4,No,785.5,Synthetic
8068,2025-11-03,HEERA END,Heera-Uran Complex,13.1,Actual,13.1,No,829.8,Synthetic
8080,2025-11-04,HEERA END,Heera-Uran Complex,11.6,Actual,11.6,No,747.0,Synthetic
8092,2025-11-05,HEERA END,Heera-Uran Complex,9.1,Actual,9.1,No,821.6,Synthetic
8104,2025-11-06,HEERA END,Heera-Uran Complex,11.0,Actual,11.0,No,808.5,Synthetic
8116,2025-11-07,HEERA END,Heera-Uran Complex,11.0,Actual,11.0,No,757.5,Synthetic
8128,2025-11-08,HEERA END,Heera-Uran Complex,9.4,Actual,9.4,No,810.0,Synthetic
8140,2025-11-09,HEERA END,Heera-Uran Complex,12.9,Actual,12.9,No,776.6,Synthetic
8152,2025-11-10,HEERA END,Heera-Uran Complex,15.9,Actual,15.9,No,748.8,Synthetic
8164,2025-11-11,HEERA END,Heera-Uran Complex,10.7,Actual,10.7,No,757.0,Synthetic
8176,2025-11-12,HEERA END,Heera-Uran Complex,10.7,Actual,10.7,No,758.1,Synthetic
8188,2025-11-13,HEERA END,Heera-Uran Complex,10.2,Actual,10.2,No,823.4,Synthetic
8200,2025-11-14,HEERA END,Heera-Uran Complex,11.3,Actual,11.3,No,769.4,Synthetic
8212,2025-11-15,HEERA END,Heera-Uran Complex,12.3,Actual,12.3,No,781.4,Synthetic
8224,2025-11-16,HEERA END,Heera-Uran Complex,12.3,Actual,12.3,No,744.1,Synthetic
8236,2025-11-17,HEERA END,Heera-Uran Complex,12.3,Actual,12.3,No,743.0,Synthetic
8248,2025-11-18,HEERA END,Heera-Uran Complex,9.9,Actual,9.9,No,795.3,Synthetic
8260,2025-11-19,HEERA END,Heera-Uran Complex,13.2,Actual,13.2,No,723.6,Synthetic
8272,2025-11-20,HEERA END,Heera-Uran Complex,13.2,Actual,13.2,No,743.5,Synthetic
8284,2025-11-21,HEERA END,Heera-Uran Complex,11.5,Actual,11.5,No,759.9,Synthetic
8296,2025-11-22,HEERA END,Heera-Uran Complex,11.5,Actual,11.5,No,760.3,Synthetic
8308,2025-11-23,HEERA END,Heera-Uran Complex,11.6,Actual,11.6,No,751.9,Synthetic
8320,2025-11-24,HEERA END,Heera-Uran Complex,11.9,Actual,11.9,No,762.3,Synthetic
8332,2025-11-25,HEERA END,Heera-Uran Complex,11.1,Actual,11.1,No,771.2,Synthetic
8344,2025-11-26,HEERA END,Heera-Uran Complex,12.7,Actual,12.7,No,763.6,Synthetic
8356,2025-11-27,HEERA END,Heera-Uran Complex,11.9,Actual,11.9,No,727.2,Synthetic
8368,2025-11-28,HEERA END,Heera-Uran Complex,10.0,Actual,10.0,No,750.0,Synthetic
8380,2025-11-29,HEERA END,Heera-Uran Complex,11.9,Actual,11.9,No,773.5,Synthetic
8392,2025-11-30,HEERA END,Heera-Uran Complex,10.0,Actual,10.0,No,774.0,Synthetic
8404,2025-12-01,HEERA END,Heera-Uran Complex,10.9,Actual,10.9,No,717.7,Synthetic
8416,2025-12-02,HEERA END,Heera-Uran Complex,13.0,Actual,13.0,No,745.8,Synthetic
8428,2025-12-03,HEERA END,Heera-Uran Complex,12.1,Actual,12.1,No,696.7,Synthetic
8440,2025-12-04,HEERA END,Heera-Uran Complex,10.0,Actual,10.0,No,749.5,Synthetic
8452,2025-12-05,HEERA END,Heera-Uran Complex,10.7,Actual,10.7,No,786.5,Synthetic
8464,2025-12-06,HEERA END,Heera-Uran Complex,10.0,Actual,10.0,No,724.6,Synthetic
8476,2025-12-07,HEERA END,Heera-Uran Complex,10.7,Actual,10.7,No,722.9,Synthetic
8488,2025-12-08,HEERA END,Heera-Uran Complex,11.4,Actual,11.4,No,754.1,Synthetic
8500,2025-12-09,HEERA END,Heera-Uran Complex,11.5,Actual,11.5,No,701.4,Synthetic
8512,2025-12-10,HEERA END,Heera-Uran Complex,12.9,Actual,12.9,No,714.3,Synthetic
8524,2025-12-11,HEERA END,Heera-Uran Complex,12.9,Actual,12.9,No,739.8,Synthetic
8536,2025-12-12,HEERA END,Heera-Uran Complex,10.6,Actual,10.6,No,721.4,Synthetic
8548,2025-12-13,HEERA END,Heera-Uran Complex,11.6,Actual,11.6,No,724.7,Synthetic
8560,2025-12-14,HEERA END,Heera-Uran Complex,12.4,Actual,12.4,No,741.3,Synthetic
8572,2025-12-15,HEERA END,Heera-Uran Complex,12.4,Actual,12.4,No,733.0,Synthetic
8584,2025-12-16,HEERA END,Heera-Uran Complex,12.5,Actual,12.5,No,728.0,Synthetic
8596,2025-12-17,HEERA END,Heera-Uran Complex,13.0,Actual,13.0,No,711.5,Synthetic
8608,2025-12-18,HEERA END,Heera-Uran Complex,11.8,Actual,11.8,No,730.6,Synthetic
8620,2025-12-19,HEERA END,Heera-Uran Complex,12.7,Actual,12.7,No,714.9,Synthetic
8632,2025-12-20,HEERA END,Heera-Uran Complex,12.5,Actual,12.5,No,727.0,Synthetic
8644,2025-12-21,HEERA END,Heera-Uran Complex,12.7,Actual,12.7,No,704.4,Synthetic
8656,2025-12-22,HEERA END,Heera-Uran Complex,17.3,Actual,17.3,No,690.5,Synthetic
8668,2025-12-23,HEERA END,Heera-Uran Complex,15.4,Actual,15.4,No,680.3,Synthetic
8680,2025-12-24,HEERA END,Heera-Uran Complex,15.8,Actual,15.8,No,697.5,Synthetic
8692,2025-12-25,HEERA END,Heera-Uran Complex,11.5,Actual,11.5,No,697.6,Synthetic
8704,2025-12-26,HEERA END,Heera-Uran Complex,12.2,Actual,12.2,No,687.1,Synthetic
8716,2025-12-27,HEERA END,Heera-Uran Complex,13.9,Actual,13.9,No,707.9,Synthetic
8728,2025-12-28,HEERA END,Heera-Uran Complex,12.8,Actual,12.8,No,710.4,Synthetic
8740,2025-12-29,HEERA END,Heera-Uran Complex,10.4,Actual,10.4,No,731.4,Synthetic
8752,2025-12-30,HEERA END,Heera-Uran Complex,11.6,Actual,11.6,No,699.2,Synthetic
8764,2025-12-31,HEERA END,Heera-Uran Complex,12.1,Actual,12.1,No,713.7,Synthetic
8776,2026-01-01,HEERA END,Heera-Uran Complex,10.4,Actual,10.4,No,722.6,Synthetic
8788,2026-01-02,HEERA END,Heera-Uran Complex,10.7,Actual,10.7,No,717.8,Synthetic
8800,2026-01-03,HEERA END,Heera-Uran Complex,7.9,Actual,7.9,No,700.9,Synthetic
8812,2026-01-04,HEERA END,Heera-Uran Complex,8.2,Actual,8.2,No,719.4,Synthetic
8824,2026-01-05,HEERA END,Heera-Uran Complex,8.5,Actual,8.5,No,721.5,Synthetic
8836,2026-01-06,HEERA END,Heera-Uran Complex,9.9,Actual,9.9,No,706.8,Synthetic
8848,2026-01-07,HEERA END,Heera-Uran Complex,8.6,Actual,8.6,No,666.3,Synthetic
8860,2026-01-08,HEERA END,Heera-Uran Complex,8.6,Actual,8.6,No,713.0,Synthetic
8872,2026-01-09,HEERA END,Heera-Uran Complex,9.5,Actual,9.5,No,751.4,Synthetic
8884,2026-01-10,HEERA END,Heera-Uran Complex,9.3,Actual,9.3,No,696.6,Synthetic
8896,2026-01-11,HEERA END,Heera-Uran Complex,9.4,Actual,9.4,No,687.2,Synthetic
8908,2026-01-12,HEERA END,Heera-Uran Complex,9.4,Actual,9.4,No,709.2,Synthetic
8920,2026-01-13,HEERA END,Heera-Uran Complex,10.2,Actual,10.2,No,703.4,Synthetic
8932,2026-01-14,HEERA END,Heera-Uran Complex,10.2,Actual,10.2,No,720.5,Synthetic
8944,2026-01-15,HEERA END,Heera-Uran Complex,9.2,Actual,9.2,No,672.1,Synthetic
8956,2026-01-16,HEERA END,Heera-Uran Complex,11.4,Actual,11.4,No,703.4,Synthetic
8968,2026-01-17,HEERA END,Heera-Uran Complex,10.9,Actual,10.9,No,701.3,Synthetic
8980,2026-01-18,HEERA END,Heera-Uran Complex,9.8,Actual,9.8,No,689.4,Synthetic
8992,2026-01-19,HEERA END,Heera-Uran Complex,8.8,Actual,8.8,No,702.2,Synthetic
9004,2026-01-20,HEERA END,Heera-Uran Complex,10.3,Actual,10.3,No,709.2,Synthetic
9016,2026-01-21,HEERA END,Heera-Uran Complex,9.8,Actual,9.8,No,706.7,Synthetic
9028,2026-01-22,HEERA END,Heera-Uran Complex,9.4,Actual,9.4,No,665.5,Synthetic
9040,2026-01-23,HEERA END,Heera-Uran Complex,9.2,Actual,9.2,No,705.6,Synthetic
9052,2026-01-24,HEERA END,Heera-Uran Complex,5.3,Actual,5.3,No,701.6,Synthetic
9064,2026-01-25,HEERA END,Heera-Uran Complex,7.9,Actual,7.9,No,692.9,Synthetic
9076,2026-01-26,HEERA END,Heera-Uran Complex,4.8,Actual,4.8,No,704.1,Synthetic
9088,2026-01-27,HEERA END,Heera-Uran Complex,4.8,Actual,4.8,No,698.1,Synthetic
9100,2026-01-28,HEERA END,Heera-Uran Complex,6.5,Actual,6.5,No,718.1,Synthetic
9112,2026-01-29,HEERA END,Heera-Uran Complex,11.2,Actual,11.2,No,671.9,Synthetic
9124,2026-01-30,HEERA END,Heera-Uran Complex,8.0,Actual,8.0,No,662.0,Synthetic
9136,2026-01-31,HEERA END,Heera-Uran Complex,10.2,Actual,10.2,No,667.2,Synthetic
9148,2026-02-01,HEERA END,Heera-Uran Complex,10.2,Actual,10.2,No,677.6,Synthetic
9160,2026-02-02,HEERA END,Heera-Uran Complex,12.1,Actual,12.1,No,689.8,Synthetic
9172,2026-02-03,HEERA END,Heera-Uran Complex,12.2,Actual,12.2,No,675.8,Synthetic
9184,2026-02-04,HEERA END,Heera-Uran Complex,10.5,Actual,10.5,No,652.1,Synthetic
9196,2026-02-05,HEERA END,Heera-Uran Complex,13.1,Actual,13.1,No,707.0,Synthetic
9208,2026-02-06,HEERA END,Heera-Uran Complex,11.3,Actual,11.3,No,669.0,Synthetic
9220,2026-02-07,HEERA END,Heera-Uran Complex,12.2,Actual,12.2,No,684.3,Synthetic
9232,2026-02-08,HEERA END,Heera-Uran Complex,12.2,Actual,12.2,No,654.9,Synthetic
9244,2026-02-09,HEERA END,Heera-Uran Complex,12.2,Actual,12.2,No,667.3,Synthetic
9256,2026-02-10,HEERA END,Heera-Uran Complex,10.3,Actual,10.3,No,679.7,Synthetic
9268,2026-02-11,HEERA END,Heera-Uran Complex,9.9,Actual,9.9,No,687.6,Synthetic
9280,2026-02-12,HEERA END,Heera-Uran Complex,10.1,Actual,10.1,No,682.4,Synthetic
9292,2026-02-13,HEERA END,Heera-Uran Complex,10.1,Actual,10.1,No,677.5,Synthetic
9304,2026-02-14,HEERA END,Heera-Uran Complex,20.4,Actual,20.4,No,613.7,Synthetic
9316,2026-02-15,HEERA END,Heera-Uran Complex,1.3,Actual,1.3,No,679.8,Synthetic
9328,2026-02-16,HEERA END,Heera-Uran Complex,5.8,Actual,5.8,No,679.9,Synthetic
9340,2026-02-17,HEERA END,Heera-Uran Complex,3.6,Actual,3.6,No,699.5,Synthetic
9352,2026-02-18,HEERA END,Heera-Uran Complex,8.9,Actual,8.9,No,654.6,Synthetic
9364,2026-02-19,HEERA END,Heera-Uran Complex,3.6,Actual,3.6,No,699.7,Synthetic
9376,2026-02-20,HEERA END,Heera-Uran Complex,8.9,Actual,8.9,No,685.4,Synthetic
9388,2026-02-21,HEERA END,Heera-Uran Complex,8.6,Actual,8.6,No,638.7,Synthetic
9400,2026-02-22,HEERA END,Heera-Uran Complex,10.1,Actual,10.1,No,633.6,Synthetic
9412,2026-02-23,HEERA END,Heera-Uran Complex,10.1,Actual,10.1,No,646.0,Synthetic
9424,2026-02-24,HEERA END,Heera-Uran Complex,9.6,Actual,9.6,No,655.5,Synthetic
5,2024-01-01,HUT (URAN),Heera-Uran Complex,13.5,Actual,13.5,No,681.6,Synthetic
17,2024-01-02,HUT (URAN),Heera-Uran Complex,12.1,Actual,12.1,No,725.5,Synthetic
29,2024-01-03,HUT (URAN),Heera-Uran Complex,14.7,Actual,14.7,No,694.2,Synthetic
41,2024-01-04,HUT (URAN),Heera-Uran Complex,14.2,Actual,14.2,No,687.4,Synthetic
53,2024-01-05,HUT (URAN),Heera-Uran Complex,11.8,Actual,11.8,No,665.4,Synthetic
65,2024-01-06,HUT (URAN),Heera-Uran Complex,12.7,Actual,12.7,No,663.4,Synthetic
77,2024-01-07,HUT (URAN),Heera-Uran Complex,11.9,Actual,11.9,No,698.7,Synthetic
89,2024-01-08,HUT (URAN),Heera-Uran Complex,14.6,Actual,14.6,No,637.3,Synthetic
101,2024-01-09,HUT (URAN),Heera-Uran Complex,12.0,Actual,12.0,No,711.4,Synthetic
113,2024-01-10,HUT (URAN),Heera-Uran Complex,10.8,Actual,10.8,No,691.0,Synthetic
125,2024-01-11,HUT (URAN),Heera-Uran Complex,12.2,Actual,12.2,No,754.5,Synthetic
137,2024-01-12,HUT (URAN),Heera-Uran Complex,12.0,Actual,12.0,No,735.0,Synthetic
149,2024-01-13,HUT (URAN),Heera-Uran Complex,13.4,Actual,13.4,No,677.0,Synthetic
161,2024-01-14,HUT (URAN),Heera-Uran Complex,16.5,Actual,16.5,No,665.1,Synthetic
173,2024-01-15,HUT (URAN),Heera-Uran Complex,17.3,Actual,17.3,No,682.8,Synthetic
185,2024-01-16,HUT (URAN),Heera-Uran Complex,16.6,Actual,16.6,No,698.8,Synthetic
197,2024-01-17,HUT (URAN),Heera-Uran Complex,18.1,Actual,18.1,No,625.5,Synthetic
209,2024-01-18,HUT (URAN),Heera-Uran Complex,16.3,Actual,16.3,No,628.5,Synthetic
221,2024-01-19,HUT (URAN),Heera-Uran Complex,17.1,Actual,17.1,No,647.6,Synthetic
233,2024-01-20,HUT (URAN),Heera-Uran Complex,16.4,Actual,16.4,No,673.3,Synthetic
245,2024-01-21,HUT (URAN),Heera-Uran Complex,18.0,Actual,18.0,No,664.1,Synthetic
257,2024-01-22,HUT (URAN),Heera-Uran Complex,16.1,Actual,16.1,No,682.2,Synthetic
269,2024-01-23,HUT (URAN),Heera-Uran Complex,15.6,Actual,15.6,No,638.2,Synthetic
281,2024-01-24,HUT (URAN),Heera-Uran Complex,18.2,Actual,18.2,No,605.5,Synthetic
293,2024-01-25,HUT (URAN),Heera-Uran Complex,15.4,Actual,15.4,No,677.8,Synthetic
305,2024-01-26,HUT (URAN),Heera-Uran Complex,16.1,Actual,16.1,No,640.8,Synthetic
317,2024-01-27,HUT (URAN),Heera-Uran Complex,13.9,Actual,13.9,No,624.6,Synthetic
329,2024-01-28,HUT (URAN),Heera-Uran Complex,20.3,Actual,20.3,No,641.3,Synthetic
341,2024-01-29,HUT (URAN),Heera-Uran Complex,18.2,Actual,18.2,No,661.3,Synthetic
353,2024-01-30,HUT (URAN),Heera-Uran Complex,17.3,Actual,17.3,No,646.1,Synthetic
365,2024-01-31,HUT (URAN),Heera-Uran Complex,18.2,Actual,18.2,No,635.1,Synthetic
377,2024-02-01,HUT (URAN),Heera-Uran Complex,18.2,Actual,18.2,No,640.0,Synthetic
389,2024-02-02,HUT (URAN),Heera-Uran Complex,15.6,Actual,15.6,No,645.0,Synthetic
401,2024-02-03,HUT (URAN),Heera-Uran Complex,14.3,Actual,14.3,No,629.9,Synthetic
413,2024-02-04,HUT (URAN),Heera-Uran Complex,13.7,Actual,13.7,No,643.7,Synthetic
425,2024-02-05,HUT (URAN),Heera-Uran Complex,12.0,Actual,12.0,No,673.8,Synthetic
437,2024-02-06,HUT (URAN),Heera-Uran Complex,12.6,Actual,12.6,No,666.5,Synthetic
449,2024-02-07,HUT (URAN),Heera-Uran Complex,11.3,Actual,11.3,No,667.6,Synthetic
461,2024-02-08,HUT (URAN),Heera-Uran Complex,13.8,Actual,13.8,No,634.0,Synthetic
473,2024-02-09,HUT (URAN),Heera-Uran Complex,11.2,Actual,11.2,No,659.1,Synthetic
485,2024-02-10,HUT (URAN),Heera-Uran Complex,12.2,Actual,12.2,No,614.8,Synthetic
497,2024-02-11,HUT (URAN),Heera-Uran Complex,11.8,Actual,11.8,No,661.9,Synthetic
509,2024-02-12,HUT (URAN),Heera-Uran Complex,13.3,Actual,13.3,No,679.5,Synthetic
521,2024-02-13,HUT (URAN),Heera-Uran Complex,13.9,Actual,13.9,No,619.7,Synthetic
533,2024-02-14,HUT (URAN),Heera-Uran Complex,14.9,Actual,14.9,No,632.2,Synthetic
545,2024-02-15,HUT (URAN),Heera-Uran Complex,14.4,Actual,14.4,No,650.9,Synthetic
557,2024-02-16,HUT (URAN),Heera-Uran Complex,10.7,Actual,10.7,No,682.5,Synthetic
569,2024-02-17,HUT (URAN),Heera-Uran Complex,11.8,Actual,11.8,No,643.8,Synthetic
581,2024-02-18,HUT (URAN),Heera-Uran Complex,9.9,Actual,9.9,No,645.2,Synthetic
593,2024-02-19,HUT (URAN),Heera-Uran Complex,10.0,Actual,10.0,No,618.7,Synthetic
605,2024-02-20,HUT (URAN),Heera-Uran Complex,11.2,Actual,11.2,No,654.0,Synthetic
617,2024-02-21,HUT (URAN),Heera-Uran Complex,11.5,Actual,11.5,No,689.7,Synthetic
629,2024-02-22,HUT (URAN),Heera-Uran Complex,11.5,Actual,11.5,No,654.3,Synthetic
641,2024-02-23,HUT (URAN),Heera-Uran Complex,9.7,Actual,9.7,No,654.4,Synthetic
653,2024-02-24,HUT (URAN),Heera-Uran Complex,10.6,Actual,10.6,No,656.7,Synthetic
665,2024-02-25,HUT (URAN),Heera-Uran Complex,12.2,Actual,12.2,No,643.2,Synthetic
677,2024-02-26,HUT (URAN),Heera-Uran Complex,10.4,Actual,10.4,No,633.4,Synthetic
689,2024-02-27,HUT (URAN),Heera-Uran Complex,10.3,Actual,10.3,No,664.7,Synthetic
701,2024-02-28,HUT (URAN),Heera-Uran Complex,11.9,Actual,11.9,No,646.0,Synthetic
713,2024-02-29,HUT (URAN),Heera-Uran Complex,11.8,Actual,11.8,No,641.4,Synthetic
725,2024-03-01,HUT (URAN),Heera-Uran Complex,10.1,Actual,10.1,No,627.6,Synthetic
737,2024-03-02,HUT (URAN),Heera-Uran Complex,11.1,Actual,11.1,No,666.9,Synthetic
749,2024-03-03,HUT (URAN),Heera-Uran Complex,10.2,Actual,10.2,No,657.1,Synthetic
761,2024-03-04,HUT (URAN),Heera-Uran Complex,10.6,Actual,10.6,No,631.2,Synthetic
773,2024-03-05,HUT (URAN),Heera-Uran Complex,10.3,Actual,10.3,No,661.3,Synthetic
785,2024-03-06,HUT (URAN),Heera-Uran Complex,9.1,Actual,9.1,No,635.9,Synthetic
797,2024-03-07,HUT (URAN),Heera-Uran Complex,10.2,Actual,10.2,No,625.5,Synthetic
809,2024-03-08,HUT (URAN),Heera-Uran Complex,9.2,Actual,9.2,No,628.6,Synthetic
821,2024-03-09,HUT (URAN),Heera-Uran Complex,9.6,Actual,9.6,No,606.8,Synthetic
833,2024-03-10,HUT (URAN),Heera-Uran Complex,9.1,Actual,9.1,No,650.8,Synthetic
845,2024-03-11,HUT (URAN),Heera-Uran Complex,9.6,Actual,9.6,No,603.8,Synthetic
857,2024-03-12,HUT (URAN),Heera-Uran Complex,10.2,Actual,10.2,No,612.3,Synthetic
869,2024-03-13,HUT (URAN),Heera-Uran Complex,9.1,Actual,9.1,No,599.1,Synthetic
881,2024-03-14,HUT (URAN),Heera-Uran Complex,8.9,Actual,8.9,No,637.0,Synthetic
893,2024-03-15,HUT (URAN),Heera-Uran Complex,9.3,Actual,9.3,No,633.4,Synthetic
905,2024-03-16,HUT (URAN),Heera-Uran Complex,10.1,Actual,10.1,No,626.2,Synthetic
917,2024-03-17,HUT (URAN),Heera-Uran Complex,10.1,Actual,10.1,No,611.7,Synthetic
929,2024-03-18,HUT (URAN),Heera-Uran Complex,8.2,Actual,8.2,No,615.1,Synthetic
941,2024-03-19,HUT (URAN),Heera-Uran Complex,11.2,Actual,11.2,No,634.3,Synthetic
953,2024-03-20,HUT (URAN),Heera-Uran Complex,12.2,Actual,12.2,No,610.7,Synthetic
965,2024-03-21,HUT (URAN),Heera-Uran Complex,11.1,Actual,11.1,No,630.0,Synthetic
977,2024-03-22,HUT (URAN),Heera-Uran Complex,11.7,Actual,11.7,No,604.5,Synthetic
989,2024-03-23,HUT (URAN),Heera-Uran Complex,12.8,Actual,12.8,No,619.4,Synthetic
1001,2024-03-24,HUT (URAN),Heera-Uran Complex,13.5,Actual,13.5,No,636.5,Synthetic
1013,2024-03-25,HUT (URAN),Heera-Uran Complex,14.1,Actual,14.1,No,620.2,Synthetic
1025,2024-03-26,HUT (URAN),Heera-Uran Complex,14.1,Actual,14.1,No,601.1,Synthetic
1037,2024-03-27,HUT (URAN),Heera-Uran Complex,14.7,Actual,14.7,No,610.2,Synthetic
1049,2024-03-28,HUT (URAN),Heera-Uran Complex,12.5,Actual,12.5,No,608.2,Synthetic
1061,2024-03-29,HUT (URAN),Heera-Uran Complex,12.2,Actual,12.2,No,612.9,Synthetic
1073,2024-03-30,HUT (URAN),Heera-Uran Complex,12.5,Actual,12.5,No,604.8,Synthetic
1085,2024-03-31,HUT (URAN),Heera-Uran Complex,13.7,Actual,13.7,No,602.6,Synthetic
1097,2024-04-01,HUT (URAN),Heera-Uran Complex,14.0,Actual,14.0,No,607.4,Synthetic
1109,2024-04-02,HUT (URAN),Heera-Uran Complex,12.9,Actual,12.9,No,588.6,Synthetic
1121,2024-04-03,HUT (URAN),Heera-Uran Complex,14.7,Actual,14.7,No,581.0,Synthetic
1133,2024-04-04,HUT (URAN),Heera-Uran Complex,8.4,Actual,8.4,No,595.1,Synthetic
1145,2024-04-05,HUT (URAN),Heera-Uran Complex,8.9,Actual,8.9,No,588.6,Synthetic
1157,2024-04-06,HUT (URAN),Heera-Uran Complex,9.8,Actual,9.8,No,591.7,Synthetic
1169,2024-04-07,HUT (URAN),Heera-Uran Complex,10.2,Actual,10.2,No,614.7,Synthetic
1181,2024-04-08,HUT (URAN),Heera-Uran Complex,11.9,Actual,11.9,No,588.7,Synthetic
1193,2024-04-09,HUT (URAN),Heera-Uran Complex,12.3,Actual,12.3,No,611.8,Synthetic
1205,2024-04-10,HUT (URAN),Heera-Uran Complex,13.1,Actual,13.1,No,599.4,Synthetic
1217,2024-04-11,HUT (URAN),Heera-Uran Complex,12.2,Actual,12.2,No,565.6,Synthetic
1229,2024-04-12,HUT (URAN),Heera-Uran Complex,12.0,Actual,12.0,No,612.8,Synthetic
1241,2024-04-13,HUT (URAN),Heera-Uran Complex,10.8,Actual,10.8,No,619.0,Synthetic
1253,2024-04-14,HUT (URAN),Heera-Uran Complex,13.0,Actual,13.0,No,577.9,Synthetic
1265,2024-04-15,HUT (URAN),Heera-Uran Complex,12.7,Actual,12.7,No,603.3,Synthetic
1277,2024-04-16,HUT (URAN),Heera-Uran Complex,14.1,Actual,14.1,No,574.9,Synthetic
1289,2024-04-17,HUT (URAN),Heera-Uran Complex,14.8,Actual,14.8,No,588.4,Synthetic
1301,2024-04-18,HUT (URAN),Heera-Uran Complex,12.9,Actual,12.9,No,570.0,Synthetic
1313,2024-04-19,HUT (URAN),Heera-Uran Complex,11.9,Actual,11.9,No,563.1,Synthetic
1325,2024-04-20,HUT (URAN),Heera-Uran Complex,12.2,Actual,12.2,No,586.4,Synthetic
1337,2024-04-21,HUT (URAN),Heera-Uran Complex,11.0,Actual,11.0,No,594.3,Synthetic
1349,2024-04-22,HUT (URAN),Heera-Uran Complex,12.1,Actual,12.1,No,584.7,Synthetic
1361,2024-04-23,HUT (URAN),Heera-Uran Complex,14.2,Actual,14.2,No,562.9,Synthetic
1373,2024-04-24,HUT (URAN),Heera-Uran Complex,13.1,Actual,13.1,No,579.5,Synthetic
1385,2024-04-25,HUT (URAN),Heera-Uran Complex,12.4,Actual,12.4,No,592.9,Synthetic
1397,2024-04-26,HUT (URAN),Heera-Uran Complex,11.4,Actual,11.4,No,589.9,Synthetic
1409,2024-04-27,HUT (URAN),Heera-Uran Complex,11.5,Actual,11.5,No,592.7,Synthetic
1421,2024-04-28,HUT (URAN),Heera-Uran Complex,11.4,Actual,11.4,No,577.1,Synthetic
1433,2024-04-29,HUT (URAN),Heera-Uran Complex,12.1,Actual,12.1,No,606.3,Synthetic
1445,2024-04-30,HUT (URAN),Heera-Uran Complex,14.4,Actual,14.4,No,556.6,Synthetic
1457,2024-05-01,HUT (URAN),Heera-Uran Complex,17.6,Actual,17.6,No,573.3,Synthetic
1469,2024-05-02,HUT (URAN),Heera-Uran Complex,15.6,Actual,15.6,No,591.3,Synthetic
1481,2024-05-03,HUT (URAN),Heera-Uran Complex,12.7,Actual,12.7,No,588.6,Synthetic
1493,2024-05-04,HUT (URAN),Heera-Uran Complex,16.1,Actual,16.1,No,564.2,Synthetic
1505,2024-05-05,HUT (URAN),Heera-Uran Complex,11.3,Actual,11.3,No,574.0,Synthetic
1517,2024-05-06,HUT (URAN),Heera-Uran Complex,11.4,Actual,11.4,No,600.2,Synthetic
1529,2024-05-07,HUT (URAN),Heera-Uran Complex,14.2,Actual,14.2,No,547.3,Synthetic
1541,2024-05-08,HUT (URAN),Heera-Uran Complex,14.2,Actual,14.2,No,554.2,Synthetic
1553,2024-05-09,HUT (URAN),Heera-Uran Complex,12.8,Actual,12.8,No,567.9,Synthetic
1565,2024-05-10,HUT (URAN),Heera-Uran Complex,12.1,Actual,12.1,No,597.7,Synthetic
1577,2024-05-11,HUT (URAN),Heera-Uran Complex,14.6,Actual,14.6,No,573.4,Synthetic
1589,2024-05-12,HUT (URAN),Heera-Uran Complex,12.6,Actual,12.6,No,556.2,Synthetic
1601,2024-05-13,HUT (URAN),Heera-Uran Complex,11.8,Actual,11.8,No,569.4,Synthetic
1613,2024-05-14,HUT (URAN),Heera-Uran Complex,13.3,Actual,13.3,No,558.3,Synthetic
1625,2024-05-15,HUT (URAN),Heera-Uran Complex,12.7,Actual,12.7,No,557.9,Synthetic
1637,2024-05-16,HUT (URAN),Heera-Uran Complex,12.0,Actual,12.0,No,588.3,Synthetic
1649,2024-05-17,HUT (URAN),Heera-Uran Complex,13.1,Actual,13.1,No,543.6,Synthetic
1661,2024-05-18,HUT (URAN),Heera-Uran Complex,16.1,Actual,16.1,No,582.9,Synthetic
1673,2024-05-19,HUT (URAN),Heera-Uran Complex,13.7,Actual,13.7,No,577.3,Synthetic
1685,2024-05-20,HUT (URAN),Heera-Uran Complex,13.5,Actual,13.5,No,581.6,Synthetic
1697,2024-05-21,HUT (URAN),Heera-Uran Complex,13.1,Actual,13.1,No,555.8,Synthetic
1709,2024-05-22,HUT (URAN),Heera-Uran Complex,11.5,Actual,11.5,No,565.6,Synthetic
1721,2024-05-23,HUT (URAN),Heera-Uran Complex,14.2,Actual,14.2,No,534.3,Synthetic
1733,2024-05-24,HUT (URAN),Heera-Uran Complex,13.2,Actual,13.2,No,552.0,Synthetic
1745,2024-05-25,HUT (URAN),Heera-Uran Complex,12.6,Actual,12.6,No,570.3,Synthetic
1757,2024-05-26,HUT (URAN),Heera-Uran Complex,13.3,Actual,13.3,No,580.6,Synthetic
1769,2024-05-27,HUT (URAN),Heera-Uran Complex,12.4,Actual,12.4,No,542.3,Synthetic
1781,2024-05-28,HUT (URAN),Heera-Uran Complex,11.1,Actual,11.1,No,558.3,Synthetic
1793,2024-05-29,HUT (URAN),Heera-Uran Complex,11.1,Actual,11.1,No,561.1,Synthetic
1805,2024-05-30,HUT (URAN),Heera-Uran Complex,10.1,Actual,10.1,No,542.4,Synthetic
1817,2024-05-31,HUT (URAN),Heera-Uran Complex,13.9,Actual,13.9,No,562.5,Synthetic
1829,2024-06-01,HUT (URAN),Heera-Uran Complex,11.4,Actual,11.4,No,548.0,Synthetic
1841,2024-06-02,HUT (URAN),Heera-Uran Complex,13.7,Actual,13.7,No,548.5,Synthetic
1853,2024-06-03,HUT (URAN),Heera-Uran Complex,13.0,Actual,13.0,No,545.7,Synthetic
1865,2024-06-04,HUT (URAN),Heera-Uran Complex,13.4,Actual,13.4,No,538.1,Synthetic
1877,2024-06-05,HUT (URAN),Heera-Uran Complex,15.5,Actual,15.5,No,543.3,Synthetic
1889,2024-06-06,HUT (URAN),Heera-Uran Complex,15.6,Actual,15.6,No,538.8,Synthetic
1901,2024-06-07,HUT (URAN),Heera-Uran Complex,14.8,Actual,14.8,No,538.0,Synthetic
1913,2024-06-08,HUT (URAN),Heera-Uran Complex,14.8,Actual,14.8,No,531.4,Synthetic
1925,2024-06-09,HUT (URAN),Heera-Uran Complex,15.4,Actual,15.4,No,545.7,Synthetic
1937,2024-06-10,HUT (URAN),Heera-Uran Complex,15.2,Actual,15.2,No,567.2,Synthetic
1949,2024-06-11,HUT (URAN),Heera-Uran Complex,17.7,Actual,17.7,No,533.8,Synthetic
1961,2024-06-12,HUT (URAN),Heera-Uran Complex,18.6,Actual,18.6,No,543.6,Synthetic
1973,2024-06-13,HUT (URAN),Heera-Uran Complex,5.2,Actual,5.2,No,546.5,Synthetic
1985,2024-06-14,HUT (URAN),Heera-Uran Complex,11.0,Actual,11.0,No,553.4,Synthetic
1997,2024-06-15,HUT (URAN),Heera-Uran Complex,9.9,Actual,9.9,No,535.3,Synthetic
2009,2024-06-16,HUT (URAN),Heera-Uran Complex,10.1,Actual,10.1,No,527.6,Synthetic
2021,2024-06-17,HUT (URAN),Heera-Uran Complex,9.3,Actual,9.3,No,541.5,Synthetic
2033,2024-06-18,HUT (URAN),Heera-Uran Complex,7.9,Actual,7.9,No,577.4,Synthetic
2045,2024-06-19,HUT (URAN),Heera-Uran Complex,7.9,Actual,7.9,No,572.5,Synthetic
2057,2024-06-20,HUT (URAN),Heera-Uran Complex,14.4,Actual,14.4,No,539.0,Synthetic
2069,2024-06-21,HUT (URAN),Heera-Uran Complex,14.2,Actual,14.2,No,510.3,Synthetic
2081,2024-06-22,HUT (URAN),Heera-Uran Complex,13.2,Actual,13.2,No,534.1,Synthetic
2093,2024-06-23,HUT (URAN),Heera-Uran Complex,16.1,Actual,16.1,No,532.0,Synthetic
2105,2024-06-24,HUT (URAN),Heera-Uran Complex,17.4,Actual,17.4,No,525.1,Synthetic
2117,2024-06-25,HUT (URAN),Heera-Uran Complex,12.1,Actual,12.1,No,508.6,Synthetic
2129,2024-06-26,HUT (URAN),Heera-Uran Complex,13.2,Actual,13.2,No,519.9,Synthetic
2141,2024-06-27,HUT (URAN),Heera-Uran Complex,16.0,Actual,16.0,No,523.5,Synthetic
2153,2024-06-28,HUT (URAN),Heera-Uran Complex,17.5,Actual,17.5,No,527.3,Synthetic
2165,2024-06-29,HUT (URAN),Heera-Uran Complex,16.3,Actual,16.3,No,487.6,Synthetic
2177,2024-06-30,HUT (URAN),Heera-Uran Complex,16.3,Estimated,16.3,No,518.7,Synthetic
2189,2024-07-01,HUT (URAN),Heera-Uran Complex,16.3,Estimated,16.3,No,522.7,Synthetic
2201,2024-07-02,HUT (URAN),Heera-Uran Complex,16.3,Estimated,16.3,No,532.9,Synthetic
2213,2024-07-03,HUT (URAN),Heera-Uran Complex,16.3,Estimated,16.3,No,529.7,Synthetic
2225,2024-07-04,HUT (URAN),Heera-Uran Complex,16.3,Estimated,16.3,No,527.2,Synthetic
2237,2024-07-05,HUT (URAN),Heera-Uran Complex,16.3,Estimated,16.3,No,505.0,Synthetic
2249,2024-07-06,HUT (URAN),Heera-Uran Complex,16.3,Estimated,16.3,No,487.1,Synthetic
2261,2024-07-07,HUT (URAN),Heera-Uran Complex,16.3,Estimated,16.3,No,509.8,Synthetic
2273,2024-07-08,HUT (URAN),Heera-Uran Complex,16.3,Estimated,16.3,No,530.6,Synthetic
2285,2024-07-09,HUT (URAN),Heera-Uran Complex,16.3,Estimated,16.3,No,535.8,Synthetic
2297,2024-07-10,HUT (URAN),Heera-Uran Complex,16.3,Estimated,16.3,No,524.5,Synthetic
2309,2024-07-11,HUT (URAN),Heera-Uran Complex,16.3,Estimated,16.3,No,519.4,Synthetic
2321,2024-07-12,HUT (URAN),Heera-Uran Complex,16.3,Estimated,16.3,No,517.9,Synthetic
2333,2024-07-13,HUT (URAN),Heera-Uran Complex,16.3,Estimated,16.3,No,502.8,Synthetic
2345,2024-07-14,HUT (URAN),Heera-Uran Complex,16.3,Estimated,16.3,No,508.6,Synthetic
2357,2024-07-15,HUT (URAN),Heera-Uran Complex,16.3,Estimated,16.3,No,535.3,Synthetic
2369,2024-07-16,HUT (URAN),Heera-Uran Complex,16.3,Estimated,16.3,No,494.7,Synthetic
2381,2024-07-17,HUT (URAN),Heera-Uran Complex,16.3,Estimated,16.3,No,532.9,Synthetic
2393,2024-07-18,HUT (URAN),Heera-Uran Complex,16.3,Estimated,16.3,No,502.6,Synthetic
2405,2024-07-19,HUT (URAN),Heera-Uran Complex,16.3,Estimated,16.3,No,526.9,Synthetic
2417,2024-07-20,HUT (URAN),Heera-Uran Complex,16.3,Estimated,16.3,No,484.7,Synthetic
2429,2024-07-21,HUT (URAN),Heera-Uran Complex,16.3,Estimated,16.3,No,514.2,Synthetic
2441,2024-07-22,HUT (URAN),Heera-Uran Complex,16.3,Estimated,16.3,No,493.4,Synthetic
2453,2024-07-23,HUT (URAN),Heera-Uran Complex,16.3,Estimated,16.3,No,482.4,Synthetic
2465,2024-07-24,HUT (URAN),Heera-Uran Complex,16.3,Estimated,16.3,No,506.4,Synthetic
2477,2024-07-25,HUT (URAN),Heera-Uran Complex,16.3,Estimated,16.3,No,517.5,Synthetic
2489,2024-07-26,HUT (URAN),Heera-Uran Complex,16.3,Estimated,16.3,No,488.9,Synthetic
2501,2024-07-27,HUT (URAN),Heera-Uran Complex,16.3,Estimated,16.3,No,478.3,Synthetic
2513,2024-07-28,HUT (URAN),Heera-Uran Complex,16.3,Estimated,16.3,No,498.7,Synthetic
2525,2024-07-29,HUT (URAN),Heera-Uran Complex,16.3,Estimated,16.3,No,498.1,Synthetic
2537,2024-07-30,HUT (URAN),Heera-Uran Complex,16.3,Estimated,16.3,No,506.8,Synthetic
2549,2024-07-31,HUT (URAN),Heera-Uran Complex,16.3,Estimated,16.3,No,512.1,Synthetic
2561,2024-08-01,HUT (URAN),Heera-Uran Complex,16.3,Estimated,16.3,No,496.3,Synthetic
2573,2024-08-02,HUT (URAN),Heera-Uran Complex,16.3,Estimated,16.3,No,524.1,Synthetic
2585,2024-08-03,HUT (URAN),Heera-Uran Complex,16.3,Estimated,16.3,No,499.0,Synthetic
2597,2024-08-04,HUT (URAN),Heera-Uran Complex,16.3,Estimated,16.3,No,489.8,Synthetic
2609,2024-08-05,HUT (URAN),Heera-Uran Complex,16.3,Estimated,16.3,No,470.3,Synthetic
2621,2024-08-06,HUT (URAN),Heera-Uran Complex,16.3,Estimated,16.3,No,489.6,Synthetic
2633,2024-08-07,HUT (URAN),Heera-Uran Complex,16.3,Estimated,16.3,No,487.8,Synthetic
2645,2024-08-08,HUT (URAN),Heera-Uran Complex,16.3,Estimated,16.3,No,506.2,Synthetic
2657,2024-08-09,HUT (URAN),Heera-Uran Complex,16.3,Estimated,16.3,No,498.1,Synthetic
2669,2024-08-10,HUT (URAN),Heera-Uran Complex,16.3,Estimated,16.3,No,473.2,Synthetic
2681,2024-08-11,HUT (URAN),Heera-Uran Complex,16.3,Estimated,16.3,No,492.4,Synthetic
2693,2024-08-12,HUT (URAN),Heera-Uran Complex,16.3,Estimated,16.3,No,499.0,Synthetic
2705,2024-08-13,HUT (URAN),Heera-Uran Complex,16.3,Estimated,16.3,No,510.8,Synthetic
2717,2024-08-14,HUT (URAN),Heera-Uran Complex,16.3,Estimated,16.3,No,500.7,Synthetic
2729,2024-08-15,HUT (URAN),Heera-Uran Complex,16.3,Estimated,16.3,No,498.1,Synthetic
2741,2024-08-16,HUT (URAN),Heera-Uran Complex,16.3,Estimated,16.3,No,487.1,Synthetic
2753,2024-08-17,HUT (URAN),Heera-Uran Complex,16.3,Estimated,16.3,No,491.2,Synthetic
2765,2024-08-18,HUT (URAN),Heera-Uran Complex,16.3,Estimated,16.3,No,503.0,Synthetic
2777,2024-08-19,HUT (URAN),Heera-Uran Complex,16.3,Estimated,16.3,No,464.8,Synthetic
2789,2024-08-20,HUT (URAN),Heera-Uran Complex,16.3,Estimated,16.3,No,478.3,Synthetic
2801,2024-08-21,HUT (URAN),Heera-Uran Complex,16.3,Estimated,16.3,No,471.5,Synthetic
2813,2024-08-22,HUT (URAN),Heera-Uran Complex,16.3,Estimated,16.3,No,487.5,Synthetic
2825,2024-08-23,HUT (URAN),Heera-Uran Complex,16.3,Estimated,16.3,No,499.0,Synthetic
2837,2024-08-24,HUT (URAN),Heera-Uran Complex,16.3,Estimated,16.3,No,471.9,Synthetic
2849,2024-08-25,HUT (URAN),Heera-Uran Complex,16.3,Estimated,16.3,No,445.4,Synthetic
2861,2024-08-26,HUT (URAN),Heera-Uran Complex,16.3,Estimated,16.3,No,473.2,Synthetic
2873,2024-08-27,HUT (URAN),Heera-Uran Complex,16.3,Estimated,16.3,No,491.5,Synthetic
2885,2024-08-28,HUT (URAN),Heera-Uran Complex,16.3,Estimated,16.3,No,485.4,Synthetic
2897,2024-08-29,HUT (URAN),Heera-Uran Complex,16.3,Estimated,16.3,No,483.1,Synthetic
2909,2024-08-30,HUT (URAN),Heera-Uran Complex,16.3,Estimated,16.3,No,472.3,Synthetic
2921,2024-08-31,HUT (URAN),Heera-Uran Complex,16.3,Estimated,16.3,No,457.4,Synthetic
2933,2024-09-01,HUT (URAN),Heera-Uran Complex,16.3,Estimated,16.3,No,482.2,Synthetic
2945,2024-09-02,HUT (URAN),Heera-Uran Complex,16.3,Estimated,16.3,No,462.3,Synthetic
2957,2024-09-03,HUT (URAN),Heera-Uran Complex,16.3,Estimated,16.3,No,504.5,Synthetic
2969,2024-09-04,HUT (URAN),Heera-Uran Complex,16.3,Estimated,16.3,No,480.9,Synthetic
2981,2024-09-05,HUT (URAN),Heera-Uran Complex,16.3,Estimated,16.3,No,463.9,Synthetic
2993,2024-09-06,HUT (URAN),Heera-Uran Complex,16.3,Estimated,16.3,No,462.8,Synthetic
3005,2024-09-07,HUT (URAN),Heera-Uran Complex,16.3,Estimated,16.3,No,469.4,Synthetic
3017,2024-09-08,HUT (URAN),Heera-Uran Complex,16.3,Estimated,16.3,No,466.6,Synthetic
3029,2024-09-09,HUT (URAN),Heera-Uran Complex,16.3,Estimated,16.3,No,485.1,Synthetic
3041,2024-09-10,HUT (URAN),Heera-Uran Complex,16.3,Estimated,16.3,No,471.3,Synthetic
3053,2024-09-11,HUT (URAN),Heera-Uran Complex,16.3,Estimated,16.3,No,457.7,Synthetic
3065,2024-09-12,HUT (URAN),Heera-Uran Complex,16.3,Estimated,16.3,No,493.8,Synthetic
3077,2024-09-13,HUT (URAN),Heera-Uran Complex,16.3,Estimated,16.3,No,467.3,Synthetic
3089,2024-09-14,HUT (URAN),Heera-Uran Complex,16.3,Estimated,16.3,No,476.6,Synthetic
3101,2024-09-15,HUT (URAN),Heera-Uran Complex,16.3,Estimated,16.3,No,456.7,Synthetic
3113,2024-09-16,HUT (URAN),Heera-Uran Complex,16.3,Estimated,16.3,No,469.6,Synthetic
3125,2024-09-17,HUT (URAN),Heera-Uran Complex,16.3,Estimated,16.3,No,468.1,Synthetic
3137,2024-09-18,HUT (URAN),Heera-Uran Complex,16.3,Estimated,16.3,No,436.9,Synthetic
3149,2024-09-19,HUT (URAN),Heera-Uran Complex,16.3,Estimated,16.3,No,490.4,Synthetic
3161,2024-09-20,HUT (URAN),Heera-Uran Complex,16.3,Estimated,16.3,No,479.6,Synthetic
3173,2024-09-21,HUT (URAN),Heera-Uran Complex,16.3,Estimated,16.3,No,455.6,Synthetic
3185,2024-09-22,HUT (URAN),Heera-Uran Complex,16.3,Estimated,16.3,No,445.2,Synthetic
3197,2024-09-23,HUT (URAN),Heera-Uran Complex,16.3,Estimated,16.3,No,464.5,Synthetic
3209,2024-09-24,HUT (URAN),Heera-Uran Complex,16.3,Estimated,16.3,No,460.2,Synthetic
3221,2024-09-25,HUT (URAN),Heera-Uran Complex,16.3,Estimated,16.3,No,463.3,Synthetic
3233,2024-09-26,HUT (URAN),Heera-Uran Complex,16.3,Estimated,16.3,No,460.3,Synthetic
3245,2024-09-27,HUT (URAN),Heera-Uran Complex,16.3,Estimated,16.3,No,464.0,Synthetic
3257,2024-09-28,HUT (URAN),Heera-Uran Complex,16.3,Estimated,16.3,No,476.2,Synthetic
3269,2024-09-29,HUT (URAN),Heera-Uran Complex,16.3,Estimated,16.3,No,463.4,Synthetic
3281,2024-09-30,HUT (URAN),Heera-Uran Complex,16.3,Estimated,16.3,No,440.7,Synthetic
3293,2024-10-01,HUT (URAN),Heera-Uran Complex,16.3,Estimated,16.3,No,472.9,Synthetic
3305,2024-10-02,HUT (URAN),Heera-Uran Complex,16.3,Estimated,16.3,No,476.0,Synthetic
3317,2024-10-03,HUT (URAN),Heera-Uran Complex,16.3,Estimated,16.3,No,495.8,Synthetic
3329,2024-10-04,HUT (URAN),Heera-Uran Complex,16.3,Estimated,16.3,No,437.1,Synthetic
3341,2024-10-05,HUT (URAN),Heera-Uran Complex,16.3,Estimated,16.3,No,454.9,Synthetic
3353,2024-10-06,HUT (URAN),Heera-Uran Complex,16.3,Estimated,16.3,No,422.8,Synthetic
3365,2024-10-07,HUT (URAN),Heera-Uran Complex,16.3,Estimated,16.3,No,457.8,Synthetic
3377,2024-10-08,HUT (URAN),Heera-Uran Complex,16.3,Estimated,16.3,No,442.3,Synthetic
3389,2024-10-09,HUT (URAN),Heera-Uran Complex,16.3,Estimated,16.3,No,474.9,Synthetic
3401,2024-10-10,HUT (URAN),Heera-Uran Complex,16.3,Estimated,16.3,No,437.9,Synthetic
3413,2024-10-11,HUT (URAN),Heera-Uran Complex,16.3,Estimated,16.3,No,425.0,Synthetic
3425,2024-10-12,HUT (URAN),Heera-Uran Complex,16.3,Estimated,16.3,No,440.7,Synthetic
3437,2024-10-13,HUT (URAN),Heera-Uran Complex,16.3,Estimated,16.3,No,419.9,Synthetic
3449,2024-10-14,HUT (URAN),Heera-Uran Complex,16.3,Estimated,16.3,No,455.7,Synthetic
3461,2024-10-15,HUT (URAN),Heera-Uran Complex,16.3,Estimated,16.3,No,417.5,Synthetic
3473,2024-10-16,HUT (URAN),Heera-Uran Complex,16.3,Estimated,16.3,No,444.7,Synthetic
3485,2024-10-17,HUT (URAN),Heera-Uran Complex,16.3,Estimated,16.3,No,416.1,Synthetic
3497,2024-10-18,HUT (URAN),Heera-Uran Complex,16.3,Estimated,16.3,No,438.8,Synthetic
3509,2024-10-19,HUT (URAN),Heera-Uran Complex,16.3,Estimated,16.3,No,464.2,Synthetic
3521,2024-10-20,HUT (URAN),Heera-Uran Complex,16.3,Estimated,16.3,No,446.5,Synthetic
3533,2024-10-21,HUT (URAN),Heera-Uran Complex,16.3,Estimated,16.3,No,429.7,Synthetic
3545,2024-10-22,HUT (URAN),Heera-Uran Complex,16.3,Estimated,16.3,No,440.0,Synthetic
3557,2024-10-23,HUT (URAN),Heera-Uran Complex,16.3,Estimated,16.3,No,440.0,Synthetic
3569,2024-10-24,HUT (URAN),Heera-Uran Complex,16.3,Estimated,16.3,No,445.4,Synthetic
3581,2024-10-25,HUT (URAN),Heera-Uran Complex,16.3,Estimated,16.3,No,420.5,Synthetic
3593,2024-10-26,HUT (URAN),Heera-Uran Complex,16.3,Estimated,16.3,No,445.6,Synthetic
3605,2024-10-27,HUT (URAN),Heera-Uran Complex,16.3,Estimated,16.3,No,401.7,Synthetic
3617,2024-10-28,HUT (URAN),Heera-Uran Complex,16.3,Estimated,16.3,No,428.3,Synthetic
3629,2024-10-29,HUT (URAN),Heera-Uran Complex,16.3,Estimated,16.3,No,429.5,Synthetic
3641,2024-10-30,HUT (URAN),Heera-Uran Complex,16.3,Estimated,16.3,No,443.5,Synthetic
3653,2024-10-31,HUT (URAN),Heera-Uran Complex,16.3,Estimated,16.3,No,434.9,Synthetic
3665,2024-11-01,HUT (URAN),Heera-Uran Complex,16.3,Estimated,16.3,No,415.7,Synthetic
3677,2024-11-02,HUT (URAN),Heera-Uran Complex,16.3,Estimated,16.3,No,420.5,Synthetic
3689,2024-11-03,HUT (URAN),Heera-Uran Complex,16.3,Estimated,16.3,No,435.3,Synthetic
3701,2024-11-04,HUT (URAN),Heera-Uran Complex,16.3,Estimated,16.3,No,431.0,Synthetic
3713,2024-11-05,HUT (URAN),Heera-Uran Complex,16.3,Estimated,16.3,No,423.9,Synthetic
3725,2024-11-06,HUT (URAN),Heera-Uran Complex,16.3,Estimated,16.3,No,424.6,Synthetic
3737,2024-11-07,HUT (URAN),Heera-Uran Complex,16.3,Estimated,16.3,No,439.1,Synthetic
3749,2024-11-08,HUT (URAN),Heera-Uran Complex,16.3,Estimated,16.3,No,422.9,Synthetic
3761,2024-11-09,HUT (URAN),Heera-Uran Complex,16.3,Estimated,16.3,No,427.8,Synthetic
3773,2024-11-10,HUT (URAN),Heera-Uran Complex,16.3,Estimated,16.3,No,456.1,Synthetic
3785,2024-11-11,HUT (URAN),Heera-Uran Complex,16.3,Estimated,16.3,No,409.4,Synthetic
3797,2024-11-12,HUT (URAN),Heera-Uran Complex,16.3,Estimated,16.3,No,403.3,Synthetic
3809,2024-11-13,HUT (URAN),Heera-Uran Complex,16.3,Estimated,16.3,No,436.4,Synthetic
3821,2024-11-14,HUT (URAN),Heera-Uran Complex,16.3,Estimated,16.3,No,417.1,Synthetic
3833,2024-11-15,HUT (URAN),Heera-Uran Complex,16.3,Estimated,16.3,No,421.0,Synthetic
3845,2024-11-16,HUT (URAN),Heera-Uran Complex,16.3,Estimated,16.3,No,414.5,Synthetic
3857,2024-11-17,HUT (URAN),Heera-Uran Complex,16.3,Estimated,16.3,No,420.6,Synthetic
3869,2024-11-18,HUT (URAN),Heera-Uran Complex,16.3,Estimated,16.3,No,443.5,Synthetic
3881,2024-11-19,HUT (URAN),Heera-Uran Complex,16.3,Estimated,16.3,No,432.8,Synthetic
3893,2024-11-20,HUT (URAN),Heera-Uran Complex,16.3,Estimated,16.3,No,432.9,Synthetic
3905,2024-11-21,HUT (URAN),Heera-Uran Complex,16.3,Estimated,16.3,No,403.5,Synthetic
3917,2024-11-22,HUT (URAN),Heera-Uran Complex,16.3,Estimated,16.3,No,406.2,Synthetic
3929,2024-11-23,HUT (URAN),Heera-Uran Complex,16.3,Estimated,16.3,No,384.3,Synthetic
3941,2024-11-24,HUT (URAN),Heera-Uran Complex,16.3,Estimated,16.3,No,409.3,Synthetic
3953,2024-11-25,HUT (URAN),Heera-Uran Complex,16.3,Estimated,16.3,No,430.9,Synthetic
3965,2024-11-26,HUT (URAN),Heera-Uran Complex,16.3,Estimated,16.3,No,424.7,Synthetic
3977,2024-11-27,HUT (URAN),Heera-Uran Complex,16.3,Estimated,16.3,No,414.9,Synthetic
3989,2024-11-28,HUT (URAN),Heera-Uran Complex,16.3,Estimated,16.3,No,416.7,Synthetic
4001,2024-11-29,HUT (URAN),Heera-Uran Complex,16.3,Estimated,16.3,No,407.8,Synthetic
4013,2024-11-30,HUT (URAN),Heera-Uran Complex,16.3,Estimated,16.3,No,418.3,Synthetic
4025,2024-12-01,HUT (URAN),Heera-Uran Complex,16.3,Estimated,16.3,No,424.7,Synthetic
4037,2024-12-02,HUT (URAN),Heera-Uran Complex,16.3,Estimated,16.3,No,394.5,Synthetic
4049,2024-12-03,HUT (URAN),Heera-Uran Complex,16.3,Estimated,16.3,No,417.7,Synthetic
4061,2024-12-04,HUT (URAN),Heera-Uran Complex,16.3,Estimated,16.3,No,424.9,Synthetic
4073,2024-12-05,HUT (URAN),Heera-Uran Complex,16.3,Estimated,16.3,No,407.6,Synthetic
4085,2024-12-06,HUT (URAN),Heera-Uran Complex,16.3,Estimated,16.3,No,420.8,Synthetic
4097,2024-12-07,HUT (URAN),Heera-Uran Complex,16.3,Estimated,16.3,No,446.3,Synthetic
4109,2024-12-08,HUT (URAN),Heera-Uran Complex,16.3,Estimated,16.3,No,409.6,Synthetic
4121,2024-12-09,HUT (URAN),Heera-Uran Complex,16.3,Estimated,16.3,No,415.1,Synthetic
4133,2024-12-10,HUT (URAN),Heera-Uran Complex,16.3,Estimated,16.3,No,400.6,Synthetic
4145,2024-12-11,HUT (URAN),Heera-Uran Complex,16.3,Estimated,16.3,No,411.3,Synthetic
4157,2024-12-12,HUT (URAN),Heera-Uran Complex,16.3,Estimated,16.3,No,414.1,Synthetic
4169,2024-12-13,HUT (URAN),Heera-Uran Complex,16.3,Estimated,16.3,No,410.3,Synthetic
4181,2024-12-14,HUT (URAN),Heera-Uran Complex,16.3,Estimated,16.3,No,394.8,Synthetic
4193,2024-12-15,HUT (URAN),Heera-Uran Complex,16.3,Estimated,16.3,No,409.2,Synthetic
4205,2024-12-16,HUT (URAN),Heera-Uran Complex,16.3,Estimated,16.3,No,423.9,Synthetic
4217,2024-12-17,HUT (URAN),Heera-Uran Complex,16.3,Estimated,16.3,No,410.9,Synthetic
4229,2024-12-18,HUT (URAN),Heera-Uran Complex,16.3,Estimated,16.3,No,416.6,Synthetic
4241,2024-12-19,HUT (URAN),Heera-Uran Complex,16.3,Estimated,16.3,No,401.4,Synthetic
4253,2024-12-20,HUT (URAN),Heera-Uran Complex,16.3,Estimated,16.3,No,412.8,Synthetic
4265,2024-12-21,HUT (URAN),Heera-Uran Complex,16.3,Estimated,16.3,No,406.5,Synthetic
4277,2024-12-22,HUT (URAN),Heera-Uran Complex,16.3,Estimated,16.3,No,391.0,Synthetic
4289,2024-12-23,HUT (URAN),Heera-Uran Complex,16.3,Estimated,16.3,No,405.7,Synthetic
4301,2024-12-24,HUT (URAN),Heera-Uran Complex,16.3,Estimated,16.3,No,389.4,Synthetic
4313,2024-12-25,HUT (URAN),Heera-Uran Complex,16.3,Estimated,16.3,No,393.1,Synthetic
4325,2024-12-26,HUT (URAN),Heera-Uran Complex,16.3,Estimated,16.3,No,402.4,Synthetic
4337,2024-12-27,HUT (URAN),Heera-Uran Complex,16.3,Estimated,16.3,No,403.1,Synthetic
4349,2024-12-28,HUT (URAN),Heera-Uran Complex,16.3,Estimated,16.3,No,384.7,Synthetic
4361,2024-12-29,HUT (URAN),Heera-Uran Complex,16.3,Estimated,16.3,No,411.0,Synthetic
4373,2024-12-30,HUT (URAN),Heera-Uran Complex,16.3,Estimated,16.3,No,404.6,Synthetic
4385,2024-12-31,HUT (URAN),Heera-Uran Complex,16.3,Estimated,16.3,No,388.8,Synthetic
4397,2025-01-01,HUT (URAN),Heera-Uran Complex,16.3,Estimated,16.3,No,378.3,Synthetic
4409,2025-01-02,HUT (URAN),Heera-Uran Complex,16.3,Estimated,16.3,No,394.3,Synthetic
4421,2025-01-03,HUT (URAN),Heera-Uran Complex,16.3,Estimated,16.3,No,390.1,Synthetic
4433,2025-01-04,HUT (URAN),Heera-Uran Complex,16.3,Estimated,16.3,No,396.2,Synthetic
4445,2025-01-05,HUT (URAN),Heera-Uran Complex,16.3,Estimated,16.3,No,390.0,Synthetic
4457,2025-01-06,HUT (URAN),Heera-Uran Complex,16.3,Estimated,16.3,No,370.0,Synthetic
4469,2025-01-07,HUT (URAN),Heera-Uran Complex,16.3,Estimated,16.3,No,388.5,Synthetic
4481,2025-01-08,HUT (URAN),Heera-Uran Complex,16.3,Estimated,16.3,No,388.9,Synthetic
4493,2025-01-09,HUT (URAN),Heera-Uran Complex,16.3,Estimated,16.3,No,399.4,Synthetic
4505,2025-01-10,HUT (URAN),Heera-Uran Complex,16.3,Estimated,16.3,No,383.2,Synthetic
4517,2025-01-11,HUT (URAN),Heera-Uran Complex,16.3,Estimated,16.3,No,410.5,Synthetic
4529,2025-01-12,HUT (URAN),Heera-Uran Complex,16.3,Estimated,16.3,No,367.8,Synthetic
4541,2025-01-13,HUT (URAN),Heera-Uran Complex,16.3,Estimated,16.3,No,405.0,Synthetic
4553,2025-01-14,HUT (URAN),Heera-Uran Complex,16.3,Estimated,16.3,No,386.4,Synthetic
4565,2025-01-15,HUT (URAN),Heera-Uran Complex,16.3,Estimated,16.3,No,398.5,Synthetic
4577,2025-01-16,HUT (URAN),Heera-Uran Complex,16.3,Estimated,16.3,No,388.8,Synthetic
4589,2025-01-17,HUT (URAN),Heera-Uran Complex,16.3,Estimated,16.3,No,400.6,Synthetic
4601,2025-01-18,HUT (URAN),Heera-Uran Complex,16.3,Estimated,16.3,No,382.3,Synthetic
4613,2025-01-19,HUT (URAN),Heera-Uran Complex,16.3,Estimated,16.3,No,373.5,Synthetic
4625,2025-01-20,HUT (URAN),Heera-Uran Complex,16.3,Estimated,16.3,No,402.1,Synthetic
4637,2025-01-21,HUT (URAN),Heera-Uran Complex,16.3,Estimated,16.3,No,383.7,Synthetic
4649,2025-01-22,HUT (URAN),Heera-Uran Complex,16.3,Estimated,16.3,No,387.0,Synthetic
4661,2025-01-23,HUT (URAN),Heera-Uran Complex,16.3,Estimated,16.3,No,398.1,Synthetic
4673,2025-01-24,HUT (URAN),Heera-Uran Complex,16.3,Estimated,16.3,No,371.5,Synthetic
4685,2025-01-25,HUT (URAN),Heera-Uran Complex,16.3,Estimated,16.3,No,389.6,Synthetic
4697,2025-01-26,HUT (URAN),Heera-Uran Complex,16.3,Estimated,16.3,No,375.5,Synthetic
4709,2025-01-27,HUT (URAN),Heera-Uran Complex,16.3,Estimated,16.3,No,380.1,Synthetic
4721,2025-01-28,HUT (URAN),Heera-Uran Complex,16.3,Estimated,16.3,No,381.9,Synthetic
4733,2025-01-29,HUT (URAN),Heera-Uran Complex,16.3,Estimated,16.3,No,363.4,Synthetic
4745,2025-01-30,HUT (URAN),Heera-Uran Complex,16.3,Estimated,16.3,No,371.1,Synthetic
4757,2025-01-31,HUT (URAN),Heera-Uran Complex,16.3,Estimated,16.3,No,394.8,Synthetic
4769,2025-02-01,HUT (URAN),Heera-Uran Complex,16.3,Estimated,16.3,No,388.9,Synthetic
4781,2025-02-02,HUT (URAN),Heera-Uran Complex,16.3,Estimated,16.3,No,377.6,Synthetic
4793,2025-02-03,HUT (URAN),Heera-Uran Complex,16.3,Estimated,16.3,No,380.5,Synthetic
4805,2025-02-04,HUT (URAN),Heera-Uran Complex,16.3,Estimated,16.3,No,373.8,Synthetic
4817,2025-02-05,HUT (URAN),Heera-Uran Complex,16.3,Estimated,16.3,No,391.9,Synthetic
4829,2025-02-06,HUT (URAN),Heera-Uran Complex,16.3,Estimated,16.3,No,373.8,Synthetic
4841,2025-02-07,HUT (URAN),Heera-Uran Complex,16.3,Estimated,16.3,No,378.1,Synthetic
4853,2025-02-08,HUT (URAN),Heera-Uran Complex,16.3,Estimated,16.3,No,387.8,Synthetic
4865,2025-02-09,HUT (URAN),Heera-Uran Complex,16.3,Estimated,16.3,No,365.7,Synthetic
4877,2025-02-10,HUT (URAN),Heera-Uran Complex,16.3,Estimated,16.3,No,391.3,Synthetic
4889,2025-02-11,HUT (URAN),Heera-Uran Complex,16.3,Estimated,16.3,No,356.2,Synthetic
4901,2025-02-12,HUT (URAN),Heera-Uran Complex,16.3,Estimated,16.3,No,391.0,Synthetic
4913,2025-02-13,HUT (URAN),Heera-Uran Complex,16.3,Estimated,16.3,No,368.0,Synthetic
4925,2025-02-14,HUT (URAN),Heera-Uran Complex,16.3,Estimated,16.3,No,368.9,Synthetic
4937,2025-02-15,HUT (URAN),Heera-Uran Complex,16.3,Estimated,16.3,No,350.1,Synthetic
4949,2025-02-16,HUT (URAN),Heera-Uran Complex,16.3,Estimated,16.3,No,365.5,Synthetic
4961,2025-02-17,HUT (URAN),Heera-Uran Complex,16.3,Estimated,16.3,No,358.5,Synthetic
4973,2025-02-18,HUT (URAN),Heera-Uran Complex,16.3,Estimated,16.3,No,362.7,Synthetic
4985,2025-02-19,HUT (URAN),Heera-Uran Complex,16.3,Estimated,16.3,No,367.4,Synthetic
4997,2025-02-20,HUT (URAN),Heera-Uran Complex,16.3,Estimated,16.3,No,378.9,Synthetic
5009,2025-02-21,HUT (URAN),Heera-Uran Complex,16.3,Estimated,16.3,No,370.1,Synthetic
5021,2025-02-22,HUT (URAN),Heera-Uran Complex,16.3,Estimated,16.3,No,370.7,Synthetic
5033,2025-02-23,HUT (URAN),Heera-Uran Complex,16.3,Estimated,16.3,No,354.7,Synthetic
5045,2025-02-24,HUT (URAN),Heera-Uran Complex,16.3,Estimated,16.3,No,356.5,Synthetic
5057,2025-02-25,HUT (URAN),Heera-Uran Complex,16.3,Estimated,16.3,No,385.4,Synthetic
5069,2025-02-26,HUT (URAN),Heera-Uran Complex,16.3,Estimated,16.3,No,357.1,Synthetic
5081,2025-02-27,HUT (URAN),Heera-Uran Complex,16.3,Estimated,16.3,No,382.7,Synthetic
5093,2025-02-28,HUT (URAN),Heera-Uran Complex,16.3,Estimated,16.3,No,361.4,Synthetic
5105,2025-03-01,HUT (URAN),Heera-Uran Complex,16.3,Estimated,16.3,No,363.5,Synthetic
5117,2025-03-02,HUT (URAN),Heera-Uran Complex,16.3,Estimated,16.3,No,374.6,Synthetic
5129,2025-03-03,HUT (URAN),Heera-Uran Complex,16.3,Estimated,16.3,No,376.3,Synthetic
5141,2025-03-04,HUT (URAN),Heera-Uran Complex,16.3,Estimated,16.3,No,360.7,Synthetic
5153,2025-03-05,HUT (URAN),Heera-Uran Complex,16.3,Estimated,16.3,No,357.1,Synthetic
5165,2025-03-06,HUT (URAN),Heera-Uran Complex,16.3,Estimated,16.3,No,360.2,Synthetic
5177,2025-03-07,HUT (URAN),Heera-Uran Complex,16.3,Estimated,16.3,No,363.9,Synthetic
5189,2025-03-08,HUT (URAN),Heera-Uran Complex,16.3,Estimated,16.3,No,369.4,Synthetic
5201,2025-03-09,HUT (URAN),Heera-Uran Complex,16.3,Estimated,16.3,No,359.3,Synthetic
5213,2025-03-10,HUT (URAN),Heera-Uran Complex,16.3,Estimated,16.3,No,365.4,Synthetic
5225,2025-03-11,HUT (URAN),Heera-Uran Complex,16.3,Estimated,16.3,No,375.8,Synthetic
5237,2025-03-12,HUT (URAN),Heera-Uran Complex,16.3,Estimated,16.3,No,361.7,Synthetic
5249,2025-03-13,HUT (URAN),Heera-Uran Complex,16.3,Estimated,16.3,No,360.5,Synthetic
5261,2025-03-14,HUT (URAN),Heera-Uran Complex,16.3,Estimated,16.3,No,340.3,Synthetic
5273,2025-03-15,HUT (URAN),Heera-Uran Complex,16.3,Estimated,16.3,No,328.0,Synthetic
5285,2025-03-16,HUT (URAN),Heera-Uran Complex,16.3,Estimated,16.3,No,359.7,Synthetic
5297,2025-03-17,HUT (URAN),Heera-Uran Complex,16.3,Estimated,16.3,No,354.0,Synthetic
5309,2025-03-18,HUT (URAN),Heera-Uran Complex,16.3,Estimated,16.3,No,349.0,Synthetic
5321,2025-03-19,HUT (URAN),Heera-Uran Complex,16.3,Estimated,16.3,No,356.5,Synthetic
5333,2025-03-20,HUT (URAN),Heera-Uran Complex,16.3,Estimated,16.3,No,352.8,Synthetic
5345,2025-03-21,HUT (URAN),Heera-Uran Complex,16.3,Estimated,16.3,No,364.9,Synthetic
5357,2025-03-22,HUT (URAN),Heera-Uran Complex,16.3,Estimated,16.3,No,353.3,Synthetic
5369,2025-03-23,HUT (URAN),Heera-Uran Complex,16.3,Estimated,16.3,No,344.0,Synthetic
5381,2025-03-24,HUT (URAN),Heera-Uran Complex,16.3,Estimated,16.3,No,361.8,Synthetic
5393,2025-03-25,HUT (URAN),Heera-Uran Complex,16.3,Estimated,16.3,No,348.6,Synthetic
5405,2025-03-26,HUT (URAN),Heera-Uran Complex,16.3,Estimated,16.3,No,355.9,Synthetic
5417,2025-03-27,HUT (URAN),Heera-Uran Complex,16.3,Estimated,16.3,No,344.8,Synthetic
5429,2025-03-28,HUT (URAN),Heera-Uran Complex,16.3,Estimated,16.3,No,342.5,Synthetic
5441,2025-03-29,HUT (URAN),Heera-Uran Complex,16.3,Estimated,16.3,No,349.7,Synthetic
5453,2025-03-30,HUT (URAN),Heera-Uran Complex,16.3,Estimated,16.3,No,348.4,Synthetic
5465,2025-03-31,HUT (URAN),Heera-Uran Complex,16.3,Estimated,16.3,No,352.7,Synthetic
5477,2025-04-01,HUT (URAN),Heera-Uran Complex,16.3,Estimated,16.3,No,344.4,Synthetic
5489,2025-04-02,HUT (URAN),Heera-Uran Complex,16.3,Estimated,16.3,No,327.6,Synthetic
5501,2025-04-03,HUT (URAN),Heera-Uran Complex,16.3,Estimated,16.3,No,341.7,Synthetic
5513,2025-04-04,HUT (URAN),Heera-Uran Complex,16.3,Estimated,16.3,No,353.9,Synthetic
5525,2025-04-05,HUT (URAN),Heera-Uran Complex,16.3,Estimated,16.3,No,342.1,Synthetic
5537,2025-04-06,HUT (URAN),Heera-Uran Complex,16.3,Estimated,16.3,No,342.1,Synthetic
5549,2025-04-07,HUT (URAN),Heera-Uran Complex,16.3,Estimated,16.3,No,354.4,Synthetic
5561,2025-04-08,HUT (URAN),Heera-Uran Complex,16.3,Estimated,16.3,No,336.3,Synthetic
5573,2025-04-09,HUT (URAN),Heera-Uran Complex,16.3,Estimated,16.3,No,327.3,Synthetic
5585,2025-04-10,HUT (URAN),Heera-Uran Complex,16.3,Estimated,16.3,No,341.0,Synthetic
5597,2025-04-11,HUT (URAN),Heera-Uran Complex,16.3,Estimated,16.3,No,337.2,Synthetic
5609,2025-04-12,HUT (URAN),Heera-Uran Complex,16.3,Estimated,16.3,No,331.7,Synthetic
5621,2025-04-13,HUT (URAN),Heera-Uran Complex,16.3,Estimated,16.3,No,339.3,Synthetic
5633,2025-04-14,HUT (URAN),Heera-Uran Complex,16.3,Estimated,16.3,No,345.6,Synthetic
5645,2025-04-15,HUT (URAN),Heera-Uran Complex,16.3,Estimated,16.3,No,340.0,Synthetic
5657,2025-04-16,HUT (URAN),Heera-Uran Complex,16.3,Estimated,16.3,No,342.7,Synthetic
5669,2025-04-17,HUT (URAN),Heera-Uran Complex,16.3,Estimated,16.3,No,357.6,Synthetic
5681,2025-04-18,HUT (URAN),Heera-Uran Complex,16.3,Estimated,16.3,No,335.1,Synthetic
5693,2025-04-19,HUT (URAN),Heera-Uran Complex,16.3,Estimated,16.3,No,340.9,Synthetic
5705,2025-04-20,HUT (URAN),Heera-Uran Complex,16.3,Estimated,16.3,No,332.5,Synthetic
5717,2025-04-21,HUT (URAN),Heera-Uran Complex,16.3,Estimated,16.3,No,328.6,Synthetic
5729,2025-04-22,HUT (URAN),Heera-Uran Complex,16.3,Estimated,16.3,No,330.7,Synthetic
5741,2025-04-23,HUT (URAN),Heera-Uran Complex,16.3,Estimated,16.3,No,331.3,Synthetic
5753,2025-04-24,HUT (URAN),Heera-Uran Complex,16.3,Estimated,16.3,No,339.3,Synthetic
5765,2025-04-25,HUT (URAN),Heera-Uran Complex,16.3,Estimated,16.3,No,358.8,Synthetic
5777,2025-04-26,HUT (URAN),Heera-Uran Complex,16.3,Estimated,16.3,No,327.5,Synthetic
5789,2025-04-27,HUT (URAN),Heera-Uran Complex,16.3,Estimated,16.3,No,330.0,Synthetic
5801,2025-04-28,HUT (URAN),Heera-Uran Complex,16.3,Estimated,16.3,No,333.0,Synthetic
5813,2025-04-29,HUT (URAN),Heera-Uran Complex,16.3,Estimated,16.3,No,337.1,Synthetic
5825,2025-04-30,HUT (URAN),Heera-Uran Complex,16.3,Estimated,16.3,No,335.3,Synthetic
5837,2025-05-01,HUT (URAN),Heera-Uran Complex,16.3,Estimated,16.3,No,345.0,Synthetic
5849,2025-05-02,HUT (URAN),Heera-Uran Complex,16.3,Estimated,16.3,No,307.5,Synthetic
5861,2025-05-03,HUT (URAN),Heera-Uran Complex,16.3,Estimated,16.3,No,307.5,Synthetic
5873,2025-05-04,HUT (URAN),Heera-Uran Complex,16.3,Estimated,16.3,No,325.8,Synthetic
5885,2025-05-05,HUT (URAN),Heera-Uran Complex,16.3,Estimated,16.3,No,341.1,Synthetic
5897,2025-05-06,HUT (URAN),Heera-Uran Complex,16.3,Estimated,16.3,No,314.2,Synthetic
5909,2025-05-07,HUT (URAN),Heera-Uran Complex,16.3,Estimated,16.3,No,299.5,Synthetic
5921,2025-05-08,HUT (URAN),Heera-Uran Complex,16.3,Estimated,16.3,No,334.4,Synthetic
5933,2025-05-09,HUT (URAN),Heera-Uran Complex,16.3,Estimated,16.3,No,330.7,Synthetic
5945,2025-05-10,HUT (URAN),Heera-Uran Complex,16.3,Estimated,16.3,No,317.1,Synthetic
5957,2025-05-11,HUT (URAN),Heera-Uran Complex,16.3,Estimated,16.3,No,317.6,Synthetic
5969,2025-05-12,HUT (URAN),Heera-Uran Complex,16.3,Estimated,16.3,No,317.3,Synthetic
5981,2025-05-13,HUT (URAN),Heera-Uran Complex,16.3,Estimated,16.3,No,327.4,Synthetic
5993,2025-05-14,HUT (URAN),Heera-Uran Complex,16.3,Estimated,16.3,No,319.7,Synthetic
6005,2025-05-15,HUT (URAN),Heera-Uran Complex,16.3,Estimated,16.3,No,330.2,Synthetic
6017,2025-05-16,HUT (URAN),Heera-Uran Complex,16.3,Estimated,16.3,No,297.1,Synthetic
6029,2025-05-17,HUT (URAN),Heera-Uran Complex,16.3,Estimated,16.3,No,316.1,Synthetic
6041,2025-05-18,HUT (URAN),Heera-Uran Complex,16.3,Estimated,16.3,No,313.0,Synthetic
6053,2025-05-19,HUT (URAN),Heera-Uran Complex,16.3,Estimated,16.3,No,321.0,Synthetic
6065,2025-05-20,HUT (URAN),Heera-Uran Complex,16.3,Estimated,16.3,No,317.8,Synthetic
6077,2025-05-21,HUT (URAN),Heera-Uran Complex,16.3,Estimated,16.3,No,330.2,Synthetic
6089,2025-05-22,HUT (URAN),Heera-Uran Complex,16.3,Estimated,16.3,No,304.1,Synthetic
6101,2025-05-23,HUT (URAN),Heera-Uran Complex,16.3,Estimated,16.3,No,322.0,Synthetic
6113,2025-05-24,HUT (URAN),Heera-Uran Complex,16.3,Estimated,16.3,No,326.5,Synthetic
6125,2025-05-25,HUT (URAN),Heera-Uran Complex,16.3,Estimated,16.3,No,338.5,Synthetic
6137,2025-05-26,HUT (URAN),Heera-Uran Complex,16.3,Estimated,16.3,No,315.5,Synthetic
6149,2025-05-27,HUT (URAN),Heera-Uran Complex,16.3,Estimated,16.3,No,322.8,Synthetic
6161,2025-05-28,HUT (URAN),Heera-Uran Complex,16.3,Estimated,16.3,No,301.9,Synthetic
6173,2025-05-29,HUT (URAN),Heera-Uran Complex,16.3,Estimated,16.3,No,295.9,Synthetic
6185,2025-05-30,HUT (URAN),Heera-Uran Complex,16.3,Estimated,16.3,Yes,326.3,Synthetic
6197,2025-05-31,HUT (URAN),Heera-Uran Complex,17.1,Estimated,16.3,Yes,316.2,Synthetic
6209,2025-06-01,HUT (URAN),Heera-Uran Complex,16.5,Estimated,16.3,Yes,328.1,Synthetic
6221,2025-06-02,HUT (URAN),Heera-Uran Complex,16.3,Estimated,16.3,Yes,303.8,Synthetic
6233,2025-06-03,HUT (URAN),Heera-Uran Complex,16.7,Estimated,16.3,Yes,320.5,Synthetic
6245,2025-06-04,HUT (URAN),Heera-Uran Complex,16.6,Estimated,16.3,Yes,333.0,Synthetic
6257,2025-06-05,HUT (URAN),Heera-Uran Complex,16.3,Estimated,16.3,Yes,319.4,Synthetic
6269,2025-06-06,HUT (URAN),Heera-Uran Complex,16.5,Estimated,16.3,Yes,317.2,Synthetic
6281,2025-06-07,HUT (URAN),Heera-Uran Complex,16.3,Estimated,16.3,Yes,314.6,Synthetic
6293,2025-06-08,HUT (URAN),Heera-Uran Complex,16.6,Estimated,16.3,Yes,298.7,Synthetic
6305,2025-06-09,HUT (URAN),Heera-Uran Complex,16.9,Estimated,16.3,Yes,325.2,Synthetic
6317,2025-06-10,HUT (URAN),Heera-Uran Complex,17.5,Estimated,16.3,Yes,305.2,Synthetic
6329,2025-06-11,HUT (URAN),Heera-Uran Complex,16.3,Estimated,16.3,Yes,317.4,Synthetic
6341,2025-06-12,HUT (URAN),Heera-Uran Complex,17.8,Estimated,16.3,Yes,294.9,Synthetic
6353,2025-06-13,HUT (URAN),Heera-Uran Complex,16.3,Estimated,16.3,Yes,300.7,Synthetic
6365,2025-06-14,HUT (URAN),Heera-Uran Complex,16.5,Estimated,16.3,Yes,324.3,Synthetic
6377,2025-06-15,HUT (URAN),Heera-Uran Complex,16.9,Estimated,16.3,Yes,306.5,Synthetic
6389,2025-06-16,HUT (URAN),Heera-Uran Complex,16.7,Estimated,16.3,Yes,323.1,Synthetic
6401,2025-06-17,HUT (URAN),Heera-Uran Complex,16.3,Estimated,16.3,Yes,309.2,Synthetic
6413,2025-06-18,HUT (URAN),Heera-Uran Complex,16.5,Estimated,16.3,Yes,292.0,Synthetic
6425,2025-06-19,HUT (URAN),Heera-Uran Complex,16.3,Estimated,16.3,Yes,317.3,Synthetic
6437,2025-06-20,HUT (URAN),Heera-Uran Complex,16.3,Estimated,16.3,Yes,303.1,Synthetic
6449,2025-06-21,HUT (URAN),Heera-Uran Complex,17.1,Estimated,16.3,Yes,313.0,Synthetic
6461,2025-06-22,HUT (URAN),Heera-Uran Complex,16.8,Estimated,16.3,Yes,306.9,Synthetic
6473,2025-06-23,HUT (URAN),Heera-Uran Complex,16.3,Estimated,16.3,Yes,292.9,Synthetic
6485,2025-06-24,HUT (URAN),Heera-Uran Complex,17.2,Estimated,16.3,Yes,306.6,Synthetic
6497,2025-06-25,HUT (URAN),Heera-Uran Complex,16.9,Estimated,16.3,Yes,325.3,Synthetic
6509,2025-06-26,HUT (URAN),Heera-Uran Complex,17.2,Estimated,16.3,Yes,308.6,Synthetic
6521,2025-06-27,HUT (URAN),Heera-Uran Complex,17.1,Estimated,16.3,Yes,303.4,Synthetic
6533,2025-06-28,HUT (URAN),Heera-Uran Complex,16.3,Estimated,16.3,Yes,314.7,Synthetic
6545,2025-06-29,HUT (URAN),Heera-Uran Complex,16.4,Estimated,16.3,Yes,306.2,Synthetic
6557,2025-06-30,HUT (URAN),Heera-Uran Complex,17.2,Estimated,16.3,Yes,304.3,Synthetic
6569,2025-07-01,HUT (URAN),Heera-Uran Complex,17.1,Estimated,16.3,Yes,292.2,Synthetic
6581,2025-07-02,HUT (URAN),Heera-Uran Complex,16.8,Estimated,16.3,Yes,304.3,Synthetic
6593,2025-07-03,HUT (URAN),Heera-Uran Complex,16.9,Estimated,16.3,Yes,310.9,Synthetic
6605,2025-07-04,HUT (URAN),Heera-Uran Complex,17.6,Estimated,16.3,Yes,292.3,Synthetic
6617,2025-07-05,HUT (URAN),Heera-Uran Complex,16.5,Estimated,16.3,Yes,314.3,Synthetic
6629,2025-07-06,HUT (URAN),Heera-Uran Complex,17.2,Estimated,16.3,Yes,298.9,Synthetic
6641,2025-07-07,HUT (URAN),Heera-Uran Complex,16.8,Estimated,16.3,Yes,292.0,Synthetic
6653,2025-07-08,HUT (URAN),Heera-Uran Complex,16.8,Estimated,16.3,Yes,308.5,Synthetic
6665,2025-07-09,HUT (URAN),Heera-Uran Complex,17.6,Estimated,16.3,Yes,295.1,Synthetic
6677,2025-07-10,HUT (URAN),Heera-Uran Complex,17.4,Estimated,16.3,Yes,304.3,Synthetic
6689,2025-07-11,HUT (URAN),Heera-Uran Complex,17.5,Estimated,16.3,Yes,294.3,Synthetic
6701,2025-07-12,HUT (URAN),Heera-Uran Complex,17.8,Estimated,16.3,Yes,295.4,Synthetic
6713,2025-07-13,HUT (URAN),Heera-Uran Complex,17.0,Estimated,16.3,Yes,301.4,Synthetic
6725,2025-07-14,HUT (URAN),Heera-Uran Complex,17.5,Estimated,16.3,Yes,298.2,Synthetic
6737,2025-07-15,HUT (URAN),Heera-Uran Complex,16.9,Estimated,16.3,Yes,278.5,Synthetic
6749,2025-07-16,HUT (URAN),Heera-Uran Complex,17.3,Estimated,16.3,Yes,285.2,Synthetic
6761,2025-07-17,HUT (URAN),Heera-Uran Complex,17.1,Estimated,16.3,Yes,303.3,Synthetic
6773,2025-07-18,HUT (URAN),Heera-Uran Complex,17.2,Estimated,16.3,Yes,293.3,Synthetic
6785,2025-07-19,HUT (URAN),Heera-Uran Complex,17.6,Estimated,16.3,Yes,288.7,Synthetic
6797,2025-07-20,HUT (URAN),Heera-Uran Complex,16.7,Estimated,16.3,Yes,282.4,Synthetic
6809,2025-07-21,HUT (URAN),Heera-Uran Complex,18.5,Estimated,16.3,Yes,281.4,Synthetic
6821,2025-07-22,HUT (URAN),Heera-Uran Complex,16.7,Estimated,16.3,Yes,275.8,Synthetic
6833,2025-07-23,HUT (URAN),Heera-Uran Complex,16.6,Estimated,16.3,Yes,292.4,Synthetic
6845,2025-07-24,HUT (URAN),Heera-Uran Complex,18.1,Estimated,16.3,Yes,285.0,Synthetic
6857,2025-07-25,HUT (URAN),Heera-Uran Complex,17.9,Estimated,16.3,Yes,281.7,Synthetic
6869,2025-07-26,HUT (URAN),Heera-Uran Complex,17.8,Estimated,16.3,Yes,289.3,Synthetic
6881,2025-07-27,HUT (URAN),Heera-Uran Complex,17.9,Estimated,16.3,Yes,292.5,Synthetic
6893,2025-07-28,HUT (URAN),Heera-Uran Complex,17.5,Estimated,16.3,Yes,307.8,Synthetic
6905,2025-07-29,HUT (URAN),Heera-Uran Complex,17.1,Estimated,16.3,Yes,276.7,Synthetic
6917,2025-07-30,HUT (URAN),Heera-Uran Complex,17.7,Estimated,16.3,Yes,298.4,Synthetic
6929,2025-07-31,HUT (URAN),Heera-Uran Complex,17.3,Estimated,16.3,Yes,297.1,Synthetic
6941,2025-08-01,HUT (URAN),Heera-Uran Complex,18.3,Estimated,16.3,Yes,279.8,Synthetic
6953,2025-08-02,HUT (URAN),Heera-Uran Complex,17.7,Estimated,16.3,Yes,288.8,Synthetic
6965,2025-08-03,HUT (URAN),Heera-Uran Complex,17.4,Estimated,16.3,Yes,283.3,Synthetic
6977,2025-08-04,HUT (URAN),Heera-Uran Complex,17.7,Estimated,16.3,Yes,287.8,Synthetic
6989,2025-08-05,HUT (URAN),Heera-Uran Complex,18.2,Estimated,16.3,Yes,297.9,Synthetic
7001,2025-08-06,HUT (URAN),Heera-Uran Complex,17.7,Estimated,16.3,Yes,290.6,Synthetic
7013,2025-08-07,HUT (URAN),Heera-Uran Complex,17.6,Estimated,16.3,Yes,289.5,Synthetic
7025,2025-08-08,HUT (URAN),Heera-Uran Complex,18.3,Estimated,16.3,Yes,279.9,Synthetic
7037,2025-08-09,HUT (URAN),Heera-Uran Complex,18.4,Estimated,16.3,Yes,270.3,Synthetic
7049,2025-08-10,HUT (URAN),Heera-Uran Complex,18.0,Estimated,16.3,Yes,281.4,Synthetic
7061,2025-08-11,HUT (URAN),Heera-Uran Complex,18.1,Estimated,16.3,Yes,292.8,Synthetic
7073,2025-08-12,HUT (URAN),Heera-Uran Complex,18.6,Estimated,16.3,Yes,268.4,Synthetic
7085,2025-08-13,HUT (URAN),Heera-Uran Complex,17.6,Estimated,16.3,Yes,273.7,Synthetic
7097,2025-08-14,HUT (URAN),Heera-Uran Complex,17.7,Estimated,16.3,Yes,283.1,Synthetic
7109,2025-08-15,HUT (URAN),Heera-Uran Complex,18.2,Estimated,16.3,Yes,272.5,Synthetic
7121,2025-08-16,HUT (URAN),Heera-Uran Complex,18.6,Estimated,16.3,Yes,273.0,Synthetic
7133,2025-08-17,HUT (URAN),Heera-Uran Complex,19.0,Estimated,16.3,Yes,275.0,Synthetic
7145,2025-08-18,HUT (URAN),Heera-Uran Complex,19.8,Estimated,16.3,Yes,265.5,Synthetic
7157,2025-08-19,HUT (URAN),Heera-Uran Complex,19.6,Estimated,16.3,Yes,268.6,Synthetic
7169,2025-08-20,HUT (URAN),Heera-Uran Complex,19.0,Estimated,16.3,Yes,283.2,Synthetic
7181,2025-08-21,HUT (URAN),Heera-Uran Complex,19.2,Estimated,16.3,Yes,265.8,Synthetic
7193,2025-08-22,HUT (URAN),Heera-Uran Complex,18.7,Estimated,16.3,Yes,263.8,Synthetic
7205,2025-08-23,HUT (URAN),Heera-Uran Complex,19.4,Estimated,16.3,Yes,270.2,Synthetic
7217,2025-08-24,HUT (URAN),Heera-Uran Complex,19.4,Estimated,16.3,Yes,281.1,Synthetic
7229,2025-08-25,HUT (URAN),Heera-Uran Complex,19.9,Estimated,16.3,Yes,272.2,Synthetic
7241,2025-08-26,HUT (URAN),Heera-Uran Complex,19.3,Estimated,16.3,Yes,270.6,Synthetic
7253,2025-08-27,HUT (URAN),Heera-Uran Complex,20.2,Estimated,16.3,Yes,272.8,Synthetic
7265,2025-08-28,HUT (URAN),Heera-Uran Complex,21.0,Estimated,16.3,Yes,256.5,Synthetic
7277,2025-08-29,HUT (URAN),Heera-Uran Complex,20.1,Estimated,16.3,Yes,275.9,Synthetic
7289,2025-08-30,HUT (URAN),Heera-Uran Complex,20.6,Estimated,16.3,Yes,273.7,Synthetic
7301,2025-08-31,HUT (URAN),Heera-Uran Complex,20.9,Estimated,16.3,Yes,266.4,Synthetic
7313,2025-09-01,HUT (URAN),Heera-Uran Complex,20.4,Estimated,16.3,Yes,278.3,Synthetic
7325,2025-09-02,HUT (URAN),Heera-Uran Complex,20.9,Estimated,16.3,Yes,259.8,Synthetic
7337,2025-09-03,HUT (URAN),Heera-Uran Complex,20.9,Estimated,16.3,Yes,277.6,Synthetic
7349,2025-09-04,HUT (URAN),Heera-Uran Complex,21.1,Estimated,16.3,Yes,269.0,Synthetic
7361,2025-09-05,HUT (URAN),Heera-Uran Complex,20.8,Estimated,16.3,Yes,265.2,Synthetic
7373,2025-09-06,HUT (URAN),Heera-Uran Complex,21.4,Estimated,16.3,Yes,266.3,Synthetic
7385,2025-09-07,HUT (URAN),Heera-Uran Complex,21.9,Estimated,16.3,Yes,264.4,Synthetic
7397,2025-09-08,HUT (URAN),Heera-Uran Complex,22.6,Estimated,16.3,Yes,273.4,Synthetic
7409,2025-09-09,HUT (URAN),Heera-Uran Complex,22.5,Estimated,16.3,Yes,255.0,Synthetic
7421,2025-09-10,HUT (URAN),Heera-Uran Complex,23.4,Estimated,16.3,Yes,255.6,Synthetic
7433,2025-09-11,HUT (URAN),Heera-Uran Complex,21.9,Estimated,16.3,Yes,271.9,Synthetic
7445,2025-09-12,HUT (URAN),Heera-Uran Complex,23.1,Estimated,16.3,Yes,256.7,Synthetic
7457,2025-09-13,HUT (URAN),Heera-Uran Complex,22.9,Estimated,16.3,Yes,268.3,Synthetic
7469,2025-09-14,HUT (URAN),Heera-Uran Complex,24.3,Estimated,16.3,Yes,271.8,Synthetic
7481,2025-09-15,HUT (URAN),Heera-Uran Complex,22.7,Estimated,16.3,Yes,257.7,Synthetic
7493,2025-09-16,HUT (URAN),Heera-Uran Complex,22.9,Estimated,16.3,Yes,265.4,Synthetic
7505,2025-09-17,HUT (URAN),Heera-Uran Complex,23.3,Estimated,16.3,Yes,250.1,Synthetic
7517,2025-09-18,HUT (URAN),Heera-Uran Complex,22.6,Estimated,16.3,Yes,265.7,Synthetic
7529,2025-09-19,HUT (URAN),Heera-Uran Complex,23.8,Estimated,16.3,Yes,259.0,Synthetic
7541,2025-09-20,HUT (URAN),Heera-Uran Complex,23.9,Estimated,16.3,Yes,260.6,Synthetic
7553,2025-09-21,HUT (URAN),Heera-Uran Complex,24.7,Estimated,16.3,Yes,250.3,Synthetic
7565,2025-09-22,HUT (URAN),Heera-Uran Complex,25.1,Estimated,16.3,Yes,241.6,Synthetic
7577,2025-09-23,HUT (URAN),Heera-Uran Complex,26.3,Estimated,16.3,Yes,255.7,Synthetic
7589,2025-09-24,HUT (URAN),Heera-Uran Complex,26.0,Estimated,16.3,Yes,236.5,Synthetic
7601,2025-09-25,HUT (URAN),Heera-Uran Complex,25.4,Estimated,16.3,Yes,250.2,Synthetic
7613,2025-09-26,HUT (URAN),Heera-Uran Complex,25.5,Estimated,16.3,Yes,259.2,Synthetic
7625,2025-09-27,HUT (URAN),Heera-Uran Complex,26.7,Estimated,16.3,Yes,251.2,Synthetic
7637,2025-09-28,HUT (URAN),Heera-Uran Complex,25.9,Estimated,16.3,Yes,265.4,Synthetic
7649,2025-09-29,HUT (URAN),Heera-Uran Complex,28.1,Estimated,16.3,Yes,254.4,Synthetic
7661,2025-09-30,HUT (URAN),Heera-Uran Complex,28.0,Estimated,16.3,Yes,241.8,Synthetic
7673,2025-10-01,HUT (URAN),Heera-Uran Complex,27.4,Estimated,16.3,Yes,247.4,Synthetic
7685,2025-10-02,HUT (URAN),Heera-Uran Complex,27.0,Estimated,16.3,Yes,247.1,Synthetic
7697,2025-10-03,HUT (URAN),Heera-Uran Complex,29.1,Estimated,16.3,Yes,232.2,Synthetic
7709,2025-10-04,HUT (URAN),Heera-Uran Complex,28.6,Estimated,16.3,Yes,237.3,Synthetic
7721,2025-10-05,HUT (URAN),Heera-Uran Complex,29.8,Estimated,16.3,Yes,237.9,Synthetic
7733,2025-10-06,HUT (URAN),Heera-Uran Complex,28.5,Estimated,16.3,Yes,228.8,Synthetic
7745,2025-10-07,HUT (URAN),Heera-Uran Complex,29.4,Estimated,16.3,Yes,242.2,Synthetic
7757,2025-10-08,HUT (URAN),Heera-Uran Complex,30.2,Estimated,16.3,Yes,238.4,Synthetic
7769,2025-10-09,HUT (URAN),Heera-Uran Complex,30.6,Estimated,16.3,Yes,227.2,Synthetic
7781,2025-10-10,HUT (URAN),Heera-Uran Complex,30.7,Estimated,16.3,Yes,241.6,Synthetic
7793,2025-10-11,HUT (URAN),Heera-Uran Complex,31.8,Estimated,16.3,Yes,241.7,Synthetic
7805,2025-10-12,HUT (URAN),Heera-Uran Complex,31.2,Estimated,16.3,Yes,238.9,Synthetic
7817,2025-10-13,HUT (URAN),Heera-Uran Complex,32.2,Estimated,16.3,Yes,233.0,Synthetic
7829,2025-10-14,HUT (URAN),Heera-Uran Complex,32.7,Estimated,16.3,Yes,238.3,Synthetic
7841,2025-10-15,HUT (URAN),Heera-Uran Complex,33.4,Estimated,16.3,Yes,237.5,Synthetic
7853,2025-10-16,HUT (URAN),Heera-Uran Complex,34.0,Estimated,16.3,Yes,233.6,Synthetic
7865,2025-10-17,HUT (URAN),Heera-Uran Complex,33.3,Estimated,16.3,Yes,226.5,Synthetic
7877,2025-10-18,HUT (URAN),Heera-Uran Complex,33.5,Estimated,16.3,Yes,233.5,Synthetic
7889,2025-10-19,HUT (URAN),Heera-Uran Complex,35.7,Estimated,16.3,Yes,236.0,Synthetic
7901,2025-10-20,HUT (URAN),Heera-Uran Complex,35.6,Estimated,16.3,Yes,223.5,Synthetic
7913,2025-10-21,HUT (URAN),Heera-Uran Complex,35.4,Estimated,16.3,Yes,241.9,Synthetic
7925,2025-10-22,HUT (URAN),Heera-Uran Complex,37.3,Estimated,16.3,Yes,220.8,Synthetic
7937,2025-10-23,HUT (URAN),Heera-Uran Complex,36.9,Estimated,16.3,Yes,224.8,Synthetic
7949,2025-10-24,HUT (URAN),Heera-Uran Complex,38.0,Estimated,16.3,Yes,218.1,Synthetic
7961,2025-10-25,HUT (URAN),Heera-Uran Complex,37.9,Estimated,16.3,Yes,223.9,Synthetic
7973,2025-10-26,HUT (URAN),Heera-Uran Complex,39.6,Estimated,16.3,Yes,208.0,Synthetic
7985,2025-10-27,HUT (URAN),Heera-Uran Complex,39.9,Estimated,16.3,Yes,215.1,Synthetic
7997,2025-10-28,HUT (URAN),Heera-Uran Complex,39.2,Estimated,16.3,Yes,212.2,Synthetic
8009,2025-10-29,HUT (URAN),Heera-Uran Complex,40.5,Estimated,16.3,Yes,218.0,Synthetic
8021,2025-10-30,HUT (URAN),Heera-Uran Complex,40.8,Estimated,16.3,Yes,222.8,Synthetic
8033,2025-10-31,HUT (URAN),Heera-Uran Complex,41.7,Estimated,16.3,Yes,218.8,Synthetic
8045,2025-11-01,HUT (URAN),Heera-Uran Complex,40.9,Estimated,16.3,Yes,200.2,Synthetic
8057,2025-11-02,HUT (URAN),Heera-Uran Complex,42.4,Estimated,16.3,Yes,225.9,Synthetic
8069,2025-11-03,HUT (URAN),Heera-Uran Complex,43.1,Estimated,16.3,Yes,213.4,Synthetic
8081,2025-11-04,HUT (URAN),Heera-Uran Complex,42.0,Estimated,16.3,Yes,207.9,Synthetic
8093,2025-11-05,HUT (URAN),Heera-Uran Complex,42.8,Estimated,16.3,Yes,212.3,Synthetic
8105,2025-11-06,HUT (URAN),Heera-Uran Complex,42.9,Estimated,16.3,Yes,212.0,Synthetic
8117,2025-11-07,HUT (URAN),Heera-Uran Complex,44.5,Estimated,16.3,Yes,204.0,Synthetic
8129,2025-11-08,HUT (URAN),Heera-Uran Complex,45.6,Estimated,16.3,Yes,207.4,Synthetic
8141,2025-11-09,HUT (URAN),Heera-Uran Complex,46.6,Estimated,16.3,Yes,200.6,Synthetic
8153,2025-11-10,HUT (URAN),Heera-Uran Complex,46.3,Estimated,16.3,Yes,202.0,Synthetic
8165,2025-11-11,HUT (URAN),Heera-Uran Complex,47.7,Estimated,16.3,Yes,197.9,Synthetic
8177,2025-11-12,HUT (URAN),Heera-Uran Complex,46.5,Estimated,16.3,Yes,194.9,Synthetic
8189,2025-11-13,HUT (URAN),Heera-Uran Complex,46.8,Estimated,16.3,Yes,203.7,Synthetic
8201,2025-11-14,HUT (URAN),Heera-Uran Complex,48.3,Estimated,16.3,Yes,203.8,Synthetic
8213,2025-11-15,HUT (URAN),Heera-Uran Complex,49.1,Estimated,16.3,Yes,201.9,Synthetic
8225,2025-11-16,HUT (URAN),Heera-Uran Complex,49.4,Estimated,16.3,Yes,202.9,Synthetic
8237,2025-11-17,HUT (URAN),Heera-Uran Complex,48.7,Estimated,16.3,Yes,200.8,Synthetic
8249,2025-11-18,HUT (URAN),Heera-Uran Complex,50.4,Estimated,16.3,Yes,192.9,Synthetic
8261,2025-11-19,HUT (URAN),Heera-Uran Complex,50.2,Estimated,16.3,Yes,200.9,Synthetic
8273,2025-11-20,HUT (URAN),Heera-Uran Complex,51.9,Estimated,16.3,Yes,185.3,Synthetic
8285,2025-11-21,HUT (URAN),Heera-Uran Complex,52.2,Estimated,16.3,Yes,187.3,Synthetic
8297,2025-11-22,HUT (URAN),Heera-Uran Complex,51.9,Estimated,16.3,Yes,187.0,Synthetic
8309,2025-11-23,HUT (URAN),Heera-Uran Complex,52.7,Estimated,16.3,Yes,197.3,Synthetic
8321,2025-11-24,HUT (URAN),Heera-Uran Complex,52.8,Estimated,16.3,Yes,196.1,Synthetic
8333,2025-11-25,HUT (URAN),Heera-Uran Complex,53.9,Estimated,16.3,Yes,191.6,Synthetic
8345,2025-11-26,HUT (URAN),Heera-Uran Complex,55.0,Estimated,16.3,Yes,192.9,Synthetic
8357,2025-11-27,HUT (URAN),Heera-Uran Complex,54.3,Estimated,16.3,Yes,182.7,Synthetic
8369,2025-11-28,HUT (URAN),Heera-Uran Complex,55.7,Estimated,16.3,Yes,187.3,Synthetic
8381,2025-11-29,HUT (URAN),Heera-Uran Complex,55.5,Estimated,16.3,Yes,184.7,Synthetic
8393,2025-11-30,HUT (URAN),Heera-Uran Complex,55.8,Estimated,16.3,Yes,189.3,Synthetic
8405,2025-12-01,HUT (URAN),Heera-Uran Complex,56.7,Estimated,16.3,Yes,182.4,Synthetic
8417,2025-12-02,HUT (URAN),Heera-Uran Complex,56.6,Estimated,16.3,Yes,180.8,Synthetic
8429,2025-12-03,HUT (URAN),Heera-Uran Complex,57.3,Estimated,16.3,Yes,184.6,Synthetic
8441,2025-12-04,HUT (URAN),Heera-Uran Complex,57.3,Estimated,16.3,Yes,186.1,Synthetic
8453,2025-12-05,HUT (URAN),Heera-Uran Complex,59.7,Estimated,16.3,Yes,174.0,Synthetic
8465,2025-12-06,HUT (URAN),Heera-Uran Complex,58.9,Estimated,16.3,Yes,178.2,Synthetic
8477,2025-12-07,HUT (URAN),Heera-Uran Complex,58.9,Estimated,16.3,Yes,172.6,Synthetic
8489,2025-12-08,HUT (URAN),Heera-Uran Complex,59.8,Estimated,16.3,Yes,163.4,Synthetic
8501,2025-12-09,HUT (URAN),Heera-Uran Complex,60.0,Estimated,16.3,Yes,177.2,Synthetic
8513,2025-12-10,HUT (URAN),Heera-Uran Complex,60.4,Estimated,16.3,Yes,178.5,Synthetic
8525,2025-12-11,HUT (URAN),Heera-Uran Complex,61.2,Estimated,16.3,Yes,175.2,Synthetic
8537,2025-12-12,HUT (URAN),Heera-Uran Complex,61.7,Estimated,16.3,Yes,162.8,Synthetic
8549,2025-12-13,HUT (URAN),Heera-Uran Complex,61.3,Estimated,16.3,Yes,171.4,Synthetic
8561,2025-12-14,HUT (URAN),Heera-Uran Complex,61.6,Estimated,16.3,Yes,161.1,Synthetic
8573,2025-12-15,HUT (URAN),Heera-Uran Complex,62.1,Estimated,16.3,Yes,178.6,Synthetic
8585,2025-12-16,HUT (URAN),Heera-Uran Complex,61.3,Estimated,16.3,Yes,166.8,Synthetic
8597,2025-12-17,HUT (URAN),Heera-Uran Complex,62.1,Estimated,16.3,Yes,177.5,Synthetic
8609,2025-12-18,HUT (URAN),Heera-Uran Complex,64.1,Estimated,16.3,Yes,172.7,Synthetic
8621,2025-12-19,HUT (URAN),Heera-Uran Complex,64.6,Estimated,16.3,Yes,162.5,Synthetic
8633,2025-12-20,HUT (URAN),Heera-Uran Complex,63.8,Estimated,16.3,Yes,162.2,Synthetic
8645,2025-12-21,HUT (URAN),Heera-Uran Complex,64.6,Estimated,16.3,Yes,168.3,Synthetic
8657,2025-12-22,HUT (URAN),Heera-Uran Complex,64.7,Estimated,16.3,Yes,161.9,Synthetic
8669,2025-12-23,HUT (URAN),Heera-Uran Complex,66.7,Estimated,16.3,Yes,163.5,Synthetic
8681,2025-12-24,HUT (URAN),Heera-Uran Complex,65.8,Estimated,16.3,Yes,161.7,Synthetic
8693,2025-12-25,HUT (URAN),Heera-Uran Complex,65.3,Estimated,16.3,Yes,155.7,Synthetic
8705,2025-12-26,HUT (URAN),Heera-Uran Complex,65.1,Estimated,16.3,Yes,153.6,Synthetic
8717,2025-12-27,HUT (URAN),Heera-Uran Complex,65.0,Estimated,16.3,Yes,165.6,Synthetic
8729,2025-12-28,HUT (URAN),Heera-Uran Complex,66.3,Estimated,16.3,Yes,159.7,Synthetic
8741,2025-12-29,HUT (URAN),Heera-Uran Complex,66.0,Estimated,16.3,Yes,159.9,Synthetic
8753,2025-12-30,HUT (URAN),Heera-Uran Complex,65.8,Estimated,16.3,Yes,166.0,Synthetic
8765,2025-12-31,HUT (URAN),Heera-Uran Complex,66.5,Estimated,16.3,Yes,167.1,Synthetic
8777,2026-01-01,HUT (URAN),Heera-Uran Complex,66.5,Estimated,16.3,Yes,159.8,Synthetic
8789,2026-01-02,HUT (URAN),Heera-Uran Complex,68.4,Estimated,16.3,Yes,156.7,Synthetic
8801,2026-01-03,HUT (URAN),Heera-Uran Complex,68.1,Estimated,16.3,Yes,160.8,Synthetic
8813,2026-01-04,HUT (URAN),Heera-Uran Complex,67.8,Estimated,16.3,Yes,152.2,Synthetic
8825,2026-01-05,HUT (URAN),Heera-Uran Complex,68.9,Estimated,16.3,Yes,157.9,Synthetic
8837,2026-01-06,HUT (URAN),Heera-Uran Complex,68.2,Estimated,16.3,Yes,160.2,Synthetic
8849,2026-01-07,HUT (URAN),Heera-Uran Complex,67.8,Estimated,16.3,Yes,161.2,Synthetic
8861,2026-01-08,HUT (URAN),Heera-Uran Complex,69.5,Estimated,16.3,Yes,146.3,Synthetic
8873,2026-01-09,HUT (URAN),Heera-Uran Complex,69.0,Estimated,16.3,Yes,152.3,Synthetic
8885,2026-01-10,HUT (URAN),Heera-Uran Complex,68.3,Estimated,16.3,Yes,152.4,Synthetic
8897,2026-01-11,HUT (URAN),Heera-Uran Complex,69.0,Estimated,16.3,Yes,155.8,Synthetic
8909,2026-01-12,HUT (URAN),Heera-Uran Complex,68.7,Estimated,16.3,Yes,157.8,Synthetic
8921,2026-01-13,HUT (URAN),Heera-Uran Complex,68.6,Estimated,16.3,Yes,162.4,Synthetic
8933,2026-01-14,HUT (URAN),Heera-Uran Complex,70.1,Estimated,16.3,Yes,150.9,Synthetic
8945,2026-01-15,HUT (URAN),Heera-Uran Complex,70.8,Estimated,16.3,Yes,149.7,Synthetic
8957,2026-01-16,HUT (URAN),Heera-Uran Complex,69.0,Estimated,16.3,Yes,159.5,Synthetic
8969,2026-01-17,HUT (URAN),Heera-Uran Complex,70.3,Estimated,16.3,Yes,153.6,Synthetic
8981,2026-01-18,HUT (URAN),Heera-Uran Complex,69.7,Estimated,16.3,Yes,158.6,Synthetic
8993,2026-01-19,HUT (URAN),Heera-Uran Complex,70.0,Estimated,16.3,Yes,153.5,Synthetic
9005,2026-01-20,HUT (URAN),Heera-Uran Complex,70.0,Estimated,16.3,Yes,146.7,Synthetic
9017,2026-01-21,HUT (URAN),Heera-Uran Complex,70.0,Estimated,16.3,Yes,145.7,Synthetic
9029,2026-01-22,HUT (URAN),Heera-Uran Complex,70.7,Estimated,16.3,Yes,143.5,Synthetic
9041,2026-01-23,HUT (URAN),Heera-Uran Complex,70.2,Estimated,16.3,Yes,154.0,Synthetic
9053,2026-01-24,HUT (URAN),Heera-Uran Complex,71.0,Estimated,16.3,Yes,155.0,Synthetic
9065,2026-01-25,HUT (URAN),Heera-Uran Complex,70.9,Estimated,16.3,Yes,157.9,Synthetic
9077,2026-01-26,HUT (URAN),Heera-Uran Complex,70.9,Estimated,16.3,Yes,153.2,Synthetic
9089,2026-01-27,HUT (URAN),Heera-Uran Complex,70.6,Estimated,16.3,Yes,154.8,Synthetic
9101,2026-01-28,HUT (URAN),Heera-Uran Complex,70.9,Estimated,16.3,Yes,146.4,Synthetic
9113,2026-01-29,HUT (URAN),Heera-Uran Complex,71.8,Estimated,16.3,Yes,142.4,Synthetic
9125,2026-01-30,HUT (URAN),Heera-Uran Complex,71.8,Estimated,16.3,Yes,151.1,Synthetic
9137,2026-01-31,HUT (URAN),Heera-Uran Complex,71.0,Estimated,16.3,Yes,150.0,Synthetic
9149,2026-02-01,HUT (URAN),Heera-Uran Complex,71.7,Estimated,16.3,Yes,147.5,Synthetic
9161,2026-02-02,HUT (URAN),Heera-Uran Complex,72.2,Estimated,16.3,Yes,147.8,Synthetic
9173,2026-02-03,HUT (URAN),Heera-Uran Complex,70.8,Estimated,16.3,Yes,149.2,Synthetic
9185,2026-02-04,HUT (URAN),Heera-Uran Complex,72.2,Estimated,16.3,Yes,151.3,Synthetic
9197,2026-02-05,HUT (URAN),Heera-Uran Complex,71.5,Estimated,16.3,Yes,152.1,Synthetic
9209,2026-02-06,HUT (URAN),Heera-Uran Complex,72.4,Estimated,16.3,Yes,147.4,Synthetic
9221,2026-02-07,HUT (URAN),Heera-Uran Complex,71.6,Estimated,16.3,Yes,149.5,Synthetic
9233,2026-02-08,HUT (URAN),Heera-Uran Complex,71.1,Estimated,16.3,Yes,148.5,Synthetic
9245,2026-02-09,HUT (URAN),Heera-Uran Complex,71.2,Estimated,16.3,Yes,143.9,Synthetic
9257,2026-02-10,HUT (URAN),Heera-Uran Complex,72.3,Estimated,16.3,Yes,147.6,Synthetic
9269,2026-02-11,HUT (URAN),Heera-Uran Complex,72.5,Estimated,16.3,Yes,137.8,Synthetic
9281,2026-02-12,HUT (URAN),Heera-Uran Complex,71.9,Estimated,16.3,Yes,148.9,Synthetic
9293,2026-02-13,HUT (URAN),Heera-Uran Complex,72.8,Estimated,16.3,Yes,137.9,Synthetic
9305,2026-02-14,HUT (URAN),Heera-Uran Complex,71.5,Estimated,16.3,Yes,145.7,Synthetic
9317,2026-02-15,HUT (URAN),Heera-Uran Complex,72.5,Estimated,16.3,Yes,139.3,Synthetic
9329,2026-02-16,HUT (URAN),Heera-Uran Complex,71.9,Estimated,16.3,Yes,145.9,Synthetic
9341,2026-02-17,HUT (URAN),Heera-Uran Complex,72.3,Estimated,16.3,Yes,142.6,Synthetic
9353,2026-02-18,HUT (URAN),Heera-Uran Complex,72.7,Estimated,16.3,Yes,135.3,Synthetic
9365,2026-02-19,HUT (URAN),Heera-Uran Complex,72.2,Estimated,16.3,Yes,144.3,Synthetic
9377,2026-02-20,HUT (URAN),Heera-Uran Complex,72.6,Estimated,16.3,Yes,139.3,Synthetic
9389,2026-02-21,HUT (URAN),Heera-Uran Complex,73.4,Estimated,16.3,Yes,144.2,Synthetic
9401,2026-02-22,HUT (URAN),Heera-Uran Complex,72.5,Estimated,16.3,Yes,141.5,Synthetic
9413,2026-02-23,HUT (URAN),Heera-Uran Complex,73.4,Estimated,16.3,Yes,141.8,Synthetic
9425,2026-02-24,HUT (URAN),Heera-Uran Complex,72.3,Estimated,16.3,Yes,137.3,Synthetic
6,2024-01-01,ICP,Mumbai High Complex,4.2,Actual,4.2,No,2905.1,Synthetic
18,2024-01-02,ICP,Mumbai High Complex,4.5,Actual,4.5,No,2909.4,Synthetic
30,2024-01-03,ICP,Mumbai High Complex,4.2,Actual,4.2,No,3028.5,Synthetic
42,2024-01-04,ICP,Mumbai High Complex,5.0,Actual,5.0,No,3084.7,Synthetic
54,2024-01-05,ICP,Mumbai High Complex,4.5,Actual,4.5,No,2871.7,Synthetic
66,2024-01-06,ICP,Mumbai High Complex,5.0,Actual,5.0,No,3026.8,Synthetic
78,2024-01-07,ICP,Mumbai High Complex,4.5,Actual,4.5,No,2746.7,Synthetic
90,2024-01-08,ICP,Mumbai High Complex,4.6,Actual,4.6,No,2828.8,Synthetic
102,2024-01-09,ICP,Mumbai High Complex,4.2,Actual,4.2,No,2853.6,Synthetic
114,2024-01-10,ICP,Mumbai High Complex,4.5,Actual,4.5,No,2811.9,Synthetic
126,2024-01-11,ICP,Mumbai High Complex,5.0,Actual,5.0,No,2781.4,Synthetic
138,2024-01-12,ICP,Mumbai High Complex,6.4,Actual,6.4,No,2930.5,Synthetic
150,2024-01-13,ICP,Mumbai High Complex,4.4,Actual,4.4,No,2906.5,Synthetic
162,2024-01-14,ICP,Mumbai High Complex,4.7,Actual,4.7,No,2951.1,Synthetic
174,2024-01-15,ICP,Mumbai High Complex,4.6,Actual,4.6,No,2977.6,Synthetic
186,2024-01-16,ICP,Mumbai High Complex,5.0,Actual,5.0,No,2931.4,Synthetic
198,2024-01-17,ICP,Mumbai High Complex,5.1,Actual,5.1,No,2961.5,Synthetic
210,2024-01-18,ICP,Mumbai High Complex,4.5,Actual,4.5,No,2905.6,Synthetic
222,2024-01-19,ICP,Mumbai High Complex,4.6,Actual,4.6,No,2804.1,Synthetic
234,2024-01-20,ICP,Mumbai High Complex,4.5,Actual,4.5,No,2999.2,Synthetic
246,2024-01-21,ICP,Mumbai High Complex,4.6,Actual,4.6,No,2851.6,Synthetic
258,2024-01-22,ICP,Mumbai High Complex,4.8,Actual,4.8,No,2815.9,Synthetic
270,2024-01-23,ICP,Mumbai High Complex,4.8,Actual,4.8,No,2879.4,Synthetic
282,2024-01-24,ICP,Mumbai High Complex,5.1,Actual,5.1,No,2808.6,Synthetic
294,2024-01-25,ICP,Mumbai High Complex,5.0,Actual,5.0,No,2850.7,Synthetic
306,2024-01-26,ICP,Mumbai High Complex,5.0,Actual,5.0,No,2914.3,Synthetic
318,2024-01-27,ICP,Mumbai High Complex,5.1,Actual,5.1,No,2910.7,Synthetic
330,2024-01-28,ICP,Mumbai High Complex,5.2,Actual,5.2,No,2799.1,Synthetic
342,2024-01-29,ICP,Mumbai High Complex,6.0,Actual,6.0,No,2819.3,Synthetic
354,2024-01-30,ICP,Mumbai High Complex,5.9,Actual,5.9,No,2952.7,Synthetic
366,2024-01-31,ICP,Mumbai High Complex,5.6,Actual,5.6,No,2905.7,Synthetic
378,2024-02-01,ICP,Mumbai High Complex,5.0,Actual,5.0,No,3049.1,Synthetic
390,2024-02-02,ICP,Mumbai High Complex,7.0,Actual,7.0,No,2936.0,Synthetic
402,2024-02-03,ICP,Mumbai High Complex,5.0,Actual,5.0,No,2964.1,Synthetic
414,2024-02-04,ICP,Mumbai High Complex,6.0,Actual,6.0,No,2728.7,Synthetic
426,2024-02-05,ICP,Mumbai High Complex,6.0,Actual,6.0,No,2910.1,Synthetic
438,2024-02-06,ICP,Mumbai High Complex,5.0,Actual,5.0,No,2854.2,Synthetic
450,2024-02-07,ICP,Mumbai High Complex,5.5,Actual,5.5,No,2801.2,Synthetic
462,2024-02-08,ICP,Mumbai High Complex,5.0,Actual,5.0,No,2868.4,Synthetic
474,2024-02-09,ICP,Mumbai High Complex,5.0,Actual,5.0,No,2932.6,Synthetic
486,2024-02-10,ICP,Mumbai High Complex,6.0,Actual,6.0,No,2875.8,Synthetic
498,2024-02-11,ICP,Mumbai High Complex,5.7,Actual,5.7,No,2761.1,Synthetic
510,2024-02-12,ICP,Mumbai High Complex,6.5,Actual,6.5,No,2883.4,Synthetic
522,2024-02-13,ICP,Mumbai High Complex,5.4,Actual,5.4,No,2781.7,Synthetic
534,2024-02-14,ICP,Mumbai High Complex,5.4,Actual,5.4,No,2852.1,Synthetic
546,2024-02-15,ICP,Mumbai High Complex,5.0,Actual,5.0,No,2811.9,Synthetic
558,2024-02-16,ICP,Mumbai High Complex,5.6,Actual,5.6,No,2807.3,Synthetic
570,2024-02-17,ICP,Mumbai High Complex,5.0,Actual,5.0,No,2898.3,Synthetic
582,2024-02-18,ICP,Mumbai High Complex,5.6,Actual,5.6,No,2733.2,Synthetic
594,2024-02-19,ICP,Mumbai High Complex,5.5,Actual,5.5,No,2985.1,Synthetic
606,2024-02-20,ICP,Mumbai High Complex,7.0,Actual,7.0,No,2641.6,Synthetic
618,2024-02-21,ICP,Mumbai High Complex,5.2,Actual,5.2,No,2770.1,Synthetic
630,2024-02-22,ICP,Mumbai High Complex,6.6,Actual,6.6,No,2827.1,Synthetic
642,2024-02-23,ICP,Mumbai High Complex,5.4,Actual,5.4,No,2862.2,Synthetic
654,2024-02-24,ICP,Mumbai High Complex,5.5,Actual,5.5,No,2800.5,Synthetic
666,2024-02-25,ICP,Mumbai High Complex,5.0,Actual,5.0,No,2809.8,Synthetic
678,2024-02-26,ICP,Mumbai High Complex,5.7,Actual,5.7,No,2835.7,Synthetic
690,2024-02-27,ICP,Mumbai High Complex,5.1,Actual,5.1,No,2789.0,Synthetic
702,2024-02-28,ICP,Mumbai High Complex,5.2,Actual,5.2,No,2921.8,Synthetic
714,2024-02-29,ICP,Mumbai High Complex,5.4,Actual,5.4,No,2869.6,Synthetic
726,2024-03-01,ICP,Mumbai High Complex,5.3,Actual,5.3,No,2871.7,Synthetic
738,2024-03-02,ICP,Mumbai High Complex,5.5,Actual,5.5,No,2712.0,Synthetic
750,2024-03-03,ICP,Mumbai High Complex,8.0,Actual,8.0,No,2744.6,Synthetic
762,2024-03-04,ICP,Mumbai High Complex,5.4,Actual,5.4,No,2764.8,Synthetic
774,2024-03-05,ICP,Mumbai High Complex,6.1,Actual,6.1,No,2692.9,Synthetic
786,2024-03-06,ICP,Mumbai High Complex,5.5,Actual,5.5,No,2813.9,Synthetic
798,2024-03-07,ICP,Mumbai High Complex,5.8,Actual,5.8,No,2732.1,Synthetic
810,2024-03-08,ICP,Mumbai High Complex,5.6,Actual,5.6,No,2832.3,Synthetic
822,2024-03-09,ICP,Mumbai High Complex,7.0,Actual,7.0,No,2665.0,Synthetic
834,2024-03-10,ICP,Mumbai High Complex,5.7,Actual,5.7,No,2914.6,Synthetic
846,2024-03-11,ICP,Mumbai High Complex,5.7,Actual,5.7,No,2694.9,Synthetic
858,2024-03-12,ICP,Mumbai High Complex,6.3,Actual,6.3,No,2775.8,Synthetic
870,2024-03-13,ICP,Mumbai High Complex,5.9,Actual,5.9,No,2827.3,Synthetic
882,2024-03-14,ICP,Mumbai High Complex,5.7,Actual,5.7,No,2715.3,Synthetic
894,2024-03-15,ICP,Mumbai High Complex,5.7,Actual,5.7,No,2830.9,Synthetic
906,2024-03-16,ICP,Mumbai High Complex,7.1,Actual,7.1,No,2635.2,Synthetic
918,2024-03-17,ICP,Mumbai High Complex,7.1,Actual,7.1,No,2853.0,Synthetic
930,2024-03-18,ICP,Mumbai High Complex,5.4,Actual,5.4,No,2759.4,Synthetic
942,2024-03-19,ICP,Mumbai High Complex,5.1,Actual,5.1,No,2711.3,Synthetic
954,2024-03-20,ICP,Mumbai High Complex,5.0,Actual,5.0,No,2735.2,Synthetic
966,2024-03-21,ICP,Mumbai High Complex,4.8,Actual,4.8,No,2827.8,Synthetic
978,2024-03-22,ICP,Mumbai High Complex,5.5,Actual,5.5,No,2699.5,Synthetic
990,2024-03-23,ICP,Mumbai High Complex,5.2,Actual,5.2,No,2688.3,Synthetic
1002,2024-03-24,ICP,Mumbai High Complex,5.7,Actual,5.7,No,2721.9,Synthetic
1014,2024-03-25,ICP,Mumbai High Complex,5.8,Actual,5.8,No,2639.7,Synthetic
1026,2024-03-26,ICP,Mumbai High Complex,6.8,Actual,6.8,No,2867.0,Synthetic
1038,2024-03-27,ICP,Mumbai High Complex,5.9,Actual,5.9,No,2683.9,Synthetic
1050,2024-03-28,ICP,Mumbai High Complex,6.5,Actual,6.5,No,2786.6,Synthetic
1062,2024-03-29,ICP,Mumbai High Complex,5.7,Actual,5.7,No,2746.0,Synthetic
1074,2024-03-30,ICP,Mumbai High Complex,6.4,Actual,6.4,No,2635.6,Synthetic
1086,2024-03-31,ICP,Mumbai High Complex,5.9,Actual,5.9,No,2720.9,Synthetic
1098,2024-04-01,ICP,Mumbai High Complex,6.8,Actual,6.8,No,2768.8,Synthetic
1110,2024-04-02,ICP,Mumbai High Complex,5.9,Actual,5.9,No,2701.6,Synthetic
1122,2024-04-03,ICP,Mumbai High Complex,6.1,Actual,6.1,No,2808.7,Synthetic
1134,2024-04-04,ICP,Mumbai High Complex,6.0,Actual,6.0,No,2794.0,Synthetic
1146,2024-04-05,ICP,Mumbai High Complex,7.3,Actual,7.3,No,2762.8,Synthetic
1158,2024-04-06,ICP,Mumbai High Complex,8.1,Actual,8.1,No,2637.3,Synthetic
1170,2024-04-07,ICP,Mumbai High Complex,5.5,Actual,5.5,No,2624.1,Synthetic
1182,2024-04-08,ICP,Mumbai High Complex,5.6,Actual,5.6,No,2658.4,Synthetic
1194,2024-04-09,ICP,Mumbai High Complex,6.2,Actual,6.2,No,2712.7,Synthetic
1206,2024-04-10,ICP,Mumbai High Complex,5.8,Actual,5.8,No,2744.9,Synthetic
1218,2024-04-11,ICP,Mumbai High Complex,6.2,Actual,6.2,No,2517.0,Synthetic
1230,2024-04-12,ICP,Mumbai High Complex,5.9,Actual,5.9,No,2694.1,Synthetic
1242,2024-04-13,ICP,Mumbai High Complex,6.2,Actual,6.2,No,2700.7,Synthetic
1254,2024-04-14,ICP,Mumbai High Complex,6.0,Actual,6.0,No,2666.5,Synthetic
1266,2024-04-15,ICP,Mumbai High Complex,6.0,Actual,6.0,No,2790.7,Synthetic
1278,2024-04-16,ICP,Mumbai High Complex,6.5,Actual,6.5,No,2710.7,Synthetic
1290,2024-04-17,ICP,Mumbai High Complex,6.1,Actual,6.1,No,2786.1,Synthetic
1302,2024-04-18,ICP,Mumbai High Complex,6.0,Actual,6.0,No,2662.7,Synthetic
1314,2024-04-19,ICP,Mumbai High Complex,5.9,Actual,5.9,No,2754.8,Synthetic
1326,2024-04-20,ICP,Mumbai High Complex,5.8,Actual,5.8,No,2810.1,Synthetic
1338,2024-04-21,ICP,Mumbai High Complex,5.7,Actual,5.7,No,2783.5,Synthetic
1350,2024-04-22,ICP,Mumbai High Complex,5.6,Actual,5.6,No,2589.7,Synthetic
1362,2024-04-23,ICP,Mumbai High Complex,5.9,Actual,5.9,No,2650.3,Synthetic
1374,2024-04-24,ICP,Mumbai High Complex,7.0,Actual,7.0,No,2624.3,Synthetic
1386,2024-04-25,ICP,Mumbai High Complex,6.0,Actual,6.0,No,2703.9,Synthetic
1398,2024-04-26,ICP,Mumbai High Complex,5.5,Actual,5.5,No,2725.2,Synthetic
1410,2024-04-27,ICP,Mumbai High Complex,5.3,Actual,5.3,No,2603.8,Synthetic
1422,2024-04-28,ICP,Mumbai High Complex,5.1,Actual,5.1,No,2677.3,Synthetic
1434,2024-04-29,ICP,Mumbai High Complex,5.7,Actual,5.7,No,2499.4,Synthetic
1446,2024-04-30,ICP,Mumbai High Complex,6.0,Actual,6.0,No,2768.7,Synthetic
1458,2024-05-01,ICP,Mumbai High Complex,6.1,Actual,6.1,No,2609.5,Synthetic
1470,2024-05-02,ICP,Mumbai High Complex,5.7,Actual,5.7,No,2658.5,Synthetic
1482,2024-05-03,ICP,Mumbai High Complex,5.7,Actual,5.7,No,2627.3,Synthetic
1494,2024-05-04,ICP,Mumbai High Complex,5.5,Actual,5.5,No,2744.0,Synthetic
1506,2024-05-05,ICP,Mumbai High Complex,5.5,Actual,5.5,No,2425.0,Synthetic
1518,2024-05-06,ICP,Mumbai High Complex,6.8,Actual,6.8,No,2627.6,Synthetic
1530,2024-05-07,ICP,Mumbai High Complex,6.7,Actual,6.7,No,2619.9,Synthetic
1542,2024-05-08,ICP,Mumbai High Complex,9.0,Actual,9.0,No,2556.4,Synthetic
1554,2024-05-09,ICP,Mumbai High Complex,9.6,Actual,9.6,No,2714.2,Synthetic
1566,2024-05-10,ICP,Mumbai High Complex,9.0,Actual,9.0,No,2518.5,Synthetic
1578,2024-05-11,ICP,Mumbai High Complex,8.5,Actual,8.5,No,2652.8,Synthetic
1590,2024-05-12,ICP,Mumbai High Complex,8.1,Actual,8.1,No,2624.4,Synthetic
1602,2024-05-13,ICP,Mumbai High Complex,8.6,Actual,8.6,No,2684.9,Synthetic
1614,2024-05-14,ICP,Mumbai High Complex,7.1,Actual,7.1,No,2555.1,Synthetic
1626,2024-05-15,ICP,Mumbai High Complex,5.5,Actual,5.5,No,2571.2,Synthetic
1638,2024-05-16,ICP,Mumbai High Complex,6.5,Actual,6.5,No,2697.9,Synthetic
1650,2024-05-17,ICP,Mumbai High Complex,6.7,Actual,6.7,No,2640.1,Synthetic
1662,2024-05-18,ICP,Mumbai High Complex,5.9,Actual,5.9,No,2495.4,Synthetic
1674,2024-05-19,ICP,Mumbai High Complex,7.5,Actual,7.5,No,2548.8,Synthetic
1686,2024-05-20,ICP,Mumbai High Complex,6.0,Actual,6.0,No,2641.1,Synthetic
1698,2024-05-21,ICP,Mumbai High Complex,6.6,Actual,6.6,No,2665.2,Synthetic
1710,2024-05-22,ICP,Mumbai High Complex,8.2,Actual,8.2,No,2521.5,Synthetic
1722,2024-05-23,ICP,Mumbai High Complex,5.7,Actual,5.7,No,2380.8,Synthetic
1734,2024-05-24,ICP,Mumbai High Complex,4.9,Actual,4.9,No,2659.7,Synthetic
1746,2024-05-25,ICP,Mumbai High Complex,6.8,Actual,6.8,No,2493.6,Synthetic
1758,2024-05-26,ICP,Mumbai High Complex,5.9,Actual,5.9,No,2442.2,Synthetic
1770,2024-05-27,ICP,Mumbai High Complex,5.7,Actual,5.7,No,2379.4,Synthetic
1782,2024-05-28,ICP,Mumbai High Complex,5.9,Actual,5.9,No,2658.7,Synthetic
1794,2024-05-29,ICP,Mumbai High Complex,5.9,Actual,5.9,No,2603.2,Synthetic
1806,2024-05-30,ICP,Mumbai High Complex,7.6,Actual,7.6,No,2548.7,Synthetic
1818,2024-05-31,ICP,Mumbai High Complex,5.3,Actual,5.3,No,2706.1,Synthetic
1830,2024-06-01,ICP,Mumbai High Complex,5.6,Actual,5.6,No,2640.8,Synthetic
1842,2024-06-02,ICP,Mumbai High Complex,5.9,Actual,5.9,No,2710.1,Synthetic
1854,2024-06-03,ICP,Mumbai High Complex,6.1,Actual,6.1,No,2471.9,Synthetic
1866,2024-06-04,ICP,Mumbai High Complex,6.0,Actual,6.0,No,2576.4,Synthetic
1878,2024-06-05,ICP,Mumbai High Complex,5.8,Actual,5.8,No,2454.8,Synthetic
1890,2024-06-06,ICP,Mumbai High Complex,6.3,Actual,6.3,No,2552.8,Synthetic
1902,2024-06-07,ICP,Mumbai High Complex,7.8,Actual,7.8,No,2527.4,Synthetic
1914,2024-06-08,ICP,Mumbai High Complex,8.7,Actual,8.7,No,2578.7,Synthetic
1926,2024-06-09,ICP,Mumbai High Complex,5.2,Actual,5.2,No,2583.7,Synthetic
1938,2024-06-10,ICP,Mumbai High Complex,7.4,Actual,7.4,No,2593.6,Synthetic
1950,2024-06-11,ICP,Mumbai High Complex,5.8,Actual,5.8,No,2621.4,Synthetic
1962,2024-06-12,ICP,Mumbai High Complex,6.2,Actual,6.2,No,2724.8,Synthetic
1974,2024-06-13,ICP,Mumbai High Complex,5.9,Actual,5.9,No,2537.4,Synthetic
1986,2024-06-14,ICP,Mumbai High Complex,5.0,Actual,5.0,No,2500.0,Synthetic
1998,2024-06-15,ICP,Mumbai High Complex,6.8,Actual,6.8,No,2563.1,Synthetic
2010,2024-06-16,ICP,Mumbai High Complex,6.0,Actual,6.0,No,2492.4,Synthetic
2022,2024-06-17,ICP,Mumbai High Complex,7.2,Actual,7.2,No,2647.0,Synthetic
2034,2024-06-18,ICP,Mumbai High Complex,7.7,Actual,7.7,No,2503.6,Synthetic
2046,2024-06-19,ICP,Mumbai High Complex,7.7,Actual,7.7,No,2480.2,Synthetic
2058,2024-06-20,ICP,Mumbai High Complex,7.6,Actual,7.6,No,2486.7,Synthetic
2070,2024-06-21,ICP,Mumbai High Complex,6.6,Actual,6.6,No,2589.4,Synthetic
2082,2024-06-22,ICP,Mumbai High Complex,5.9,Actual,5.9,No,2530.8,Synthetic
2094,2024-06-23,ICP,Mumbai High Complex,6.7,Actual,6.7,No,2480.5,Synthetic
2106,2024-06-24,ICP,Mumbai High Complex,6.5,Actual,6.5,No,2656.4,Synthetic
2118,2024-06-25,ICP,Mumbai High Complex,7.0,Actual,7.0,No,2456.0,Synthetic
2130,2024-06-26,ICP,Mumbai High Complex,7.0,Actual,7.0,No,2521.4,Synthetic
2142,2024-06-27,ICP,Mumbai High Complex,9.8,Actual,9.8,No,2524.8,Synthetic
2154,2024-06-28,ICP,Mumbai High Complex,13.3,Actual,13.3,No,2305.3,Synthetic
2166,2024-06-29,ICP,Mumbai High Complex,22.6,Actual,22.6,No,2321.3,Synthetic
2178,2024-06-30,ICP,Mumbai High Complex,22.6,Actual,22.6,No,2214.1,Synthetic
2190,2024-07-01,ICP,Mumbai High Complex,22.6,Actual,22.6,No,2341.0,Synthetic
2202,2024-07-02,ICP,Mumbai High Complex,16.1,Actual,16.1,No,2307.3,Synthetic
2214,2024-07-03,ICP,Mumbai High Complex,6.1,Actual,6.1,No,2569.5,Synthetic
2226,2024-07-04,ICP,Mumbai High Complex,6.1,Actual,6.1,No,2598.6,Synthetic
2238,2024-07-05,ICP,Mumbai High Complex,6.7,Actual,6.7,No,2569.2,Synthetic
2250,2024-07-06,ICP,Mumbai High Complex,6.9,Actual,6.9,No,2518.4,Synthetic
2262,2024-07-07,ICP,Mumbai High Complex,6.6,Actual,6.6,No,2484.5,Synthetic
2274,2024-07-08,ICP,Mumbai High Complex,6.6,Actual,6.6,No,2456.6,Synthetic
2286,2024-07-09,ICP,Mumbai High Complex,8.0,Actual,8.0,No,2587.1,Synthetic
2298,2024-07-10,ICP,Mumbai High Complex,6.2,Actual,6.2,No,2448.9,Synthetic
2310,2024-07-11,ICP,Mumbai High Complex,6.2,Actual,6.2,No,2421.6,Synthetic
2322,2024-07-12,ICP,Mumbai High Complex,5.6,Actual,5.6,No,2555.9,Synthetic
2334,2024-07-13,ICP,Mumbai High Complex,6.4,Actual,6.4,No,2432.9,Synthetic
2346,2024-07-14,ICP,Mumbai High Complex,5.3,Actual,5.3,No,2434.6,Synthetic
2358,2024-07-15,ICP,Mumbai High Complex,5.3,Actual,5.3,No,2395.5,Synthetic
2370,2024-07-16,ICP,Mumbai High Complex,5.9,Actual,5.9,No,2457.3,Synthetic
2382,2024-07-17,ICP,Mumbai High Complex,5.7,Actual,5.7,No,2488.0,Synthetic
2394,2024-07-18,ICP,Mumbai High Complex,5.6,Actual,5.6,No,2511.8,Synthetic
2406,2024-07-19,ICP,Mumbai High Complex,5.9,Actual,5.9,No,2558.3,Synthetic
2418,2024-07-20,ICP,Mumbai High Complex,5.9,Actual,5.9,No,2524.6,Synthetic
2430,2024-07-21,ICP,Mumbai High Complex,6.2,Actual,6.2,No,2464.8,Synthetic
2442,2024-07-22,ICP,Mumbai High Complex,6.2,Actual,6.2,No,2462.3,Synthetic
2454,2024-07-23,ICP,Mumbai High Complex,5.7,Actual,5.7,No,2520.0,Synthetic
2466,2024-07-24,ICP,Mumbai High Complex,5.7,Actual,5.7,No,2574.7,Synthetic
2478,2024-07-25,ICP,Mumbai High Complex,5.7,Actual,5.7,No,2487.4,Synthetic
2490,2024-07-26,ICP,Mumbai High Complex,6.1,Actual,6.1,No,2435.5,Synthetic
2502,2024-07-27,ICP,Mumbai High Complex,5.8,Actual,5.8,No,2398.9,Synthetic
2514,2024-07-28,ICP,Mumbai High Complex,7.2,Actual,7.2,No,2344.6,Synthetic
2526,2024-07-29,ICP,Mumbai High Complex,5.7,Actual,5.7,No,2519.2,Synthetic
2538,2024-07-30,ICP,Mumbai High Complex,6.1,Actual,6.1,No,2504.9,Synthetic
2550,2024-07-31,ICP,Mumbai High Complex,6.8,Actual,6.8,No,2492.9,Synthetic
2562,2024-08-01,ICP,Mumbai High Complex,5.6,Actual,5.6,No,2455.7,Synthetic
2574,2024-08-02,ICP,Mumbai High Complex,5.6,Actual,5.6,No,2567.2,Synthetic
2586,2024-08-03,ICP,Mumbai High Complex,5.8,Actual,5.8,No,2422.7,Synthetic
2598,2024-08-04,ICP,Mumbai High Complex,0.0,Actual,0.0,No,2610.0,Synthetic
2610,2024-08-05,ICP,Mumbai High Complex,5.7,Actual,5.7,No,2452.9,Synthetic
2622,2024-08-06,ICP,Mumbai High Complex,8.3,Actual,8.3,No,2373.4,Synthetic
2634,2024-08-07,ICP,Mumbai High Complex,7.6,Actual,7.6,No,2468.4,Synthetic
2646,2024-08-08,ICP,Mumbai High Complex,11.0,Actual,11.0,No,2405.2,Synthetic
2658,2024-08-09,ICP,Mumbai High Complex,8.9,Actual,8.9,No,2429.0,Synthetic
2670,2024-08-10,ICP,Mumbai High Complex,6.8,Actual,6.8,No,2436.4,Synthetic
2682,2024-08-11,ICP,Mumbai High Complex,5.6,Actual,5.6,No,2442.4,Synthetic
2694,2024-08-12,ICP,Mumbai High Complex,5.7,Actual,5.7,No,2616.7,Synthetic
2706,2024-08-13,ICP,Mumbai High Complex,5.7,Actual,5.7,No,2526.4,Synthetic
2718,2024-08-14,ICP,Mumbai High Complex,5.6,Actual,5.6,No,2492.1,Synthetic
2730,2024-08-15,ICP,Mumbai High Complex,5.1,Actual,5.1,No,2452.3,Synthetic
2742,2024-08-16,ICP,Mumbai High Complex,5.6,Actual,5.6,No,2508.8,Synthetic
2754,2024-08-17,ICP,Mumbai High Complex,6.3,Actual,6.3,No,2461.2,Synthetic
2766,2024-08-18,ICP,Mumbai High Complex,6.9,Actual,6.9,No,2415.2,Synthetic
2778,2024-08-19,ICP,Mumbai High Complex,4.8,Actual,4.8,No,2418.0,Synthetic
2790,2024-08-20,ICP,Mumbai High Complex,4.9,Actual,4.9,No,2431.0,Synthetic
2802,2024-08-21,ICP,Mumbai High Complex,4.8,Actual,4.8,No,2204.5,Synthetic
2814,2024-08-22,ICP,Mumbai High Complex,4.7,Actual,4.7,No,2451.0,Synthetic
2826,2024-08-23,ICP,Mumbai High Complex,5.0,Actual,5.0,No,2393.9,Synthetic
2838,2024-08-24,ICP,Mumbai High Complex,4.7,Actual,4.7,No,2547.8,Synthetic
2850,2024-08-25,ICP,Mumbai High Complex,6.0,Actual,6.0,No,2413.2,Synthetic
2862,2024-08-26,ICP,Mumbai High Complex,5.6,Actual,5.6,No,2329.2,Synthetic
2874,2024-08-27,ICP,Mumbai High Complex,6.1,Actual,6.1,No,2402.9,Synthetic
2886,2024-08-28,ICP,Mumbai High Complex,5.7,Actual,5.7,No,2334.4,Synthetic
2898,2024-08-29,ICP,Mumbai High Complex,6.0,Actual,6.0,No,2438.1,Synthetic
2910,2024-08-30,ICP,Mumbai High Complex,6.3,Actual,6.3,No,2418.8,Synthetic
2922,2024-08-31,ICP,Mumbai High Complex,5.7,Actual,5.7,No,2473.2,Synthetic
2934,2024-09-01,ICP,Mumbai High Complex,5.7,Actual,5.7,No,2345.2,Synthetic
2946,2024-09-02,ICP,Mumbai High Complex,5.8,Actual,5.8,No,2401.3,Synthetic
2958,2024-09-03,ICP,Mumbai High Complex,5.8,Actual,5.8,No,2298.7,Synthetic
2970,2024-09-04,ICP,Mumbai High Complex,5.6,Actual,5.6,No,2448.1,Synthetic
2982,2024-09-05,ICP,Mumbai High Complex,6.5,Actual,6.5,No,2420.6,Synthetic
2994,2024-09-06,ICP,Mumbai High Complex,5.8,Actual,5.8,No,2426.6,Synthetic
3006,2024-09-07,ICP,Mumbai High Complex,5.0,Actual,5.0,No,2400.0,Synthetic
3018,2024-09-08,ICP,Mumbai High Complex,5.8,Actual,5.8,No,2416.8,Synthetic
3030,2024-09-09,ICP,Mumbai High Complex,5.7,Actual,5.7,No,2501.4,Synthetic
3042,2024-09-10,ICP,Mumbai High Complex,5.7,Actual,5.7,No,2364.2,Synthetic
3054,2024-09-11,ICP,Mumbai High Complex,6.0,Actual,6.0,No,2388.4,Synthetic
3066,2024-09-12,ICP,Mumbai High Complex,5.7,Actual,5.7,No,2303.1,Synthetic
3078,2024-09-13,ICP,Mumbai High Complex,5.6,Actual,5.6,No,2318.1,Synthetic
3090,2024-09-14,ICP,Mumbai High Complex,5.4,Actual,5.4,No,2387.8,Synthetic
3102,2024-09-15,ICP,Mumbai High Complex,5.7,Actual,5.7,No,2453.5,Synthetic
3114,2024-09-16,ICP,Mumbai High Complex,5.7,Actual,5.7,No,2354.6,Synthetic
3126,2024-09-17,ICP,Mumbai High Complex,5.7,Actual,5.7,No,2354.2,Synthetic
3138,2024-09-18,ICP,Mumbai High Complex,5.4,Actual,5.4,No,2344.1,Synthetic
3150,2024-09-19,ICP,Mumbai High Complex,6.0,Actual,6.0,No,2325.1,Synthetic
3162,2024-09-20,ICP,Mumbai High Complex,5.2,Actual,5.2,No,2392.8,Synthetic
3174,2024-09-21,ICP,Mumbai High Complex,6.2,Actual,6.2,No,2250.7,Synthetic
3186,2024-09-22,ICP,Mumbai High Complex,5.9,Actual,5.9,No,2449.2,Synthetic
3198,2024-09-23,ICP,Mumbai High Complex,5.8,Actual,5.8,No,2310.9,Synthetic
3210,2024-09-24,ICP,Mumbai High Complex,5.9,Actual,5.9,No,2405.7,Synthetic
3222,2024-09-25,ICP,Mumbai High Complex,6.6,Actual,6.6,No,2254.2,Synthetic
3234,2024-09-26,ICP,Mumbai High Complex,5.9,Actual,5.9,No,2398.1,Synthetic
3246,2024-09-27,ICP,Mumbai High Complex,5.9,Actual,5.9,No,2396.3,Synthetic
3258,2024-09-28,ICP,Mumbai High Complex,5.7,Actual,5.7,No,2376.8,Synthetic
3270,2024-09-29,ICP,Mumbai High Complex,5.4,Actual,5.4,No,2281.6,Synthetic
3282,2024-09-30,ICP,Mumbai High Complex,6.7,Actual,6.7,No,2350.0,Synthetic
3294,2024-10-01,ICP,Mumbai High Complex,6.7,Actual,6.7,No,2247.9,Synthetic
3306,2024-10-02,ICP,Mumbai High Complex,5.3,Actual,5.3,No,2329.6,Synthetic
3318,2024-10-03,ICP,Mumbai High Complex,5.8,Actual,5.8,No,2411.0,Synthetic
3330,2024-10-04,ICP,Mumbai High Complex,6.9,Actual,6.9,No,2377.8,Synthetic
3342,2024-10-05,ICP,Mumbai High Complex,5.5,Actual,5.5,No,2340.0,Synthetic
3354,2024-10-06,ICP,Mumbai High Complex,5.3,Actual,5.3,No,2271.3,Synthetic
3366,2024-10-07,ICP,Mumbai High Complex,5.5,Actual,5.5,No,2380.4,Synthetic
3378,2024-10-08,ICP,Mumbai High Complex,5.9,Actual,5.9,No,2329.3,Synthetic
3390,2024-10-09,ICP,Mumbai High Complex,5.9,Actual,5.9,No,2164.1,Synthetic
3402,2024-10-10,ICP,Mumbai High Complex,5.7,Actual,5.7,No,2381.4,Synthetic
3414,2024-10-11,ICP,Mumbai High Complex,5.6,Actual,5.6,No,2324.5,Synthetic
3426,2024-10-12,ICP,Mumbai High Complex,5.6,Actual,5.6,No,2408.2,Synthetic
3438,2024-10-13,ICP,Mumbai High Complex,5.8,Actual,5.8,No,2243.6,Synthetic
3450,2024-10-14,ICP,Mumbai High Complex,5.8,Actual,5.8,No,2097.0,Synthetic
3462,2024-10-15,ICP,Mumbai High Complex,5.9,Actual,5.9,No,2334.0,Synthetic
3474,2024-10-16,ICP,Mumbai High Complex,5.9,Actual,5.9,No,2333.0,Synthetic
3486,2024-10-17,ICP,Mumbai High Complex,5.7,Actual,5.7,No,2196.2,Synthetic
3498,2024-10-18,ICP,Mumbai High Complex,5.7,Actual,5.7,No,2243.8,Synthetic
3510,2024-10-19,ICP,Mumbai High Complex,5.2,Actual,5.2,No,2507.7,Synthetic
3522,2024-10-20,ICP,Mumbai High Complex,5.5,Actual,5.5,No,2289.3,Synthetic
3534,2024-10-21,ICP,Mumbai High Complex,5.8,Actual,5.8,No,2355.2,Synthetic
3546,2024-10-22,ICP,Mumbai High Complex,5.5,Actual,5.5,No,2261.7,Synthetic
3558,2024-10-23,ICP,Mumbai High Complex,5.9,Actual,5.9,No,2155.4,Synthetic
3570,2024-10-24,ICP,Mumbai High Complex,5.5,Actual,5.5,No,2291.2,Synthetic
3582,2024-10-25,ICP,Mumbai High Complex,5.4,Actual,5.4,No,2284.0,Synthetic
3594,2024-10-26,ICP,Mumbai High Complex,5.4,Actual,5.4,No,2272.9,Synthetic
3606,2024-10-27,ICP,Mumbai High Complex,6.1,Actual,6.1,No,2281.6,Synthetic
3618,2024-10-28,ICP,Mumbai High Complex,6.1,Actual,6.1,No,2305.7,Synthetic
3630,2024-10-29,ICP,Mumbai High Complex,6.0,Actual,6.0,No,2276.7,Synthetic
3642,2024-10-30,ICP,Mumbai High Complex,6.0,Actual,6.0,No,2198.5,Synthetic
3654,2024-10-31,ICP,Mumbai High Complex,6.0,Actual,6.0,No,2316.6,Synthetic
3666,2024-11-01,ICP,Mumbai High Complex,6.9,Actual,6.9,No,2137.0,Synthetic
3678,2024-11-02,ICP,Mumbai High Complex,6.1,Actual,6.1,No,2138.1,Synthetic
3690,2024-11-03,ICP,Mumbai High Complex,6.8,Actual,6.8,No,2317.6,Synthetic
3702,2024-11-04,ICP,Mumbai High Complex,6.0,Actual,6.0,No,2310.5,Synthetic
3714,2024-11-05,ICP,Mumbai High Complex,6.1,Actual,6.1,No,2268.8,Synthetic
3726,2024-11-06,ICP,Mumbai High Complex,6.6,Actual,6.6,No,2169.6,Synthetic
3738,2024-11-07,ICP,Mumbai High Complex,5.7,Actual,5.7,No,2225.8,Synthetic
3750,2024-11-08,ICP,Mumbai High Complex,5.6,Actual,5.6,No,2255.6,Synthetic
3762,2024-11-09,ICP,Mumbai High Complex,5.6,Actual,5.6,No,2162.9,Synthetic
3774,2024-11-10,ICP,Mumbai High Complex,5.6,Actual,5.6,No,2219.5,Synthetic
3786,2024-11-11,ICP,Mumbai High Complex,5.6,Actual,5.6,No,2312.4,Synthetic
3798,2024-11-12,ICP,Mumbai High Complex,5.6,Actual,5.6,No,2363.2,Synthetic
3810,2024-11-13,ICP,Mumbai High Complex,5.6,Actual,5.6,No,2235.8,Synthetic
3822,2024-11-14,ICP,Mumbai High Complex,5.6,Actual,5.6,No,2313.8,Synthetic
3834,2024-11-15,ICP,Mumbai High Complex,5.6,Actual,5.6,No,2130.8,Synthetic
3846,2024-11-16,ICP,Mumbai High Complex,5.6,Actual,5.6,No,2303.4,Synthetic
3858,2024-11-17,ICP,Mumbai High Complex,12.9,Actual,12.9,No,2111.2,Synthetic
3870,2024-11-18,ICP,Mumbai High Complex,12.9,Actual,12.9,No,2181.6,Synthetic
3882,2024-11-19,ICP,Mumbai High Complex,5.6,Actual,5.6,No,2236.5,Synthetic
3894,2024-11-20,ICP,Mumbai High Complex,5.6,Actual,5.6,No,2340.6,Synthetic
3906,2024-11-21,ICP,Mumbai High Complex,5.7,Actual,5.7,No,2189.3,Synthetic
3918,2024-11-22,ICP,Mumbai High Complex,5.8,Actual,5.8,No,2287.4,Synthetic
3930,2024-11-23,ICP,Mumbai High Complex,5.9,Actual,5.9,No,2223.2,Synthetic
3942,2024-11-24,ICP,Mumbai High Complex,6.3,Actual,6.3,No,2224.5,Synthetic
3954,2024-11-25,ICP,Mumbai High Complex,6.3,Actual,6.3,No,2221.0,Synthetic
3966,2024-11-26,ICP,Mumbai High Complex,5.9,Actual,5.9,No,2179.8,Synthetic
3978,2024-11-27,ICP,Mumbai High Complex,5.9,Actual,5.9,No,2233.8,Synthetic
3990,2024-11-28,ICP,Mumbai High Complex,5.6,Actual,5.6,No,2232.5,Synthetic
4002,2024-11-29,ICP,Mumbai High Complex,10.4,Actual,10.4,No,2189.7,Synthetic
4014,2024-11-30,ICP,Mumbai High Complex,19.4,Actual,19.4,No,2063.4,Synthetic
4026,2024-12-01,ICP,Mumbai High Complex,14.2,Actual,14.2,No,2173.1,Synthetic
4038,2024-12-02,ICP,Mumbai High Complex,6.5,Actual,6.5,No,2279.5,Synthetic
4050,2024-12-03,ICP,Mumbai High Complex,6.1,Actual,6.1,No,2151.2,Synthetic
4062,2024-12-04,ICP,Mumbai High Complex,6.2,Actual,6.2,No,2276.0,Synthetic
4074,2024-12-05,ICP,Mumbai High Complex,6.3,Actual,6.3,No,2136.3,Synthetic
4086,2024-12-06,ICP,Mumbai High Complex,6.6,Actual,6.6,No,2248.5,Synthetic
4098,2024-12-07,ICP,Mumbai High Complex,6.6,Actual,6.6,No,2248.7,Synthetic
4110,2024-12-08,ICP,Mumbai High Complex,6.4,Actual,6.4,No,2081.8,Synthetic
4122,2024-12-09,ICP,Mumbai High Complex,6.4,Actual,6.4,No,2212.8,Synthetic
4134,2024-12-10,ICP,Mumbai High Complex,5.8,Actual,5.8,No,2181.3,Synthetic
4146,2024-12-11,ICP,Mumbai High Complex,5.8,Actual,5.8,No,2160.2,Synthetic
4158,2024-12-12,ICP,Mumbai High Complex,7.4,Actual,7.4,No,2277.4,Synthetic
4170,2024-12-13,ICP,Mumbai High Complex,7.4,Actual,7.4,No,2144.0,Synthetic
4182,2024-12-14,ICP,Mumbai High Complex,8.8,Actual,8.8,No,2115.1,Synthetic
4194,2024-12-15,ICP,Mumbai High Complex,6.0,Actual,6.0,No,2205.8,Synthetic
4206,2024-12-16,ICP,Mumbai High Complex,6.3,Actual,6.3,No,2240.4,Synthetic
4218,2024-12-17,ICP,Mumbai High Complex,6.5,Actual,6.5,No,2181.7,Synthetic
4230,2024-12-18,ICP,Mumbai High Complex,6.4,Actual,6.4,No,2267.1,Synthetic
4242,2024-12-19,ICP,Mumbai High Complex,7.2,Actual,7.2,No,2213.4,Synthetic
4254,2024-12-20,ICP,Mumbai High Complex,6.6,Actual,6.6,No,2041.6,Synthetic
4266,2024-12-21,ICP,Mumbai High Complex,6.7,Actual,6.7,No,2146.7,Synthetic
4278,2024-12-22,ICP,Mumbai High Complex,6.8,Actual,6.8,No,2141.6,Synthetic
4290,2024-12-23,ICP,Mumbai High Complex,8.7,Actual,8.7,No,2183.9,Synthetic
4302,2024-12-24,ICP,Mumbai High Complex,7.2,Actual,7.2,No,1998.9,Synthetic
4314,2024-12-25,ICP,Mumbai High Complex,8.6,Actual,8.6,No,2315.1,Synthetic
4326,2024-12-26,ICP,Mumbai High Complex,6.4,Actual,6.4,No,2210.8,Synthetic
4338,2024-12-27,ICP,Mumbai High Complex,7.3,Actual,7.3,No,2172.9,Synthetic
4350,2024-12-28,ICP,Mumbai High Complex,7.3,Actual,7.3,No,2238.1,Synthetic
4362,2024-12-29,ICP,Mumbai High Complex,6.4,Actual,6.4,No,2323.5,Synthetic
4374,2024-12-30,ICP,Mumbai High Complex,6.3,Actual,6.3,No,2227.0,Synthetic
4386,2024-12-31,ICP,Mumbai High Complex,6.6,Actual,6.6,No,2226.4,Synthetic
4398,2025-01-01,ICP,Mumbai High Complex,6.2,Actual,6.2,No,2176.5,Synthetic
4410,2025-01-02,ICP,Mumbai High Complex,6.2,Actual,6.2,No,2157.0,Synthetic
4422,2025-01-03,ICP,Mumbai High Complex,6.3,Actual,6.3,No,2132.3,Synthetic
4434,2025-01-04,ICP,Mumbai High Complex,6.1,Actual,6.1,No,2110.3,Synthetic
4446,2025-01-05,ICP,Mumbai High Complex,6.1,Actual,6.1,No,2117.6,Synthetic
4458,2025-01-06,ICP,Mumbai High Complex,5.8,Actual,5.8,No,2076.4,Synthetic
4470,2025-01-07,ICP,Mumbai High Complex,5.8,Actual,5.8,No,2157.4,Synthetic
4482,2025-01-08,ICP,Mumbai High Complex,6.5,Actual,6.5,No,2043.2,Synthetic
4494,2025-01-09,ICP,Mumbai High Complex,6.2,Actual,6.2,No,2166.2,Synthetic
4506,2025-01-10,ICP,Mumbai High Complex,6.7,Actual,6.7,No,2143.6,Synthetic
4518,2025-01-11,ICP,Mumbai High Complex,6.3,Actual,6.3,No,2158.6,Synthetic
4530,2025-01-12,ICP,Mumbai High Complex,9.7,Actual,9.7,No,2072.8,Synthetic
4542,2025-01-13,ICP,Mumbai High Complex,9.7,Actual,9.7,No,2298.2,Synthetic
4554,2025-01-14,ICP,Mumbai High Complex,5.8,Actual,5.8,No,2237.7,Synthetic
4566,2025-01-15,ICP,Mumbai High Complex,6.0,Actual,6.0,No,2065.6,Synthetic
4578,2025-01-16,ICP,Mumbai High Complex,6.0,Actual,6.0,No,2159.0,Synthetic
4590,2025-01-17,ICP,Mumbai High Complex,5.0,Actual,5.0,No,2115.1,Synthetic
4602,2025-01-18,ICP,Mumbai High Complex,5.0,Actual,5.0,No,2087.2,Synthetic
4614,2025-01-19,ICP,Mumbai High Complex,5.4,Actual,5.4,No,2059.8,Synthetic
4626,2025-01-20,ICP,Mumbai High Complex,5.4,Actual,5.4,No,2172.1,Synthetic
4638,2025-01-21,ICP,Mumbai High Complex,5.6,Actual,5.6,No,2096.4,Synthetic
4650,2025-01-22,ICP,Mumbai High Complex,5.2,Actual,5.2,No,2205.4,Synthetic
4662,2025-01-23,ICP,Mumbai High Complex,5.5,Actual,5.5,No,2201.6,Synthetic
4674,2025-01-24,ICP,Mumbai High Complex,5.3,Actual,5.3,No,2226.6,Synthetic
4686,2025-01-25,ICP,Mumbai High Complex,5.9,Actual,5.9,No,2075.0,Synthetic
4698,2025-01-26,ICP,Mumbai High Complex,5.3,Actual,5.3,No,2165.5,Synthetic
4710,2025-01-27,ICP,Mumbai High Complex,5.2,Actual,5.2,No,2175.0,Synthetic
4722,2025-01-28,ICP,Mumbai High Complex,5.2,Actual,5.2,No,2102.4,Synthetic
4734,2025-01-29,ICP,Mumbai High Complex,5.9,Actual,5.9,No,2073.4,Synthetic
4746,2025-01-30,ICP,Mumbai High Complex,5.3,Actual,5.3,No,2230.8,Synthetic
4758,2025-01-31,ICP,Mumbai High Complex,5.5,Actual,5.5,No,2138.4,Synthetic
4770,2025-02-01,ICP,Mumbai High Complex,5.5,Actual,5.5,No,2162.6,Synthetic
4782,2025-02-02,ICP,Mumbai High Complex,5.5,Actual,5.5,No,2068.1,Synthetic
4794,2025-02-03,ICP,Mumbai High Complex,5.1,Actual,5.1,No,2045.8,Synthetic
4806,2025-02-04,ICP,Mumbai High Complex,5.1,Actual,5.1,No,2085.5,Synthetic
4818,2025-02-05,ICP,Mumbai High Complex,4.1,Actual,4.1,No,2124.1,Synthetic
4830,2025-02-06,ICP,Mumbai High Complex,3.9,Actual,3.9,No,2064.6,Synthetic
4842,2025-02-07,ICP,Mumbai High Complex,4.6,Actual,4.6,No,2121.9,Synthetic
4854,2025-02-08,ICP,Mumbai High Complex,4.2,Actual,4.2,No,2017.9,Synthetic
4866,2025-02-09,ICP,Mumbai High Complex,4.2,Actual,4.2,No,2052.5,Synthetic
4878,2025-02-10,ICP,Mumbai High Complex,3.7,Actual,3.7,No,2170.9,Synthetic
4890,2025-02-11,ICP,Mumbai High Complex,3.7,Actual,3.7,No,2164.9,Synthetic
4902,2025-02-12,ICP,Mumbai High Complex,4.0,Actual,4.0,No,2096.1,Synthetic
4914,2025-02-13,ICP,Mumbai High Complex,4.0,Actual,4.0,No,2054.6,Synthetic
4926,2025-02-14,ICP,Mumbai High Complex,4.0,Actual,4.0,No,2052.3,Synthetic
4938,2025-02-15,ICP,Mumbai High Complex,4.2,Actual,4.2,No,2089.8,Synthetic
4950,2025-02-16,ICP,Mumbai High Complex,6.0,Actual,6.0,No,2130.8,Synthetic
4962,2025-02-17,ICP,Mumbai High Complex,4.4,Actual,4.4,No,2166.3,Synthetic
4974,2025-02-18,ICP,Mumbai High Complex,4.0,Actual,4.0,No,2079.2,Synthetic
4986,2025-02-19,ICP,Mumbai High Complex,4.0,Actual,4.0,No,2036.0,Synthetic
4998,2025-02-20,ICP,Mumbai High Complex,4.4,Actual,4.4,No,2119.4,Synthetic
5010,2025-02-21,ICP,Mumbai High Complex,4.4,Actual,4.4,No,2048.9,Synthetic
5022,2025-02-22,ICP,Mumbai High Complex,4.4,Actual,4.4,No,2066.4,Synthetic
5034,2025-02-23,ICP,Mumbai High Complex,4.4,Actual,4.4,No,2180.7,Synthetic
5046,2025-02-24,ICP,Mumbai High Complex,4.3,Actual,4.3,No,2148.8,Synthetic
5058,2025-02-25,ICP,Mumbai High Complex,4.2,Actual,4.2,No,2106.2,Synthetic
5070,2025-02-26,ICP,Mumbai High Complex,4.3,Actual,4.3,No,2013.5,Synthetic
5082,2025-02-27,ICP,Mumbai High Complex,4.3,Actual,4.3,No,2104.9,Synthetic
5094,2025-02-28,ICP,Mumbai High Complex,4.8,Actual,4.8,No,2150.5,Synthetic
5106,2025-03-01,ICP,Mumbai High Complex,4.1,Actual,4.1,No,2067.0,Synthetic
5118,2025-03-02,ICP,Mumbai High Complex,4.5,Actual,4.5,No,2168.7,Synthetic
5130,2025-03-03,ICP,Mumbai High Complex,4.0,Actual,4.0,No,2169.4,Synthetic
5142,2025-03-04,ICP,Mumbai High Complex,4.0,Actual,4.0,No,2190.8,Synthetic
5154,2025-03-05,ICP,Mumbai High Complex,4.0,Actual,4.0,No,2104.0,Synthetic
5166,2025-03-06,ICP,Mumbai High Complex,3.9,Actual,3.9,No,2121.1,Synthetic
5178,2025-03-07,ICP,Mumbai High Complex,7.0,Actual,7.0,No,2133.2,Synthetic
5190,2025-03-08,ICP,Mumbai High Complex,4.2,Actual,4.2,No,2105.4,Synthetic
5202,2025-03-09,ICP,Mumbai High Complex,4.2,Actual,4.2,No,2044.6,Synthetic
5214,2025-03-10,ICP,Mumbai High Complex,4.2,Actual,4.2,No,2046.2,Synthetic
5226,2025-03-11,ICP,Mumbai High Complex,4.2,Actual,4.2,No,2087.2,Synthetic
5238,2025-03-12,ICP,Mumbai High Complex,4.2,Actual,4.2,No,1990.5,Synthetic
5250,2025-03-13,ICP,Mumbai High Complex,4.2,Actual,4.2,No,2060.1,Synthetic
5262,2025-03-14,ICP,Mumbai High Complex,4.7,Actual,4.7,No,2129.3,Synthetic
5274,2025-03-15,ICP,Mumbai High Complex,5.1,Actual,5.1,No,1920.1,Synthetic
5286,2025-03-16,ICP,Mumbai High Complex,5.0,Actual,5.0,No,2149.2,Synthetic
5298,2025-03-17,ICP,Mumbai High Complex,4.0,Actual,4.0,No,2134.1,Synthetic
5310,2025-03-18,ICP,Mumbai High Complex,4.0,Actual,4.0,No,2034.5,Synthetic
5322,2025-03-19,ICP,Mumbai High Complex,4.0,Actual,4.0,No,2094.8,Synthetic
5334,2025-03-20,ICP,Mumbai High Complex,4.9,Actual,4.9,No,2049.3,Synthetic
5346,2025-03-21,ICP,Mumbai High Complex,4.9,Actual,4.9,No,2123.0,Synthetic
5358,2025-03-22,ICP,Mumbai High Complex,4.9,Actual,4.9,No,2106.1,Synthetic
5370,2025-03-23,ICP,Mumbai High Complex,5.4,Actual,5.4,No,1952.7,Synthetic
5382,2025-03-24,ICP,Mumbai High Complex,4.7,Actual,4.7,No,2080.8,Synthetic
5394,2025-03-25,ICP,Mumbai High Complex,5.0,Actual,5.0,No,2027.0,Synthetic
5406,2025-03-26,ICP,Mumbai High Complex,6.1,Actual,6.1,No,2030.3,Synthetic
5418,2025-03-27,ICP,Mumbai High Complex,4.6,Actual,4.6,No,1996.3,Synthetic
5430,2025-03-28,ICP,Mumbai High Complex,5.0,Actual,5.0,No,2141.3,Synthetic
5442,2025-03-29,ICP,Mumbai High Complex,4.0,Actual,4.0,No,2108.2,Synthetic
5454,2025-03-30,ICP,Mumbai High Complex,4.1,Actual,4.1,No,1996.3,Synthetic
5466,2025-03-31,ICP,Mumbai High Complex,4.0,Actual,4.0,No,1959.4,Synthetic
5478,2025-04-01,ICP,Mumbai High Complex,4.1,Actual,4.1,No,2014.7,Synthetic
5490,2025-04-02,ICP,Mumbai High Complex,4.1,Actual,4.1,No,2063.2,Synthetic
5502,2025-04-03,ICP,Mumbai High Complex,4.1,Actual,4.1,No,2049.6,Synthetic
5514,2025-04-04,ICP,Mumbai High Complex,4.0,Actual,4.0,No,2110.9,Synthetic
5526,2025-04-05,ICP,Mumbai High Complex,4.3,Actual,4.3,No,2077.4,Synthetic
5538,2025-04-06,ICP,Mumbai High Complex,4.3,Actual,4.3,No,2086.7,Synthetic
5550,2025-04-07,ICP,Mumbai High Complex,4.7,Actual,4.7,No,2041.3,Synthetic
5562,2025-04-08,ICP,Mumbai High Complex,4.3,Actual,4.3,No,1940.0,Synthetic
5574,2025-04-09,ICP,Mumbai High Complex,4.3,Actual,4.3,No,2010.8,Synthetic
5586,2025-04-10,ICP,Mumbai High Complex,4.7,Actual,4.7,No,2080.6,Synthetic
5598,2025-04-11,ICP,Mumbai High Complex,4.7,Actual,4.7,No,2011.8,Synthetic
5610,2025-04-12,ICP,Mumbai High Complex,5.4,Actual,5.4,No,2035.5,Synthetic
5622,2025-04-13,ICP,Mumbai High Complex,4.7,Actual,4.7,No,1992.3,Synthetic
5634,2025-04-14,ICP,Mumbai High Complex,4.6,Actual,4.6,No,1948.9,Synthetic
5646,2025-04-15,ICP,Mumbai High Complex,4.9,Actual,4.9,No,1998.6,Synthetic
5658,2025-04-16,ICP,Mumbai High Complex,4.4,Actual,4.4,No,2028.7,Synthetic
5670,2025-04-17,ICP,Mumbai High Complex,4.8,Actual,4.8,No,1964.5,Synthetic
5682,2025-04-18,ICP,Mumbai High Complex,4.8,Actual,4.8,No,1988.1,Synthetic
5694,2025-04-19,ICP,Mumbai High Complex,5.0,Actual,5.0,No,1942.0,Synthetic
5706,2025-04-20,ICP,Mumbai High Complex,4.9,Actual,4.9,No,2064.9,Synthetic
5718,2025-04-21,ICP,Mumbai High Complex,0.0,Actual,0.0,No,2033.4,Synthetic
5730,2025-04-22,ICP,Mumbai High Complex,4.6,Actual,4.6,No,2085.0,Synthetic
5742,2025-04-23,ICP,Mumbai High Complex,5.7,Actual,5.7,No,2074.9,Synthetic
5754,2025-04-24,ICP,Mumbai High Complex,4.8,Actual,4.8,No,1987.6,Synthetic
5766,2025-04-25,ICP,Mumbai High Complex,4.8,Actual,4.8,No,1930.6,Synthetic
5778,2025-04-26,ICP,Mumbai High Complex,4.6,Actual,4.6,No,1866.8,Synthetic
5790,2025-04-27,ICP,Mumbai High Complex,4.6,Actual,4.6,No,1901.9,Synthetic
5802,2025-04-28,ICP,Mumbai High Complex,4.7,Actual,4.7,No,1905.2,Synthetic
5814,2025-04-29,ICP,Mumbai High Complex,4.9,Actual,4.9,No,2065.2,Synthetic
5826,2025-04-30,ICP,Mumbai High Complex,5.0,Actual,5.0,No,1987.3,Synthetic
5838,2025-05-01,ICP,Mumbai High Complex,4.6,Actual,4.6,No,2006.5,Synthetic
5850,2025-05-02,ICP,Mumbai High Complex,4.7,Actual,4.7,No,1848.6,Synthetic
5862,2025-05-03,ICP,Mumbai High Complex,4.7,Actual,4.7,No,1907.8,Synthetic
5874,2025-05-04,ICP,Mumbai High Complex,4.6,Actual,4.6,No,2031.1,Synthetic
5886,2025-05-05,ICP,Mumbai High Complex,4.5,Actual,4.5,No,1995.0,Synthetic
5898,2025-05-06,ICP,Mumbai High Complex,4.8,Actual,4.8,No,1964.3,Synthetic
5910,2025-05-07,ICP,Mumbai High Complex,5.5,Actual,5.5,No,1996.9,Synthetic
5922,2025-05-08,ICP,Mumbai High Complex,6.0,Actual,6.0,No,2052.4,Synthetic
5934,2025-05-09,ICP,Mumbai High Complex,5.0,Actual,5.0,No,1952.9,Synthetic
5946,2025-05-10,ICP,Mumbai High Complex,4.8,Actual,4.8,No,1970.6,Synthetic
5958,2025-05-11,ICP,Mumbai High Complex,6.2,Actual,6.2,No,1960.7,Synthetic
5970,2025-05-12,ICP,Mumbai High Complex,4.6,Actual,4.6,No,2106.6,Synthetic
5982,2025-05-13,ICP,Mumbai High Complex,4.7,Actual,4.7,No,1839.2,Synthetic
5994,2025-05-14,ICP,Mumbai High Complex,7.9,Actual,7.9,No,1965.3,Synthetic
6006,2025-05-15,ICP,Mumbai High Complex,7.9,Actual,7.9,No,1917.6,Synthetic
6018,2025-05-16,ICP,Mumbai High Complex,4.2,Actual,4.2,No,1996.9,Synthetic
6030,2025-05-17,ICP,Mumbai High Complex,4.2,Actual,4.2,No,1923.3,Synthetic
6042,2025-05-18,ICP,Mumbai High Complex,4.2,Actual,4.2,No,1957.5,Synthetic
6054,2025-05-19,ICP,Mumbai High Complex,4.1,Actual,4.1,No,2001.7,Synthetic
6066,2025-05-20,ICP,Mumbai High Complex,4.1,Actual,4.1,No,2141.1,Synthetic
6078,2025-05-21,ICP,Mumbai High Complex,4.3,Actual,4.3,No,2001.8,Synthetic
6090,2025-05-22,ICP,Mumbai High Complex,4.3,Actual,4.3,No,1903.2,Synthetic
6102,2025-05-23,ICP,Mumbai High Complex,5.2,Actual,5.2,No,1916.7,Synthetic
6114,2025-05-24,ICP,Mumbai High Complex,5.2,Actual,5.2,No,1913.4,Synthetic
6126,2025-05-25,ICP,Mumbai High Complex,5.7,Actual,5.7,No,1828.6,Synthetic
6138,2025-05-26,ICP,Mumbai High Complex,6.2,Actual,6.2,No,1906.6,Synthetic
6150,2025-05-27,ICP,Mumbai High Complex,5.1,Actual,5.1,No,1978.7,Synthetic
6162,2025-05-28,ICP,Mumbai High Complex,5.2,Actual,5.2,No,1859.5,Synthetic
6174,2025-05-29,ICP,Mumbai High Complex,5.2,Actual,5.2,No,1992.6,Synthetic
6186,2025-05-30,ICP,Mumbai High Complex,5.1,Actual,5.1,No,1959.6,Synthetic
6198,2025-05-31,ICP,Mumbai High Complex,5.1,Actual,5.1,No,1887.3,Synthetic
6210,2025-06-01,ICP,Mumbai High Complex,5.4,Actual,5.4,No,1916.8,Synthetic
6222,2025-06-02,ICP,Mumbai High Complex,7.0,Actual,7.0,No,1997.3,Synthetic
6234,2025-06-03,ICP,Mumbai High Complex,7.2,Actual,7.2,No,1944.1,Synthetic
6246,2025-06-04,ICP,Mumbai High Complex,5.3,Actual,5.3,No,1921.8,Synthetic
6258,2025-06-05,ICP,Mumbai High Complex,5.8,Actual,5.8,No,1900.7,Synthetic
6270,2025-06-06,ICP,Mumbai High Complex,5.8,Actual,5.8,No,1917.2,Synthetic
6282,2025-06-07,ICP,Mumbai High Complex,6.4,Actual,6.4,No,1875.4,Synthetic
6294,2025-06-08,ICP,Mumbai High Complex,0.0,Actual,0.0,No,1848.0,Synthetic
6306,2025-06-09,ICP,Mumbai High Complex,5.5,Actual,5.5,No,2028.4,Synthetic
6318,2025-06-10,ICP,Mumbai High Complex,5.4,Actual,5.4,No,1919.7,Synthetic
6330,2025-06-11,ICP,Mumbai High Complex,5.4,Actual,5.4,No,1932.1,Synthetic
6342,2025-06-12,ICP,Mumbai High Complex,5.4,Actual,5.4,No,1904.4,Synthetic
6354,2025-06-13,ICP,Mumbai High Complex,5.3,Actual,5.3,No,1865.2,Synthetic
6366,2025-06-14,ICP,Mumbai High Complex,5.2,Actual,5.2,No,1896.1,Synthetic
6378,2025-06-15,ICP,Mumbai High Complex,6.0,Actual,6.0,No,1805.6,Synthetic
6390,2025-06-16,ICP,Mumbai High Complex,5.0,Actual,5.0,No,2036.0,Synthetic
6402,2025-06-17,ICP,Mumbai High Complex,5.0,Actual,5.0,No,1833.7,Synthetic
6414,2025-06-18,ICP,Mumbai High Complex,5.0,Actual,5.0,No,1843.8,Synthetic
6426,2025-06-19,ICP,Mumbai High Complex,5.3,Actual,5.3,No,1872.8,Synthetic
6438,2025-06-20,ICP,Mumbai High Complex,5.6,Actual,5.6,No,1966.3,Synthetic
6450,2025-06-21,ICP,Mumbai High Complex,5.4,Actual,5.4,No,1894.6,Synthetic
6462,2025-06-22,ICP,Mumbai High Complex,5.1,Actual,5.1,No,1825.1,Synthetic
6474,2025-06-23,ICP,Mumbai High Complex,5.2,Actual,5.2,No,1964.0,Synthetic
6486,2025-06-24,ICP,Mumbai High Complex,5.3,Actual,5.3,No,1931.6,Synthetic
6498,2025-06-25,ICP,Mumbai High Complex,5.0,Actual,5.0,No,1922.4,Synthetic
6510,2025-06-26,ICP,Mumbai High Complex,6.2,Actual,6.2,No,1917.8,Synthetic
6522,2025-06-27,ICP,Mumbai High Complex,7.2,Actual,7.2,No,1999.2,Synthetic
6534,2025-06-28,ICP,Mumbai High Complex,27.6,Actual,27.6,No,1753.9,Synthetic
6546,2025-06-29,ICP,Mumbai High Complex,27.1,Actual,27.1,No,1616.0,Synthetic
6558,2025-06-30,ICP,Mumbai High Complex,23.1,Actual,23.1,No,1773.6,Synthetic
6570,2025-07-01,ICP,Mumbai High Complex,10.4,Actual,10.4,No,1846.1,Synthetic
6582,2025-07-02,ICP,Mumbai High Complex,7.2,Actual,7.2,No,1885.4,Synthetic
6594,2025-07-03,ICP,Mumbai High Complex,8.1,Actual,8.1,No,1752.8,Synthetic
6606,2025-07-04,ICP,Mumbai High Complex,7.4,Actual,7.4,No,1843.0,Synthetic
6618,2025-07-05,ICP,Mumbai High Complex,6.8,Actual,6.8,No,1812.0,Synthetic
6630,2025-07-06,ICP,Mumbai High Complex,23.4,Actual,23.4,No,1721.5,Synthetic
6642,2025-07-07,ICP,Mumbai High Complex,33.0,Actual,33.0,No,1627.4,Synthetic
6654,2025-07-08,ICP,Mumbai High Complex,34.5,Actual,34.5,No,1462.5,Synthetic
6666,2025-07-09,ICP,Mumbai High Complex,27.4,Actual,27.4,No,1632.3,Synthetic
6678,2025-07-10,ICP,Mumbai High Complex,24.3,Actual,24.3,No,1720.8,Synthetic
6690,2025-07-11,ICP,Mumbai High Complex,8.0,Actual,8.0,No,1825.3,Synthetic
6702,2025-07-12,ICP,Mumbai High Complex,8.0,Actual,8.0,No,1874.2,Synthetic
6714,2025-07-13,ICP,Mumbai High Complex,7.1,Actual,7.1,No,1861.5,Synthetic
6726,2025-07-14,ICP,Mumbai High Complex,6.4,Actual,6.4,No,1866.9,Synthetic
6738,2025-07-15,ICP,Mumbai High Complex,0.0,Actual,0.0,No,1898.2,Synthetic
6750,2025-07-16,ICP,Mumbai High Complex,6.7,Actual,6.7,No,1774.5,Synthetic
6762,2025-07-17,ICP,Mumbai High Complex,6.1,Actual,6.1,No,1784.4,Synthetic
6774,2025-07-18,ICP,Mumbai High Complex,6.0,Actual,6.0,No,1885.4,Synthetic
6786,2025-07-19,ICP,Mumbai High Complex,5.9,Actual,5.9,No,1846.7,Synthetic
6798,2025-07-20,ICP,Mumbai High Complex,5.8,Actual,5.8,No,1837.5,Synthetic
6810,2025-07-21,ICP,Mumbai High Complex,5.7,Actual,5.7,No,1821.3,Synthetic
6822,2025-07-22,ICP,Mumbai High Complex,5.5,Actual,5.5,No,1828.4,Synthetic
6834,2025-07-23,ICP,Mumbai High Complex,5.5,Actual,5.5,No,1901.7,Synthetic
6846,2025-07-24,ICP,Mumbai High Complex,5.0,Actual,5.0,No,1828.9,Synthetic
6858,2025-07-25,ICP,Mumbai High Complex,0.0,Actual,0.0,No,1821.8,Synthetic
6870,2025-07-26,ICP,Mumbai High Complex,5.0,Actual,5.0,No,1885.6,Synthetic
6882,2025-07-27,ICP,Mumbai High Complex,5.5,Actual,5.5,No,1826.5,Synthetic
6894,2025-07-28,ICP,Mumbai High Complex,4.6,Actual,4.6,No,1847.4,Synthetic
6906,2025-07-29,ICP,Mumbai High Complex,4.6,Actual,4.6,No,1933.1,Synthetic
6918,2025-07-30,ICP,Mumbai High Complex,4.6,Actual,4.6,No,1841.5,Synthetic
6930,2025-07-31,ICP,Mumbai High Complex,4.5,Actual,4.5,No,1858.1,Synthetic
6942,2025-08-01,ICP,Mumbai High Complex,4.4,Actual,4.4,No,1776.6,Synthetic
6954,2025-08-02,ICP,Mumbai High Complex,4.4,Actual,4.4,No,1828.1,Synthetic
6966,2025-08-03,ICP,Mumbai High Complex,4.5,Actual,4.5,No,1871.3,Synthetic
6978,2025-08-04,ICP,Mumbai High Complex,5.0,Actual,5.0,No,1745.5,Synthetic
6990,2025-08-05,ICP,Mumbai High Complex,4.4,Actual,4.4,No,1846.7,Synthetic
7002,2025-08-06,ICP,Mumbai High Complex,4.7,Actual,4.7,No,1836.6,Synthetic
7014,2025-08-07,ICP,Mumbai High Complex,4.7,Actual,4.7,No,1831.9,Synthetic
7026,2025-08-08,ICP,Mumbai High Complex,4.2,Actual,4.2,No,1890.3,Synthetic
7038,2025-08-09,ICP,Mumbai High Complex,4.9,Actual,4.9,No,1842.8,Synthetic
7050,2025-08-10,ICP,Mumbai High Complex,4.9,Actual,4.9,No,1903.9,Synthetic
7062,2025-08-11,ICP,Mumbai High Complex,4.6,Actual,4.6,No,1770.3,Synthetic
7074,2025-08-12,ICP,Mumbai High Complex,4.6,Actual,4.6,No,1830.6,Synthetic
7086,2025-08-13,ICP,Mumbai High Complex,4.5,Actual,4.5,No,1827.3,Synthetic
7098,2025-08-14,ICP,Mumbai High Complex,5.3,Actual,5.3,No,1754.8,Synthetic
7110,2025-08-15,ICP,Mumbai High Complex,5.3,Actual,5.3,No,1863.5,Synthetic
7122,2025-08-16,ICP,Mumbai High Complex,5.7,Actual,5.7,No,1931.9,Synthetic
7134,2025-08-17,ICP,Mumbai High Complex,5.2,Actual,5.2,No,1808.6,Synthetic
7146,2025-08-18,ICP,Mumbai High Complex,4.4,Actual,4.4,No,1843.8,Synthetic
7158,2025-08-19,ICP,Mumbai High Complex,4.4,Actual,4.4,No,1819.4,Synthetic
7170,2025-08-20,ICP,Mumbai High Complex,5.2,Actual,5.2,No,1766.5,Synthetic
7182,2025-08-21,ICP,Mumbai High Complex,5.0,Actual,5.0,No,1707.1,Synthetic
7194,2025-08-22,ICP,Mumbai High Complex,5.8,Actual,5.8,No,1758.0,Synthetic
7206,2025-08-23,ICP,Mumbai High Complex,4.5,Actual,4.5,No,1732.4,Synthetic
7218,2025-08-24,ICP,Mumbai High Complex,4.6,Actual,4.6,No,1897.7,Synthetic
7230,2025-08-25,ICP,Mumbai High Complex,5.2,Actual,5.2,No,1791.6,Synthetic
7242,2025-08-26,ICP,Mumbai High Complex,4.6,Actual,4.6,No,1783.7,Synthetic
7254,2025-08-27,ICP,Mumbai High Complex,4.7,Actual,4.7,No,1847.9,Synthetic
7266,2025-08-28,ICP,Mumbai High Complex,4.8,Actual,4.8,No,1736.9,Synthetic
7278,2025-08-29,ICP,Mumbai High Complex,5.2,Actual,5.2,No,1750.7,Synthetic
7290,2025-08-30,ICP,Mumbai High Complex,4.5,Actual,4.5,No,1801.2,Synthetic
7302,2025-08-31,ICP,Mumbai High Complex,5.2,Actual,5.2,No,1844.2,Synthetic
7314,2025-09-01,ICP,Mumbai High Complex,4.6,Actual,4.6,No,1820.6,Synthetic
7326,2025-09-02,ICP,Mumbai High Complex,4.6,Actual,4.6,No,1805.5,Synthetic
7338,2025-09-03,ICP,Mumbai High Complex,4.7,Actual,4.7,No,1793.8,Synthetic
7350,2025-09-04,ICP,Mumbai High Complex,4.6,Actual,4.6,No,1810.7,Synthetic
7362,2025-09-05,ICP,Mumbai High Complex,4.6,Actual,4.6,No,1798.5,Synthetic
7374,2025-09-06,ICP,Mumbai High Complex,4.5,Actual,4.5,No,1732.1,Synthetic
7386,2025-09-07,ICP,Mumbai High Complex,4.5,Actual,4.5,No,1788.3,Synthetic
7398,2025-09-08,ICP,Mumbai High Complex,5.0,Actual,5.0,No,1722.0,Synthetic
7410,2025-09-09,ICP,Mumbai High Complex,4.7,Actual,4.7,No,1785.2,Synthetic
7422,2025-09-10,ICP,Mumbai High Complex,4.7,Actual,4.7,No,1753.8,Synthetic
7434,2025-09-11,ICP,Mumbai High Complex,4.7,Actual,4.7,No,1913.4,Synthetic
7446,2025-09-12,ICP,Mumbai High Complex,4.8,Actual,4.8,No,1773.4,Synthetic
7458,2025-09-13,ICP,Mumbai High Complex,4.5,Actual,4.5,No,1702.2,Synthetic
7470,2025-09-14,ICP,Mumbai High Complex,5.4,Actual,5.4,No,1759.5,Synthetic
7482,2025-09-15,ICP,Mumbai High Complex,5.0,Actual,5.0,No,1796.7,Synthetic
7494,2025-09-16,ICP,Mumbai High Complex,4.8,Actual,4.8,No,1858.6,Synthetic
7506,2025-09-17,ICP,Mumbai High Complex,6.5,Actual,6.5,No,1720.3,Synthetic
7518,2025-09-18,ICP,Mumbai High Complex,4.7,Actual,4.7,No,1683.9,Synthetic
7530,2025-09-19,ICP,Mumbai High Complex,4.8,Actual,4.8,No,1808.7,Synthetic
7542,2025-09-20,ICP,Mumbai High Complex,4.7,Actual,4.7,No,1691.8,Synthetic
7554,2025-09-21,ICP,Mumbai High Complex,4.9,Actual,4.9,No,1738.5,Synthetic
7566,2025-09-22,ICP,Mumbai High Complex,4.9,Actual,4.9,No,1746.5,Synthetic
7578,2025-09-23,ICP,Mumbai High Complex,4.6,Actual,4.6,No,1757.9,Synthetic
7590,2025-09-24,ICP,Mumbai High Complex,4.7,Actual,4.7,No,1795.6,Synthetic
7602,2025-09-25,ICP,Mumbai High Complex,4.6,Actual,4.6,No,1722.7,Synthetic
7614,2025-09-26,ICP,Mumbai High Complex,4.8,Actual,4.8,No,1740.9,Synthetic
7626,2025-09-27,ICP,Mumbai High Complex,4.7,Actual,4.7,No,1754.1,Synthetic
7638,2025-09-28,ICP,Mumbai High Complex,6.3,Actual,6.3,No,1745.4,Synthetic
7650,2025-09-29,ICP,Mumbai High Complex,5.1,Actual,5.1,No,1753.2,Synthetic
7662,2025-09-30,ICP,Mumbai High Complex,8.4,Actual,8.4,No,1736.4,Synthetic
7674,2025-10-01,ICP,Mumbai High Complex,11.8,Actual,11.8,No,1721.5,Synthetic
7686,2025-10-02,ICP,Mumbai High Complex,8.5,Actual,8.5,No,1730.4,Synthetic
7698,2025-10-03,ICP,Mumbai High Complex,9.5,Actual,9.5,No,1722.1,Synthetic
7710,2025-10-04,ICP,Mumbai High Complex,7.0,Actual,7.0,No,1640.5,Synthetic
7722,2025-10-05,ICP,Mumbai High Complex,8.8,Actual,8.8,No,1705.6,Synthetic
7734,2025-10-06,ICP,Mumbai High Complex,8.5,Actual,8.5,No,1729.2,Synthetic
7746,2025-10-07,ICP,Mumbai High Complex,8.8,Actual,8.8,No,1737.5,Synthetic
7758,2025-10-08,ICP,Mumbai High Complex,6.7,Actual,6.7,No,1683.8,Synthetic
7770,2025-10-09,ICP,Mumbai High Complex,6.7,Actual,6.7,No,1684.2,Synthetic
7782,2025-10-10,ICP,Mumbai High Complex,6.7,Actual,6.7,No,1687.2,Synthetic
7794,2025-10-11,ICP,Mumbai High Complex,6.7,Actual,6.7,No,1742.9,Synthetic
7806,2025-10-12,ICP,Mumbai High Complex,6.0,Actual,6.0,No,1774.1,Synthetic
7818,2025-10-13,ICP,Mumbai High Complex,6.1,Actual,6.1,No,1697.4,Synthetic
7830,2025-10-14,ICP,Mumbai High Complex,6.0,Actual,6.0,No,1764.8,Synthetic
7842,2025-10-15,ICP,Mumbai High Complex,6.1,Actual,6.1,No,1721.9,Synthetic
7854,2025-10-16,ICP,Mumbai High Complex,6.1,Actual,6.1,No,1707.8,Synthetic
7866,2025-10-17,ICP,Mumbai High Complex,5.6,Actual,5.6,No,1706.8,Synthetic
7878,2025-10-18,ICP,Mumbai High Complex,5.6,Actual,5.6,No,1754.7,Synthetic
7890,2025-10-19,ICP,Mumbai High Complex,5.0,Actual,5.0,No,1737.5,Synthetic
7902,2025-10-20,ICP,Mumbai High Complex,5.0,Actual,5.0,No,1836.7,Synthetic
7914,2025-10-21,ICP,Mumbai High Complex,5.0,Actual,5.0,No,1673.9,Synthetic
7926,2025-10-22,ICP,Mumbai High Complex,6.9,Actual,6.9,No,1724.4,Synthetic
7938,2025-10-23,ICP,Mumbai High Complex,5.0,Actual,5.0,No,1687.8,Synthetic
7950,2025-10-24,ICP,Mumbai High Complex,4.8,Actual,4.8,No,1670.9,Synthetic
7962,2025-10-25,ICP,Mumbai High Complex,4.7,Actual,4.7,No,1714.6,Synthetic
7974,2025-10-26,ICP,Mumbai High Complex,4.5,Actual,4.5,No,1722.8,Synthetic
7986,2025-10-27,ICP,Mumbai High Complex,4.7,Actual,4.7,No,1862.3,Synthetic
7998,2025-10-28,ICP,Mumbai High Complex,11.3,Actual,11.3,No,1638.1,Synthetic
8010,2025-10-29,ICP,Mumbai High Complex,4.8,Actual,4.8,No,1650.7,Synthetic
8022,2025-10-30,ICP,Mumbai High Complex,5.0,Actual,5.0,No,1719.2,Synthetic
8034,2025-10-31,ICP,Mumbai High Complex,5.0,Actual,5.0,No,1597.8,Synthetic
8046,2025-11-01,ICP,Mumbai High Complex,4.8,Actual,4.8,No,1699.7,Synthetic
8058,2025-11-02,ICP,Mumbai High Complex,4.8,Actual,4.8,No,1703.8,Synthetic
8070,2025-11-03,ICP,Mumbai High Complex,4.5,Actual,4.5,No,1745.1,Synthetic
8082,2025-11-04,ICP,Mumbai High Complex,4.6,Actual,4.6,No,1751.9,Synthetic
8094,2025-11-05,ICP,Mumbai High Complex,5.0,Actual,5.0,No,1671.3,Synthetic
8106,2025-11-06,ICP,Mumbai High Complex,4.6,Actual,4.6,No,1691.7,Synthetic
8118,2025-11-07,ICP,Mumbai High Complex,4.6,Actual,4.6,No,1659.0,Synthetic
8130,2025-11-08,ICP,Mumbai High Complex,4.5,Actual,4.5,No,1640.1,Synthetic
8142,2025-11-09,ICP,Mumbai High Complex,0.0,Actual,0.0,No,1755.4,Synthetic
8154,2025-11-10,ICP,Mumbai High Complex,3.8,Actual,3.8,No,1636.5,Synthetic
8166,2025-11-11,ICP,Mumbai High Complex,3.7,Actual,3.7,No,1679.9,Synthetic
8178,2025-11-12,ICP,Mumbai High Complex,3.7,Actual,3.7,No,1648.9,Synthetic
8190,2025-11-13,ICP,Mumbai High Complex,3.8,Actual,3.8,No,1725.3,Synthetic
8202,2025-11-14,ICP,Mumbai High Complex,3.8,Actual,3.8,No,1787.6,Synthetic
8214,2025-11-15,ICP,Mumbai High Complex,3.7,Actual,3.7,No,1629.3,Synthetic
8226,2025-11-16,ICP,Mumbai High Complex,3.8,Actual,3.8,No,1599.0,Synthetic
8238,2025-11-17,ICP,Mumbai High Complex,3.8,Actual,3.8,No,1685.4,Synthetic
8250,2025-11-18,ICP,Mumbai High Complex,3.7,Actual,3.7,No,1692.1,Synthetic
8262,2025-11-19,ICP,Mumbai High Complex,5.2,Actual,5.2,No,1686.7,Synthetic
8274,2025-11-20,ICP,Mumbai High Complex,5.2,Actual,5.2,No,1651.9,Synthetic
8286,2025-11-21,ICP,Mumbai High Complex,3.4,Actual,3.4,No,1679.9,Synthetic
8298,2025-11-22,ICP,Mumbai High Complex,3.4,Actual,3.4,No,1707.3,Synthetic
8310,2025-11-23,ICP,Mumbai High Complex,3.8,Actual,3.8,No,1736.0,Synthetic
8322,2025-11-24,ICP,Mumbai High Complex,3.8,Actual,3.8,No,1583.5,Synthetic
8334,2025-11-25,ICP,Mumbai High Complex,3.9,Actual,3.9,No,1661.2,Synthetic
8346,2025-11-26,ICP,Mumbai High Complex,3.7,Actual,3.7,No,1691.1,Synthetic
8358,2025-11-27,ICP,Mumbai High Complex,4.2,Actual,4.2,No,1628.1,Synthetic
8370,2025-11-28,ICP,Mumbai High Complex,4.3,Actual,4.3,No,1758.7,Synthetic
8382,2025-11-29,ICP,Mumbai High Complex,4.2,Actual,4.2,No,1639.6,Synthetic
8394,2025-11-30,ICP,Mumbai High Complex,4.3,Actual,4.3,No,1667.1,Synthetic
8406,2025-12-01,ICP,Mumbai High Complex,5.3,Actual,5.3,No,1686.1,Synthetic
8418,2025-12-02,ICP,Mumbai High Complex,4.5,Actual,4.5,No,1635.1,Synthetic
8430,2025-12-03,ICP,Mumbai High Complex,4.8,Actual,4.8,No,1568.4,Synthetic
8442,2025-12-04,ICP,Mumbai High Complex,3.8,Actual,3.8,No,1647.0,Synthetic
8454,2025-12-05,ICP,Mumbai High Complex,3.3,Actual,3.3,No,1723.4,Synthetic
8466,2025-12-06,ICP,Mumbai High Complex,3.8,Actual,3.8,No,1648.9,Synthetic
8478,2025-12-07,ICP,Mumbai High Complex,3.3,Actual,3.3,No,1626.6,Synthetic
8490,2025-12-08,ICP,Mumbai High Complex,3.3,Actual,3.3,No,1714.0,Synthetic
8502,2025-12-09,ICP,Mumbai High Complex,3.0,Actual,3.0,No,1652.5,Synthetic
8514,2025-12-10,ICP,Mumbai High Complex,3.6,Actual,3.6,No,1636.7,Synthetic
8526,2025-12-11,ICP,Mumbai High Complex,3.6,Actual,3.6,No,1668.2,Synthetic
8538,2025-12-12,ICP,Mumbai High Complex,3.0,Actual,3.0,No,1703.5,Synthetic
8550,2025-12-13,ICP,Mumbai High Complex,3.2,Actual,3.2,No,1780.5,Synthetic
8562,2025-12-14,ICP,Mumbai High Complex,3.9,Actual,3.9,No,1695.0,Synthetic
8574,2025-12-15,ICP,Mumbai High Complex,3.9,Actual,3.9,No,1710.1,Synthetic
8586,2025-12-16,ICP,Mumbai High Complex,5.1,Actual,5.1,No,1615.2,Synthetic
8598,2025-12-17,ICP,Mumbai High Complex,5.1,Actual,5.1,No,1588.3,Synthetic
8610,2025-12-18,ICP,Mumbai High Complex,3.5,Actual,3.5,No,1655.3,Synthetic
8622,2025-12-19,ICP,Mumbai High Complex,3.2,Actual,3.2,No,1659.0,Synthetic
8634,2025-12-20,ICP,Mumbai High Complex,3.9,Actual,3.9,No,1592.6,Synthetic
8646,2025-12-21,ICP,Mumbai High Complex,3.9,Actual,3.9,No,1635.8,Synthetic
8658,2025-12-22,ICP,Mumbai High Complex,5.1,Actual,5.1,No,1651.6,Synthetic
8670,2025-12-23,ICP,Mumbai High Complex,5.1,Actual,5.1,No,1648.3,Synthetic
8682,2025-12-24,ICP,Mumbai High Complex,3.5,Actual,3.5,No,1669.0,Synthetic
8694,2025-12-25,ICP,Mumbai High Complex,3.6,Actual,3.6,No,1656.2,Synthetic
8706,2025-12-26,ICP,Mumbai High Complex,5.4,Actual,5.4,No,1599.3,Synthetic
8718,2025-12-27,ICP,Mumbai High Complex,3.6,Actual,3.6,No,1613.9,Synthetic
8730,2025-12-28,ICP,Mumbai High Complex,4.7,Actual,4.7,No,1569.2,Synthetic
8742,2025-12-29,ICP,Mumbai High Complex,3.5,Actual,3.5,No,1725.1,Synthetic
8754,2025-12-30,ICP,Mumbai High Complex,3.9,Actual,3.9,No,1633.1,Synthetic
8766,2025-12-31,ICP,Mumbai High Complex,4.0,Actual,4.0,No,1619.2,Synthetic
8778,2026-01-01,ICP,Mumbai High Complex,4.5,Actual,4.5,No,1579.0,Synthetic
8790,2026-01-02,ICP,Mumbai High Complex,3.8,Actual,3.8,No,1772.8,Synthetic
8802,2026-01-03,ICP,Mumbai High Complex,4.0,Actual,4.0,No,1573.8,Synthetic
8814,2026-01-04,ICP,Mumbai High Complex,3.8,Actual,3.8,No,1605.7,Synthetic
8826,2026-01-05,ICP,Mumbai High Complex,4.9,Actual,4.9,No,1635.5,Synthetic
8838,2026-01-06,ICP,Mumbai High Complex,3.5,Actual,3.5,No,1656.0,Synthetic
8850,2026-01-07,ICP,Mumbai High Complex,3.4,Actual,3.4,No,1673.1,Synthetic
8862,2026-01-08,ICP,Mumbai High Complex,3.4,Actual,3.4,No,1713.1,Synthetic
8874,2026-01-09,ICP,Mumbai High Complex,4.7,Actual,4.7,No,1636.3,Synthetic
8886,2026-01-10,ICP,Mumbai High Complex,5.1,Actual,5.1,No,1556.0,Synthetic
8898,2026-01-11,ICP,Mumbai High Complex,4.9,Actual,4.9,No,1595.0,Synthetic
8910,2026-01-12,ICP,Mumbai High Complex,4.9,Actual,4.9,No,1620.9,Synthetic
8922,2026-01-13,ICP,Mumbai High Complex,5.5,Actual,5.5,No,1698.6,Synthetic
8934,2026-01-14,ICP,Mumbai High Complex,5.5,Actual,5.5,No,1531.0,Synthetic
8946,2026-01-15,ICP,Mumbai High Complex,4.4,Actual,4.4,No,1664.6,Synthetic
8958,2026-01-16,ICP,Mumbai High Complex,4.4,Actual,4.4,No,1614.0,Synthetic
8970,2026-01-17,ICP,Mumbai High Complex,4.1,Actual,4.1,No,1647.2,Synthetic
8982,2026-01-18,ICP,Mumbai High Complex,4.0,Actual,4.0,No,1601.4,Synthetic
8994,2026-01-19,ICP,Mumbai High Complex,3.8,Actual,3.8,No,1566.2,Synthetic
9006,2026-01-20,ICP,Mumbai High Complex,3.6,Actual,3.6,No,1643.5,Synthetic
9018,2026-01-21,ICP,Mumbai High Complex,3.9,Actual,3.9,No,1634.8,Synthetic
9030,2026-01-22,ICP,Mumbai High Complex,4.0,Actual,4.0,No,1647.8,Synthetic
9042,2026-01-23,ICP,Mumbai High Complex,4.4,Actual,4.4,No,1595.6,Synthetic
9054,2026-01-24,ICP,Mumbai High Complex,4.0,Actual,4.0,No,1569.7,Synthetic
9066,2026-01-25,ICP,Mumbai High Complex,4.2,Actual,4.2,No,1520.8,Synthetic
9078,2026-01-26,ICP,Mumbai High Complex,3.8,Actual,3.8,No,1637.0,Synthetic
9090,2026-01-27,ICP,Mumbai High Complex,3.8,Actual,3.8,No,1616.7,Synthetic
9102,2026-01-28,ICP,Mumbai High Complex,4.9,Actual,4.9,No,1539.3,Synthetic
9114,2026-01-29,ICP,Mumbai High Complex,4.5,Actual,4.5,No,1561.9,Synthetic
9126,2026-01-30,ICP,Mumbai High Complex,4.2,Actual,4.2,No,1566.6,Synthetic
9138,2026-01-31,ICP,Mumbai High Complex,4.5,Actual,4.5,No,1514.4,Synthetic
9150,2026-02-01,ICP,Mumbai High Complex,4.2,Actual,4.2,No,1547.4,Synthetic
9162,2026-02-02,ICP,Mumbai High Complex,4.0,Actual,4.0,No,1532.8,Synthetic
9174,2026-02-03,ICP,Mumbai High Complex,4.0,Actual,4.0,No,1565.9,Synthetic
9186,2026-02-04,ICP,Mumbai High Complex,4.2,Actual,4.2,No,1547.3,Synthetic
9198,2026-02-05,ICP,Mumbai High Complex,4.0,Actual,4.0,No,1505.6,Synthetic
9210,2026-02-06,ICP,Mumbai High Complex,3.9,Actual,3.9,No,1678.5,Synthetic
9222,2026-02-07,ICP,Mumbai High Complex,3.8,Actual,3.8,No,1641.5,Synthetic
9234,2026-02-08,ICP,Mumbai High Complex,3.9,Actual,3.9,No,1543.0,Synthetic
9246,2026-02-09,ICP,Mumbai High Complex,3.9,Actual,3.9,No,1591.5,Synthetic
9258,2026-02-10,ICP,Mumbai High Complex,4.9,Actual,4.9,No,1588.1,Synthetic
9270,2026-02-11,ICP,Mumbai High Complex,4.4,Actual,4.4,No,1627.8,Synthetic
9282,2026-02-12,ICP,Mumbai High Complex,4.0,Actual,4.0,No,1535.2,Synthetic
9294,2026-02-13,ICP,Mumbai High Complex,4.0,Actual,4.0,No,1624.1,Synthetic
9306,2026-02-14,ICP,Mumbai High Complex,5.9,Actual,5.9,No,1528.9,Synthetic
9318,2026-02-15,ICP,Mumbai High Complex,5.6,Actual,5.6,No,1493.5,Synthetic
9330,2026-02-16,ICP,Mumbai High Complex,5.8,Actual,5.8,No,1586.6,Synthetic
9342,2026-02-17,ICP,Mumbai High Complex,8.2,Actual,8.2,No,1589.7,Synthetic
9354,2026-02-18,ICP,Mumbai High Complex,5.0,Actual,5.0,No,1678.3,Synthetic
9366,2026-02-19,ICP,Mumbai High Complex,8.2,Actual,8.2,No,1472.9,Synthetic
9378,2026-02-20,ICP,Mumbai High Complex,5.0,Actual,5.0,No,1587.4,Synthetic
9390,2026-02-21,ICP,Mumbai High Complex,6.3,Actual,6.3,No,1523.2,Synthetic
9402,2026-02-22,ICP,Mumbai High Complex,6.5,Actual,6.5,No,1575.3,Synthetic
9414,2026-02-23,ICP,Mumbai High Complex,6.5,Actual,6.5,No,1470.0,Synthetic
9426,2026-02-24,ICP,Mumbai High Complex,6.9,Actual,6.9,No,1475.0,Synthetic
7,2024-01-01,MHN,Mumbai High Complex,1.7,Actual,1.7,No,567.2,Synthetic
19,2024-01-02,MHN,Mumbai High Complex,4.0,Actual,4.0,No,573.8,Synthetic
31,2024-01-03,MHN,Mumbai High Complex,4.2,Actual,4.2,No,560.0,Synthetic
43,2024-01-04,MHN,Mumbai High Complex,4.3,Actual,4.3,No,581.0,Synthetic
55,2024-01-05,MHN,Mumbai High Complex,4.5,Actual,4.5,No,585.8,Synthetic
67,2024-01-06,MHN,Mumbai High Complex,4.6,Actual,4.6,No,577.3,Synthetic
79,2024-01-07,MHN,Mumbai High Complex,4.5,Actual,4.5,No,594.1,Synthetic
91,2024-01-08,MHN,Mumbai High Complex,4.4,Actual,4.4,No,573.1,Synthetic
103,2024-01-09,MHN,Mumbai High Complex,4.7,Actual,4.7,No,543.7,Synthetic
115,2024-01-10,MHN,Mumbai High Complex,4.2,Actual,4.2,No,588.1,Synthetic
127,2024-01-11,MHN,Mumbai High Complex,3.8,Actual,3.8,No,555.2,Synthetic
139,2024-01-12,MHN,Mumbai High Complex,3.5,Actual,3.5,No,581.0,Synthetic
151,2024-01-13,MHN,Mumbai High Complex,3.2,Actual,3.2,No,592.4,Synthetic
163,2024-01-14,MHN,Mumbai High Complex,3.4,Actual,3.4,No,571.9,Synthetic
175,2024-01-15,MHN,Mumbai High Complex,3.1,Actual,3.1,No,539.0,Synthetic
187,2024-01-16,MHN,Mumbai High Complex,2.6,Actual,2.6,No,549.5,Synthetic
199,2024-01-17,MHN,Mumbai High Complex,2.2,Actual,2.2,No,587.9,Synthetic
211,2024-01-18,MHN,Mumbai High Complex,2.3,Actual,2.3,No,561.4,Synthetic
223,2024-01-19,MHN,Mumbai High Complex,2.5,Actual,2.5,No,564.2,Synthetic
235,2024-01-20,MHN,Mumbai High Complex,2.7,Actual,2.7,No,574.2,Synthetic
247,2024-01-21,MHN,Mumbai High Complex,2.6,Actual,2.6,No,572.6,Synthetic
259,2024-01-22,MHN,Mumbai High Complex,2.4,Actual,2.4,No,565.3,Synthetic
271,2024-01-23,MHN,Mumbai High Complex,3.0,Actual,3.0,No,554.4,Synthetic
283,2024-01-24,MHN,Mumbai High Complex,3.1,Actual,3.1,No,551.6,Synthetic
295,2024-01-25,MHN,Mumbai High Complex,2.8,Actual,2.8,No,571.2,Synthetic
307,2024-01-26,MHN,Mumbai High Complex,2.9,Actual,2.9,No,565.0,Synthetic
319,2024-01-27,MHN,Mumbai High Complex,2.3,Actual,2.3,No,552.5,Synthetic
331,2024-01-28,MHN,Mumbai High Complex,1.8,Actual,1.8,No,575.6,Synthetic
343,2024-01-29,MHN,Mumbai High Complex,1.7,Actual,1.7,No,554.8,Synthetic
355,2024-01-30,MHN,Mumbai High Complex,1.8,Actual,1.8,No,541.7,Synthetic
367,2024-01-31,MHN,Mumbai High Complex,1.8,Actual,1.8,No,542.4,Synthetic
379,2024-02-01,MHN,Mumbai High Complex,1.6,Actual,1.6,No,538.5,Synthetic
391,2024-02-02,MHN,Mumbai High Complex,1.9,Actual,1.9,No,548.5,Synthetic
403,2024-02-03,MHN,Mumbai High Complex,1.8,Actual,1.8,No,573.0,Synthetic
415,2024-02-04,MHN,Mumbai High Complex,1.8,Actual,1.8,No,538.4,Synthetic
427,2024-02-05,MHN,Mumbai High Complex,2.0,Actual,2.0,No,553.4,Synthetic
439,2024-02-06,MHN,Mumbai High Complex,2.2,Actual,2.2,No,538.1,Synthetic
451,2024-02-07,MHN,Mumbai High Complex,1.7,Actual,1.7,No,545.3,Synthetic
463,2024-02-08,MHN,Mumbai High Complex,1.9,Actual,1.9,No,523.3,Synthetic
475,2024-02-09,MHN,Mumbai High Complex,2.0,Actual,2.0,No,543.4,Synthetic
487,2024-02-10,MHN,Mumbai High Complex,1.8,Actual,1.8,No,543.6,Synthetic
499,2024-02-11,MHN,Mumbai High Complex,1.7,Actual,1.7,No,555.2,Synthetic
511,2024-02-12,MHN,Mumbai High Complex,1.8,Actual,1.8,No,548.8,Synthetic
523,2024-02-13,MHN,Mumbai High Complex,1.6,Actual,1.6,No,525.4,Synthetic
535,2024-02-14,MHN,Mumbai High Complex,1.8,Actual,1.8,No,561.3,Synthetic
547,2024-02-15,MHN,Mumbai High Complex,1.6,Actual,1.6,No,546.8,Synthetic
559,2024-02-16,MHN,Mumbai High Complex,1.7,Actual,1.7,No,545.5,Synthetic
571,2024-02-17,MHN,Mumbai High Complex,1.8,Actual,1.8,No,541.0,Synthetic
583,2024-02-18,MHN,Mumbai High Complex,1.7,Actual,1.7,No,532.2,Synthetic
595,2024-02-19,MHN,Mumbai High Complex,1.6,Actual,1.6,No,543.7,Synthetic
607,2024-02-20,MHN,Mumbai High Complex,1.7,Actual,1.7,No,546.7,Synthetic
619,2024-02-21,MHN,Mumbai High Complex,1.6,Actual,1.6,No,510.3,Synthetic
631,2024-02-22,MHN,Mumbai High Complex,1.8,Actual,1.8,No,528.5,Synthetic
643,2024-02-23,MHN,Mumbai High Complex,1.6,Actual,1.6,No,532.8,Synthetic
655,2024-02-24,MHN,Mumbai High Complex,1.8,Actual,1.8,No,539.7,Synthetic
667,2024-02-25,MHN,Mumbai High Complex,1.8,Actual,1.8,No,553.9,Synthetic
679,2024-02-26,MHN,Mumbai High Complex,1.7,Actual,1.7,No,521.9,Synthetic
691,2024-02-27,MHN,Mumbai High Complex,1.8,Actual,1.8,No,525.2,Synthetic
703,2024-02-28,MHN,Mumbai High Complex,1.7,Actual,1.7,No,524.5,Synthetic
715,2024-02-29,MHN,Mumbai High Complex,1.9,Actual,1.9,No,518.5,Synthetic
727,2024-03-01,MHN,Mumbai High Complex,2.0,Actual,2.0,No,524.7,Synthetic
739,2024-03-02,MHN,Mumbai High Complex,2.2,Actual,2.2,No,541.0,Synthetic
751,2024-03-03,MHN,Mumbai High Complex,1.7,Actual,1.7,No,512.7,Synthetic
763,2024-03-04,MHN,Mumbai High Complex,1.7,Actual,1.7,No,535.5,Synthetic
775,2024-03-05,MHN,Mumbai High Complex,2.0,Actual,2.0,No,500.1,Synthetic
787,2024-03-06,MHN,Mumbai High Complex,1.9,Actual,1.9,No,517.7,Synthetic
799,2024-03-07,MHN,Mumbai High Complex,2.1,Actual,2.1,No,520.0,Synthetic
811,2024-03-08,MHN,Mumbai High Complex,1.9,Actual,1.9,No,551.4,Synthetic
823,2024-03-09,MHN,Mumbai High Complex,1.8,Actual,1.8,No,520.2,Synthetic
835,2024-03-10,MHN,Mumbai High Complex,1.9,Actual,1.9,No,488.8,Synthetic
847,2024-03-11,MHN,Mumbai High Complex,2.1,Actual,2.1,No,490.7,Synthetic
859,2024-03-12,MHN,Mumbai High Complex,1.9,Actual,1.9,No,522.4,Synthetic
871,2024-03-13,MHN,Mumbai High Complex,1.7,Actual,1.7,No,531.3,Synthetic
883,2024-03-14,MHN,Mumbai High Complex,1.8,Actual,1.8,No,526.5,Synthetic
895,2024-03-15,MHN,Mumbai High Complex,1.7,Actual,1.7,No,522.7,Synthetic
907,2024-03-16,MHN,Mumbai High Complex,1.8,Actual,1.8,No,537.1,Synthetic
919,2024-03-17,MHN,Mumbai High Complex,1.8,Actual,1.8,No,509.9,Synthetic
931,2024-03-18,MHN,Mumbai High Complex,1.8,Actual,1.8,No,531.4,Synthetic
943,2024-03-19,MHN,Mumbai High Complex,1.9,Actual,1.9,No,491.2,Synthetic
955,2024-03-20,MHN,Mumbai High Complex,2.0,Actual,2.0,No,501.4,Synthetic
967,2024-03-21,MHN,Mumbai High Complex,1.9,Actual,1.9,No,487.0,Synthetic
979,2024-03-22,MHN,Mumbai High Complex,1.8,Actual,1.8,No,510.2,Synthetic
991,2024-03-23,MHN,Mumbai High Complex,1.7,Actual,1.7,No,513.2,Synthetic
1003,2024-03-24,MHN,Mumbai High Complex,1.6,Actual,1.6,No,515.2,Synthetic
1015,2024-03-25,MHN,Mumbai High Complex,1.7,Actual,1.7,No,513.4,Synthetic
1027,2024-03-26,MHN,Mumbai High Complex,1.4,Actual,1.4,No,498.2,Synthetic
1039,2024-03-27,MHN,Mumbai High Complex,1.4,Actual,1.4,No,508.8,Synthetic
1051,2024-03-28,MHN,Mumbai High Complex,1.8,Actual,1.8,No,486.9,Synthetic
1063,2024-03-29,MHN,Mumbai High Complex,1.8,Actual,1.8,No,529.9,Synthetic
1075,2024-03-30,MHN,Mumbai High Complex,2.5,Actual,2.5,No,501.7,Synthetic
1087,2024-03-31,MHN,Mumbai High Complex,2.2,Actual,2.2,No,499.0,Synthetic
1099,2024-04-01,MHN,Mumbai High Complex,2.3,Actual,2.3,No,529.5,Synthetic
1111,2024-04-02,MHN,Mumbai High Complex,2.3,Actual,2.3,No,485.9,Synthetic
1123,2024-04-03,MHN,Mumbai High Complex,1.7,Actual,1.7,No,488.5,Synthetic
1135,2024-04-04,MHN,Mumbai High Complex,2.1,Actual,2.1,No,487.2,Synthetic
1147,2024-04-05,MHN,Mumbai High Complex,2.2,Actual,2.2,No,501.7,Synthetic
1159,2024-04-06,MHN,Mumbai High Complex,1.7,Actual,1.7,No,509.9,Synthetic
1171,2024-04-07,MHN,Mumbai High Complex,2.1,Actual,2.1,No,512.6,Synthetic
1183,2024-04-08,MHN,Mumbai High Complex,2.2,Actual,2.2,No,539.1,Synthetic
1195,2024-04-09,MHN,Mumbai High Complex,1.6,Actual,1.6,No,467.5,Synthetic
1207,2024-04-10,MHN,Mumbai High Complex,1.5,Actual,1.5,No,510.1,Synthetic
1219,2024-04-11,MHN,Mumbai High Complex,1.6,Actual,1.6,No,491.5,Synthetic
1231,2024-04-12,MHN,Mumbai High Complex,1.6,Actual,1.6,No,490.4,Synthetic
1243,2024-04-13,MHN,Mumbai High Complex,1.7,Actual,1.7,No,488.9,Synthetic
1255,2024-04-14,MHN,Mumbai High Complex,1.6,Actual,1.6,No,484.1,Synthetic
1267,2024-04-15,MHN,Mumbai High Complex,1.5,Actual,1.5,No,522.3,Synthetic
1279,2024-04-16,MHN,Mumbai High Complex,1.6,Actual,1.6,No,508.7,Synthetic
1291,2024-04-17,MHN,Mumbai High Complex,1.7,Actual,1.7,No,495.5,Synthetic
1303,2024-04-18,MHN,Mumbai High Complex,1.5,Actual,1.5,No,515.0,Synthetic
1315,2024-04-19,MHN,Mumbai High Complex,1.6,Actual,1.6,No,471.6,Synthetic
1327,2024-04-20,MHN,Mumbai High Complex,1.5,Actual,1.5,No,473.8,Synthetic
1339,2024-04-21,MHN,Mumbai High Complex,1.6,Actual,1.6,No,460.3,Synthetic
1351,2024-04-22,MHN,Mumbai High Complex,1.8,Actual,1.8,No,480.9,Synthetic
1363,2024-04-23,MHN,Mumbai High Complex,1.9,Actual,1.9,No,492.6,Synthetic
1375,2024-04-24,MHN,Mumbai High Complex,1.9,Actual,1.9,No,491.0,Synthetic
1387,2024-04-25,MHN,Mumbai High Complex,1.8,Actual,1.8,No,491.2,Synthetic
1399,2024-04-26,MHN,Mumbai High Complex,1.9,Actual,1.9,No,467.4,Synthetic
1411,2024-04-27,MHN,Mumbai High Complex,3.8,Actual,3.8,No,493.8,Synthetic
1423,2024-04-28,MHN,Mumbai High Complex,3.1,Actual,3.1,No,486.8,Synthetic
1435,2024-04-29,MHN,Mumbai High Complex,3.5,Actual,3.5,No,492.1,Synthetic
1447,2024-04-30,MHN,Mumbai High Complex,3.8,Actual,3.8,No,452.8,Synthetic
1459,2024-05-01,MHN,Mumbai High Complex,3.2,Actual,3.2,No,485.4,Synthetic
1471,2024-05-02,MHN,Mumbai High Complex,3.0,Actual,3.0,No,463.6,Synthetic
1483,2024-05-03,MHN,Mumbai High Complex,3.0,Actual,3.0,No,474.3,Synthetic
1495,2024-05-04,MHN,Mumbai High Complex,3.2,Actual,3.2,No,486.4,Synthetic
1507,2024-05-05,MHN,Mumbai High Complex,3.3,Actual,3.3,No,479.1,Synthetic
1519,2024-05-06,MHN,Mumbai High Complex,3.3,Actual,3.3,No,464.9,Synthetic
1531,2024-05-07,MHN,Mumbai High Complex,3.2,Actual,3.2,No,476.7,Synthetic
1543,2024-05-08,MHN,Mumbai High Complex,3.2,Actual,3.2,No,454.1,Synthetic
1555,2024-05-09,MHN,Mumbai High Complex,3.2,Actual,3.2,No,491.6,Synthetic
1567,2024-05-10,MHN,Mumbai High Complex,3.1,Actual,3.1,No,471.8,Synthetic
1579,2024-05-11,MHN,Mumbai High Complex,3.2,Actual,3.2,No,489.7,Synthetic
1591,2024-05-12,MHN,Mumbai High Complex,3.3,Actual,3.3,No,465.4,Synthetic
1603,2024-05-13,MHN,Mumbai High Complex,3.4,Actual,3.4,No,464.4,Synthetic
1615,2024-05-14,MHN,Mumbai High Complex,3.3,Actual,3.3,No,460.6,Synthetic
1627,2024-05-15,MHN,Mumbai High Complex,3.1,Actual,3.1,No,483.6,Synthetic
1639,2024-05-16,MHN,Mumbai High Complex,3.0,Actual,3.0,No,460.8,Synthetic
1651,2024-05-17,MHN,Mumbai High Complex,2.8,Actual,2.8,No,479.7,Synthetic
1663,2024-05-18,MHN,Mumbai High Complex,2.7,Actual,2.7,No,464.8,Synthetic
1675,2024-05-19,MHN,Mumbai High Complex,2.6,Actual,2.6,No,441.9,Synthetic
1687,2024-05-20,MHN,Mumbai High Complex,2.8,Actual,2.8,No,460.5,Synthetic
1699,2024-05-21,MHN,Mumbai High Complex,2.7,Actual,2.7,No,451.5,Synthetic
1711,2024-05-22,MHN,Mumbai High Complex,2.8,Actual,2.8,No,467.6,Synthetic
1723,2024-05-23,MHN,Mumbai High Complex,3.0,Actual,3.0,No,449.3,Synthetic
1735,2024-05-24,MHN,Mumbai High Complex,2.9,Actual,2.9,No,478.4,Synthetic
1747,2024-05-25,MHN,Mumbai High Complex,2.8,Actual,2.8,No,463.8,Synthetic
1759,2024-05-26,MHN,Mumbai High Complex,2.9,Actual,2.9,No,461.6,Synthetic
1771,2024-05-27,MHN,Mumbai High Complex,3.6,Actual,3.6,No,470.7,Synthetic
1783,2024-05-28,MHN,Mumbai High Complex,3.0,Actual,3.0,No,475.8,Synthetic
1795,2024-05-29,MHN,Mumbai High Complex,3.0,Actual,3.0,No,461.5,Synthetic
1807,2024-05-30,MHN,Mumbai High Complex,2.9,Actual,2.9,No,450.7,Synthetic
1819,2024-05-31,MHN,Mumbai High Complex,3.1,Actual,3.1,No,435.7,Synthetic
1831,2024-06-01,MHN,Mumbai High Complex,2.8,Actual,2.8,No,450.8,Synthetic
1843,2024-06-02,MHN,Mumbai High Complex,2.6,Actual,2.6,No,451.5,Synthetic
1855,2024-06-03,MHN,Mumbai High Complex,2.7,Actual,2.7,No,460.6,Synthetic
1867,2024-06-04,MHN,Mumbai High Complex,2.8,Actual,2.8,No,453.4,Synthetic
1879,2024-06-05,MHN,Mumbai High Complex,3.2,Actual,3.2,No,465.9,Synthetic
1891,2024-06-06,MHN,Mumbai High Complex,3.0,Actual,3.0,No,447.9,Synthetic
1903,2024-06-07,MHN,Mumbai High Complex,3.2,Actual,3.2,No,454.3,Synthetic
1915,2024-06-08,MHN,Mumbai High Complex,3.1,Actual,3.1,No,470.9,Synthetic
1927,2024-06-09,MHN,Mumbai High Complex,3.0,Actual,3.0,No,458.9,Synthetic
1939,2024-06-10,MHN,Mumbai High Complex,3.0,Actual,3.0,No,452.8,Synthetic
1951,2024-06-11,MHN,Mumbai High Complex,2.9,Actual,2.9,No,445.0,Synthetic
1963,2024-06-12,MHN,Mumbai High Complex,3.0,Actual,3.0,No,443.7,Synthetic
1975,2024-06-13,MHN,Mumbai High Complex,2.8,Actual,2.8,No,440.5,Synthetic
1987,2024-06-14,MHN,Mumbai High Complex,3.2,Actual,3.2,No,443.1,Synthetic
1999,2024-06-15,MHN,Mumbai High Complex,3.1,Actual,3.1,No,460.2,Synthetic
2011,2024-06-16,MHN,Mumbai High Complex,2.9,Actual,2.9,No,446.8,Synthetic
2023,2024-06-17,MHN,Mumbai High Complex,1.4,Actual,1.4,No,434.6,Synthetic
2035,2024-06-18,MHN,Mumbai High Complex,1.3,Actual,1.3,No,476.5,Synthetic
2047,2024-06-19,MHN,Mumbai High Complex,1.3,Actual,1.3,No,456.2,Synthetic
2059,2024-06-20,MHN,Mumbai High Complex,2.0,Actual,2.0,No,430.4,Synthetic
2071,2024-06-21,MHN,Mumbai High Complex,1.9,Actual,1.9,No,443.0,Synthetic
2083,2024-06-22,MHN,Mumbai High Complex,1.7,Actual,1.7,No,450.3,Synthetic
2095,2024-06-23,MHN,Mumbai High Complex,1.9,Actual,1.9,No,470.5,Synthetic
2107,2024-06-24,MHN,Mumbai High Complex,3.0,Actual,3.0,No,429.5,Synthetic
2119,2024-06-25,MHN,Mumbai High Complex,3.2,Actual,3.2,No,456.1,Synthetic
2131,2024-06-26,MHN,Mumbai High Complex,3.1,Actual,3.1,No,461.3,Synthetic
2143,2024-06-27,MHN,Mumbai High Complex,3.5,Actual,3.5,No,432.7,Synthetic
2155,2024-06-28,MHN,Mumbai High Complex,3.9,Actual,3.9,No,435.7,Synthetic
2167,2024-06-29,MHN,Mumbai High Complex,3.9,Actual,3.9,No,425.1,Synthetic
2179,2024-06-30,MHN,Mumbai High Complex,3.9,Actual,3.9,No,435.4,Synthetic
2191,2024-07-01,MHN,Mumbai High Complex,3.9,Actual,3.9,No,436.9,Synthetic
2203,2024-07-02,MHN,Mumbai High Complex,3.9,Actual,3.9,No,445.4,Synthetic
2215,2024-07-03,MHN,Mumbai High Complex,3.9,Actual,3.9,No,450.4,Synthetic
2227,2024-07-04,MHN,Mumbai High Complex,3.9,Actual,3.9,No,425.7,Synthetic
2239,2024-07-05,MHN,Mumbai High Complex,3.9,Actual,3.9,No,409.2,Synthetic
2251,2024-07-06,MHN,Mumbai High Complex,3.9,Actual,3.9,No,433.9,Synthetic
2263,2024-07-07,MHN,Mumbai High Complex,3.9,Actual,3.9,No,437.3,Synthetic
2275,2024-07-08,MHN,Mumbai High Complex,3.9,Actual,3.9,No,436.1,Synthetic
2287,2024-07-09,MHN,Mumbai High Complex,3.9,Actual,3.9,No,428.0,Synthetic
2299,2024-07-10,MHN,Mumbai High Complex,3.9,Actual,3.9,No,433.2,Synthetic
2311,2024-07-11,MHN,Mumbai High Complex,3.9,Actual,3.9,No,450.5,Synthetic
2323,2024-07-12,MHN,Mumbai High Complex,3.9,Actual,3.9,No,435.2,Synthetic
2335,2024-07-13,MHN,Mumbai High Complex,3.9,Actual,3.9,No,424.9,Synthetic
2347,2024-07-14,MHN,Mumbai High Complex,2.1,Actual,2.1,No,426.9,Synthetic
2359,2024-07-15,MHN,Mumbai High Complex,2.1,Actual,2.1,No,430.5,Synthetic
2371,2024-07-16,MHN,Mumbai High Complex,1.8,Actual,1.8,No,454.1,Synthetic
2383,2024-07-17,MHN,Mumbai High Complex,2.0,Actual,2.0,No,429.3,Synthetic
2395,2024-07-18,MHN,Mumbai High Complex,2.0,Actual,2.0,No,430.8,Synthetic
2407,2024-07-19,MHN,Mumbai High Complex,2.0,Actual,2.0,No,424.2,Synthetic
2419,2024-07-20,MHN,Mumbai High Complex,2.0,Actual,2.0,No,443.9,Synthetic
2431,2024-07-21,MHN,Mumbai High Complex,3.6,Actual,3.6,No,450.3,Synthetic
2443,2024-07-22,MHN,Mumbai High Complex,1.8,Actual,1.8,No,434.8,Synthetic
2455,2024-07-23,MHN,Mumbai High Complex,1.8,Actual,1.8,No,429.4,Synthetic
2467,2024-07-24,MHN,Mumbai High Complex,1.8,Actual,1.8,No,428.2,Synthetic
2479,2024-07-25,MHN,Mumbai High Complex,1.8,Actual,1.8,No,396.5,Synthetic
2491,2024-07-26,MHN,Mumbai High Complex,1.9,Actual,1.9,No,435.7,Synthetic
2503,2024-07-27,MHN,Mumbai High Complex,1.8,Actual,1.8,No,427.5,Synthetic
2515,2024-07-28,MHN,Mumbai High Complex,1.9,Actual,1.9,No,430.4,Synthetic
2527,2024-07-29,MHN,Mumbai High Complex,2.2,Actual,2.2,No,414.5,Synthetic
2539,2024-07-30,MHN,Mumbai High Complex,2.2,Actual,2.2,No,418.1,Synthetic
2551,2024-07-31,MHN,Mumbai High Complex,5.0,Actual,5.0,No,410.6,Synthetic
2563,2024-08-01,MHN,Mumbai High Complex,2.4,Actual,2.4,No,434.1,Synthetic
2575,2024-08-02,MHN,Mumbai High Complex,2.3,Actual,2.3,No,416.0,Synthetic
2587,2024-08-03,MHN,Mumbai High Complex,2.3,Actual,2.3,No,446.4,Synthetic
2599,2024-08-04,MHN,Mumbai High Complex,2.3,Actual,2.3,No,425.0,Synthetic
2611,2024-08-05,MHN,Mumbai High Complex,3.1,Actual,3.1,No,401.1,Synthetic
2623,2024-08-06,MHN,Mumbai High Complex,3.1,Actual,3.1,No,414.8,Synthetic
2635,2024-08-07,MHN,Mumbai High Complex,3.5,Actual,3.5,No,406.8,Synthetic
2647,2024-08-08,MHN,Mumbai High Complex,3.5,Actual,3.5,No,387.0,Synthetic
2659,2024-08-09,MHN,Mumbai High Complex,3.7,Actual,3.7,No,433.0,Synthetic
2671,2024-08-10,MHN,Mumbai High Complex,2.7,Actual,2.7,No,423.7,Synthetic
2683,2024-08-11,MHN,Mumbai High Complex,2.7,Actual,2.7,No,420.9,Synthetic
2695,2024-08-12,MHN,Mumbai High Complex,3.0,Actual,3.0,No,415.0,Synthetic
2707,2024-08-13,MHN,Mumbai High Complex,2.8,Actual,2.8,No,395.7,Synthetic
2719,2024-08-14,MHN,Mumbai High Complex,2.8,Actual,2.8,No,406.2,Synthetic
2731,2024-08-15,MHN,Mumbai High Complex,4.3,Actual,4.3,No,418.5,Synthetic
2743,2024-08-16,MHN,Mumbai High Complex,3.8,Actual,3.8,No,395.8,Synthetic
2755,2024-08-17,MHN,Mumbai High Complex,4.0,Actual,4.0,No,376.7,Synthetic
2767,2024-08-18,MHN,Mumbai High Complex,3.8,Actual,3.8,No,404.7,Synthetic
2779,2024-08-19,MHN,Mumbai High Complex,3.8,Actual,3.8,No,405.1,Synthetic
2791,2024-08-20,MHN,Mumbai High Complex,3.8,Actual,3.8,No,407.9,Synthetic
2803,2024-08-21,MHN,Mumbai High Complex,3.8,Actual,3.8,No,414.5,Synthetic
2815,2024-08-22,MHN,Mumbai High Complex,3.1,Actual,3.1,No,414.4,Synthetic
2827,2024-08-23,MHN,Mumbai High Complex,3.1,Actual,3.1,No,409.2,Synthetic
2839,2024-08-24,MHN,Mumbai High Complex,3.1,Actual,3.1,No,420.0,Synthetic
2851,2024-08-25,MHN,Mumbai High Complex,3.5,Actual,3.5,No,385.5,Synthetic
2863,2024-08-26,MHN,Mumbai High Complex,3.5,Actual,3.5,No,409.4,Synthetic
2875,2024-08-27,MHN,Mumbai High Complex,3.5,Actual,3.5,No,410.3,Synthetic
2887,2024-08-28,MHN,Mumbai High Complex,3.5,Actual,3.5,No,387.2,Synthetic
2899,2024-08-29,MHN,Mumbai High Complex,3.3,Actual,3.3,No,383.9,Synthetic
2911,2024-08-30,MHN,Mumbai High Complex,3.3,Actual,3.3,No,392.4,Synthetic
2923,2024-08-31,MHN,Mumbai High Complex,3.1,Actual,3.1,No,393.3,Synthetic
2935,2024-09-01,MHN,Mumbai High Complex,3.1,Actual,3.1,No,409.7,Synthetic
2947,2024-09-02,MHN,Mumbai High Complex,3.1,Actual,3.1,No,392.7,Synthetic
2959,2024-09-03,MHN,Mumbai High Complex,3.1,Actual,3.1,No,389.2,Synthetic
2971,2024-09-04,MHN,Mumbai High Complex,3.1,Actual,3.1,No,391.5,Synthetic
2983,2024-09-05,MHN,Mumbai High Complex,3.1,Actual,3.1,No,411.6,Synthetic
2995,2024-09-06,MHN,Mumbai High Complex,3.1,Actual,3.1,No,397.8,Synthetic
3007,2024-09-07,MHN,Mumbai High Complex,6.1,Actual,6.1,No,388.3,Synthetic
3019,2024-09-08,MHN,Mumbai High Complex,3.1,Actual,3.1,No,395.2,Synthetic
3031,2024-09-09,MHN,Mumbai High Complex,3.1,Actual,3.1,No,411.2,Synthetic
3043,2024-09-10,MHN,Mumbai High Complex,3.1,Actual,3.1,No,386.4,Synthetic
3055,2024-09-11,MHN,Mumbai High Complex,3.1,Actual,3.1,No,410.3,Synthetic
3067,2024-09-12,MHN,Mumbai High Complex,3.1,Actual,3.1,No,396.6,Synthetic
3079,2024-09-13,MHN,Mumbai High Complex,3.5,Actual,3.5,No,390.8,Synthetic
3091,2024-09-14,MHN,Mumbai High Complex,3.5,Actual,3.5,No,421.5,Synthetic
3103,2024-09-15,MHN,Mumbai High Complex,3.3,Actual,3.3,No,379.5,Synthetic
3115,2024-09-16,MHN,Mumbai High Complex,3.4,Actual,3.4,No,387.0,Synthetic
3127,2024-09-17,MHN,Mumbai High Complex,3.4,Actual,3.4,No,376.1,Synthetic
3139,2024-09-18,MHN,Mumbai High Complex,3.4,Actual,3.4,No,401.1,Synthetic
3151,2024-09-19,MHN,Mumbai High Complex,3.4,Actual,3.4,No,409.1,Synthetic
3163,2024-09-20,MHN,Mumbai High Complex,3.6,Actual,3.6,No,407.8,Synthetic
3175,2024-09-21,MHN,Mumbai High Complex,3.7,Actual,3.7,No,401.8,Synthetic
3187,2024-09-22,MHN,Mumbai High Complex,3.7,Actual,3.7,No,384.7,Synthetic
3199,2024-09-23,MHN,Mumbai High Complex,3.3,Actual,3.3,No,383.0,Synthetic
3211,2024-09-24,MHN,Mumbai High Complex,3.1,Actual,3.1,No,367.7,Synthetic
3223,2024-09-25,MHN,Mumbai High Complex,3.3,Actual,3.3,No,409.7,Synthetic
3235,2024-09-26,MHN,Mumbai High Complex,3.6,Actual,3.6,No,390.3,Synthetic
3247,2024-09-27,MHN,Mumbai High Complex,3.6,Actual,3.6,No,378.7,Synthetic
3259,2024-09-28,MHN,Mumbai High Complex,3.1,Actual,3.1,No,400.2,Synthetic
3271,2024-09-29,MHN,Mumbai High Complex,3.1,Actual,3.1,No,373.1,Synthetic
3283,2024-09-30,MHN,Mumbai High Complex,3.3,Actual,3.3,No,387.9,Synthetic
3295,2024-10-01,MHN,Mumbai High Complex,3.3,Actual,3.3,No,380.7,Synthetic
3307,2024-10-02,MHN,Mumbai High Complex,3.2,Actual,3.2,No,389.7,Synthetic
3319,2024-10-03,MHN,Mumbai High Complex,3.3,Actual,3.3,No,380.8,Synthetic
3331,2024-10-04,MHN,Mumbai High Complex,3.2,Actual,3.2,No,364.6,Synthetic
3343,2024-10-05,MHN,Mumbai High Complex,3.4,Actual,3.4,No,381.1,Synthetic
3355,2024-10-06,MHN,Mumbai High Complex,3.3,Actual,3.3,No,391.8,Synthetic
3367,2024-10-07,MHN,Mumbai High Complex,3.4,Actual,3.4,No,378.7,Synthetic
3379,2024-10-08,MHN,Mumbai High Complex,3.3,Actual,3.3,No,387.5,Synthetic
3391,2024-10-09,MHN,Mumbai High Complex,3.3,Actual,3.3,No,366.3,Synthetic
3403,2024-10-10,MHN,Mumbai High Complex,3.4,Actual,3.4,No,377.1,Synthetic
3415,2024-10-11,MHN,Mumbai High Complex,3.3,Actual,3.3,No,370.0,Synthetic
3427,2024-10-12,MHN,Mumbai High Complex,3.2,Actual,3.2,No,385.1,Synthetic
3439,2024-10-13,MHN,Mumbai High Complex,3.3,Actual,3.3,No,376.3,Synthetic
3451,2024-10-14,MHN,Mumbai High Complex,3.3,Actual,3.3,No,383.1,Synthetic
3463,2024-10-15,MHN,Mumbai High Complex,3.5,Actual,3.5,No,386.6,Synthetic
3475,2024-10-16,MHN,Mumbai High Complex,3.2,Actual,3.2,No,382.2,Synthetic
3487,2024-10-17,MHN,Mumbai High Complex,3.8,Actual,3.8,No,375.7,Synthetic
3499,2024-10-18,MHN,Mumbai High Complex,3.8,Actual,3.8,No,360.9,Synthetic
3511,2024-10-19,MHN,Mumbai High Complex,3.9,Actual,3.9,No,371.3,Synthetic
3523,2024-10-20,MHN,Mumbai High Complex,3.8,Actual,3.8,No,365.0,Synthetic
3535,2024-10-21,MHN,Mumbai High Complex,3.9,Actual,3.9,No,366.4,Synthetic
3547,2024-10-22,MHN,Mumbai High Complex,3.8,Actual,3.8,No,365.7,Synthetic
3559,2024-10-23,MHN,Mumbai High Complex,4.0,Actual,4.0,No,358.1,Synthetic
3571,2024-10-24,MHN,Mumbai High Complex,3.9,Actual,3.9,No,346.9,Synthetic
3583,2024-10-25,MHN,Mumbai High Complex,3.9,Actual,3.9,No,360.6,Synthetic
3595,2024-10-26,MHN,Mumbai High Complex,3.9,Actual,3.9,No,369.6,Synthetic
3607,2024-10-27,MHN,Mumbai High Complex,3.8,Actual,3.8,No,352.3,Synthetic
3619,2024-10-28,MHN,Mumbai High Complex,3.8,Actual,3.8,No,366.8,Synthetic
3631,2024-10-29,MHN,Mumbai High Complex,4.2,Actual,4.2,No,386.0,Synthetic
3643,2024-10-30,MHN,Mumbai High Complex,4.2,Actual,4.2,No,375.9,Synthetic
3655,2024-10-31,MHN,Mumbai High Complex,3.9,Actual,3.9,No,382.7,Synthetic
3667,2024-11-01,MHN,Mumbai High Complex,3.9,Actual,3.9,No,368.5,Synthetic
3679,2024-11-02,MHN,Mumbai High Complex,4.0,Actual,4.0,No,376.2,Synthetic
3691,2024-11-03,MHN,Mumbai High Complex,3.8,Actual,3.8,No,355.4,Synthetic
3703,2024-11-04,MHN,Mumbai High Complex,3.7,Actual,3.7,No,356.0,Synthetic
3715,2024-11-05,MHN,Mumbai High Complex,3.6,Actual,3.6,No,332.8,Synthetic
3727,2024-11-06,MHN,Mumbai High Complex,3.8,Actual,3.8,No,374.6,Synthetic
3739,2024-11-07,MHN,Mumbai High Complex,4.0,Actual,4.0,No,377.4,Synthetic
3751,2024-11-08,MHN,Mumbai High Complex,4.2,Actual,4.2,No,353.8,Synthetic
3763,2024-11-09,MHN,Mumbai High Complex,3.3,Actual,3.3,No,358.4,Synthetic
3775,2024-11-10,MHN,Mumbai High Complex,3.4,Actual,3.4,No,352.2,Synthetic
3787,2024-11-11,MHN,Mumbai High Complex,3.5,Actual,3.5,No,363.8,Synthetic
3799,2024-11-12,MHN,Mumbai High Complex,3.4,Actual,3.4,No,371.4,Synthetic
3811,2024-11-13,MHN,Mumbai High Complex,3.7,Actual,3.7,No,339.4,Synthetic
3823,2024-11-14,MHN,Mumbai High Complex,3.7,Actual,3.7,No,362.0,Synthetic
3835,2024-11-15,MHN,Mumbai High Complex,3.8,Actual,3.8,No,353.9,Synthetic
3847,2024-11-16,MHN,Mumbai High Complex,3.8,Actual,3.8,No,357.6,Synthetic
3859,2024-11-17,MHN,Mumbai High Complex,3.8,Actual,3.8,No,360.7,Synthetic
3871,2024-11-18,MHN,Mumbai High Complex,3.9,Actual,3.9,No,353.1,Synthetic
3883,2024-11-19,MHN,Mumbai High Complex,3.9,Actual,3.9,No,353.5,Synthetic
3895,2024-11-20,MHN,Mumbai High Complex,3.9,Actual,3.9,No,351.8,Synthetic
3907,2024-11-21,MHN,Mumbai High Complex,3.7,Actual,3.7,No,364.2,Synthetic
3919,2024-11-22,MHN,Mumbai High Complex,3.6,Actual,3.6,No,358.0,Synthetic
3931,2024-11-23,MHN,Mumbai High Complex,3.9,Actual,3.9,No,354.8,Synthetic
3943,2024-11-24,MHN,Mumbai High Complex,3.7,Actual,3.7,No,338.9,Synthetic
3955,2024-11-25,MHN,Mumbai High Complex,3.9,Actual,3.9,No,347.4,Synthetic
3967,2024-11-26,MHN,Mumbai High Complex,3.6,Actual,3.6,No,361.0,Synthetic
3979,2024-11-27,MHN,Mumbai High Complex,3.6,Actual,3.6,No,351.4,Synthetic
3991,2024-11-28,MHN,Mumbai High Complex,12.9,Actual,12.9,No,338.7,Synthetic
4003,2024-11-29,MHN,Mumbai High Complex,3.8,Actual,3.8,No,368.0,Synthetic
4015,2024-11-30,MHN,Mumbai High Complex,3.8,Actual,3.8,No,359.9,Synthetic
4027,2024-12-01,MHN,Mumbai High Complex,3.6,Actual,3.6,No,349.9,Synthetic
4039,2024-12-02,MHN,Mumbai High Complex,3.7,Actual,3.7,No,342.8,Synthetic
4051,2024-12-03,MHN,Mumbai High Complex,3.6,Actual,3.6,No,321.2,Synthetic
4063,2024-12-04,MHN,Mumbai High Complex,3.6,Actual,3.6,No,345.6,Synthetic
4075,2024-12-05,MHN,Mumbai High Complex,3.7,Actual,3.7,No,343.2,Synthetic
4087,2024-12-06,MHN,Mumbai High Complex,3.5,Actual,3.5,No,350.5,Synthetic
4099,2024-12-07,MHN,Mumbai High Complex,3.7,Actual,3.7,No,344.0,Synthetic
4111,2024-12-08,MHN,Mumbai High Complex,3.6,Actual,3.6,No,341.9,Synthetic
4123,2024-12-09,MHN,Mumbai High Complex,3.8,Actual,3.8,No,326.0,Synthetic
4135,2024-12-10,MHN,Mumbai High Complex,3.6,Actual,3.6,No,334.5,Synthetic
4147,2024-12-11,MHN,Mumbai High Complex,3.6,Actual,3.6,No,348.6,Synthetic
4159,2024-12-12,MHN,Mumbai High Complex,3.7,Actual,3.7,No,360.7,Synthetic
4171,2024-12-13,MHN,Mumbai High Complex,3.6,Actual,3.6,No,341.7,Synthetic
4183,2024-12-14,MHN,Mumbai High Complex,3.7,Actual,3.7,No,345.4,Synthetic
4195,2024-12-15,MHN,Mumbai High Complex,3.8,Actual,3.8,No,351.0,Synthetic
4207,2024-12-16,MHN,Mumbai High Complex,3.6,Actual,3.6,No,332.9,Synthetic
4219,2024-12-17,MHN,Mumbai High Complex,3.6,Actual,3.6,No,344.4,Synthetic
4231,2024-12-18,MHN,Mumbai High Complex,3.8,Actual,3.8,No,332.2,Synthetic
4243,2024-12-19,MHN,Mumbai High Complex,3.5,Actual,3.5,No,348.7,Synthetic
4255,2024-12-20,MHN,Mumbai High Complex,3.7,Actual,3.7,No,340.5,Synthetic
4267,2024-12-21,MHN,Mumbai High Complex,3.6,Actual,3.6,No,341.7,Synthetic
4279,2024-12-22,MHN,Mumbai High Complex,3.9,Actual,3.9,No,329.6,Synthetic
4291,2024-12-23,MHN,Mumbai High Complex,3.6,Actual,3.6,No,344.8,Synthetic
4303,2024-12-24,MHN,Mumbai High Complex,3.6,Actual,3.6,No,358.2,Synthetic
4315,2024-12-25,MHN,Mumbai High Complex,3.8,Actual,3.8,No,326.1,Synthetic
4327,2024-12-26,MHN,Mumbai High Complex,3.8,Actual,3.8,No,332.3,Synthetic
4339,2024-12-27,MHN,Mumbai High Complex,3.8,Actual,3.8,No,337.6,Synthetic
4351,2024-12-28,MHN,Mumbai High Complex,3.8,Actual,3.8,No,342.6,Synthetic
4363,2024-12-29,MHN,Mumbai High Complex,3.2,Actual,3.2,No,329.7,Synthetic
4375,2024-12-30,MHN,Mumbai High Complex,2.1,Actual,2.1,No,308.3,Synthetic
4387,2024-12-31,MHN,Mumbai High Complex,2.1,Actual,2.1,No,350.2,Synthetic
4399,2025-01-01,MHN,Mumbai High Complex,1.6,Actual,1.6,No,344.6,Synthetic
4411,2025-01-02,MHN,Mumbai High Complex,1.6,Actual,1.6,No,318.8,Synthetic
4423,2025-01-03,MHN,Mumbai High Complex,1.5,Actual,1.5,No,329.9,Synthetic
4435,2025-01-04,MHN,Mumbai High Complex,1.5,Actual,1.5,No,351.3,Synthetic
4447,2025-01-05,MHN,Mumbai High Complex,1.6,Actual,1.6,No,349.4,Synthetic
4459,2025-01-06,MHN,Mumbai High Complex,1.5,Actual,1.5,No,344.0,Synthetic
4471,2025-01-07,MHN,Mumbai High Complex,1.5,Actual,1.5,No,332.3,Synthetic
4483,2025-01-08,MHN,Mumbai High Complex,1.2,Actual,1.2,No,335.0,Synthetic
4495,2025-01-09,MHN,Mumbai High Complex,1.3,Actual,1.3,No,332.1,Synthetic
4507,2025-01-10,MHN,Mumbai High Complex,1.6,Actual,1.6,No,343.6,Synthetic
4519,2025-01-11,MHN,Mumbai High Complex,1.7,Actual,1.7,No,323.0,Synthetic
4531,2025-01-12,MHN,Mumbai High Complex,1.5,Actual,1.5,No,323.6,Synthetic
4543,2025-01-13,MHN,Mumbai High Complex,1.5,Actual,1.5,No,341.1,Synthetic
4555,2025-01-14,MHN,Mumbai High Complex,1.4,Actual,1.4,No,330.3,Synthetic
4567,2025-01-15,MHN,Mumbai High Complex,1.4,Actual,1.4,No,343.9,Synthetic
4579,2025-01-16,MHN,Mumbai High Complex,1.4,Actual,1.4,No,323.2,Synthetic
4591,2025-01-17,MHN,Mumbai High Complex,1.5,Actual,1.5,No,328.6,Synthetic
4603,2025-01-18,MHN,Mumbai High Complex,1.5,Actual,1.5,No,319.5,Synthetic
4615,2025-01-19,MHN,Mumbai High Complex,1.4,Actual,1.4,No,328.4,Synthetic
4627,2025-01-20,MHN,Mumbai High Complex,1.4,Actual,1.4,No,313.3,Synthetic
4639,2025-01-21,MHN,Mumbai High Complex,1.4,Actual,1.4,No,322.6,Synthetic
4651,2025-01-22,MHN,Mumbai High Complex,1.2,Actual,1.2,No,313.1,Synthetic
4663,2025-01-23,MHN,Mumbai High Complex,1.1,Actual,1.1,No,333.7,Synthetic
4675,2025-01-24,MHN,Mumbai High Complex,1.3,Actual,1.3,No,333.1,Synthetic
4687,2025-01-25,MHN,Mumbai High Complex,1.3,Actual,1.3,No,308.7,Synthetic
4699,2025-01-26,MHN,Mumbai High Complex,1.3,Actual,1.3,No,338.1,Synthetic
4711,2025-01-27,MHN,Mumbai High Complex,1.2,Actual,1.2,No,349.1,Synthetic
4723,2025-01-28,MHN,Mumbai High Complex,1.2,Actual,1.2,No,324.8,Synthetic
4735,2025-01-29,MHN,Mumbai High Complex,1.4,Actual,1.4,No,317.3,Synthetic
4747,2025-01-30,MHN,Mumbai High Complex,1.5,Actual,1.5,No,350.2,Synthetic
4759,2025-01-31,MHN,Mumbai High Complex,1.4,Actual,1.4,No,309.7,Synthetic
4771,2025-02-01,MHN,Mumbai High Complex,1.2,Actual,1.2,No,322.6,Synthetic
4783,2025-02-02,MHN,Mumbai High Complex,1.2,Actual,1.2,No,323.6,Synthetic
4795,2025-02-03,MHN,Mumbai High Complex,1.1,Actual,1.1,No,334.6,Synthetic
4807,2025-02-04,MHN,Mumbai High Complex,1.1,Actual,1.1,No,324.6,Synthetic
4819,2025-02-05,MHN,Mumbai High Complex,1.2,Actual,1.2,No,315.7,Synthetic
4831,2025-02-06,MHN,Mumbai High Complex,1.2,Actual,1.2,No,310.9,Synthetic
4843,2025-02-07,MHN,Mumbai High Complex,1.3,Actual,1.3,No,316.1,Synthetic
4855,2025-02-08,MHN,Mumbai High Complex,1.2,Actual,1.2,No,309.4,Synthetic
4867,2025-02-09,MHN,Mumbai High Complex,1.2,Actual,1.2,No,319.0,Synthetic
4879,2025-02-10,MHN,Mumbai High Complex,1.3,Actual,1.3,No,312.5,Synthetic
4891,2025-02-11,MHN,Mumbai High Complex,1.3,Actual,1.3,No,303.2,Synthetic
4903,2025-02-12,MHN,Mumbai High Complex,1.2,Actual,1.2,No,329.1,Synthetic
4915,2025-02-13,MHN,Mumbai High Complex,2.4,Actual,2.4,No,309.9,Synthetic
4927,2025-02-14,MHN,Mumbai High Complex,3.5,Actual,3.5,No,300.3,Synthetic
4939,2025-02-15,MHN,Mumbai High Complex,3.1,Actual,3.1,No,310.8,Synthetic
4951,2025-02-16,MHN,Mumbai High Complex,2.8,Actual,2.8,No,313.1,Synthetic
4963,2025-02-17,MHN,Mumbai High Complex,3.0,Actual,3.0,No,295.3,Synthetic
4975,2025-02-18,MHN,Mumbai High Complex,1.2,Actual,1.2,No,317.5,Synthetic
4987,2025-02-19,MHN,Mumbai High Complex,1.2,Actual,1.2,No,304.0,Synthetic
4999,2025-02-20,MHN,Mumbai High Complex,1.6,Actual,1.6,No,328.7,Synthetic
5011,2025-02-21,MHN,Mumbai High Complex,2.0,Actual,2.0,No,316.4,Synthetic
5023,2025-02-22,MHN,Mumbai High Complex,2.4,Actual,2.4,No,306.7,Synthetic
5035,2025-02-23,MHN,Mumbai High Complex,2.4,Actual,2.4,No,303.0,Synthetic
5047,2025-02-24,MHN,Mumbai High Complex,2.0,Actual,2.0,No,309.2,Synthetic
5059,2025-02-25,MHN,Mumbai High Complex,2.1,Actual,2.1,No,315.2,Synthetic
5071,2025-02-26,MHN,Mumbai High Complex,2.3,Actual,2.3,No,308.5,Synthetic
5083,2025-02-27,MHN,Mumbai High Complex,1.5,Actual,1.5,No,307.6,Synthetic
5095,2025-02-28,MHN,Mumbai High Complex,1.5,Actual,1.5,No,309.7,Synthetic
5107,2025-03-01,MHN,Mumbai High Complex,2.3,Actual,2.3,No,301.8,Synthetic
5119,2025-03-02,MHN,Mumbai High Complex,1.8,Actual,1.8,No,304.6,Synthetic
5131,2025-03-03,MHN,Mumbai High Complex,2.4,Actual,2.4,No,287.1,Synthetic
5143,2025-03-04,MHN,Mumbai High Complex,2.5,Actual,2.5,No,314.6,Synthetic
5155,2025-03-05,MHN,Mumbai High Complex,2.5,Actual,2.5,No,307.9,Synthetic
5167,2025-03-06,MHN,Mumbai High Complex,2.6,Actual,2.6,No,297.5,Synthetic
5179,2025-03-07,MHN,Mumbai High Complex,2.8,Actual,2.8,No,321.1,Synthetic
5191,2025-03-08,MHN,Mumbai High Complex,2.9,Actual,2.9,No,303.9,Synthetic
5203,2025-03-09,MHN,Mumbai High Complex,2.9,Actual,2.9,No,293.3,Synthetic
5215,2025-03-10,MHN,Mumbai High Complex,2.9,Actual,2.9,No,310.0,Synthetic
5227,2025-03-11,MHN,Mumbai High Complex,2.8,Actual,2.8,No,305.6,Synthetic
5239,2025-03-12,MHN,Mumbai High Complex,2.8,Actual,2.8,No,305.1,Synthetic
5251,2025-03-13,MHN,Mumbai High Complex,2.8,Actual,2.8,No,297.2,Synthetic
5263,2025-03-14,MHN,Mumbai High Complex,2.4,Actual,2.4,No,305.3,Synthetic
5275,2025-03-15,MHN,Mumbai High Complex,2.3,Actual,2.3,No,298.6,Synthetic
5287,2025-03-16,MHN,Mumbai High Complex,2.6,Actual,2.6,No,305.0,Synthetic
5299,2025-03-17,MHN,Mumbai High Complex,4.2,Actual,4.2,No,280.0,Synthetic
5311,2025-03-18,MHN,Mumbai High Complex,4.2,Actual,4.2,No,292.6,Synthetic
5323,2025-03-19,MHN,Mumbai High Complex,4.2,Actual,4.2,No,311.3,Synthetic
5335,2025-03-20,MHN,Mumbai High Complex,3.1,Actual,3.1,No,290.6,Synthetic
5347,2025-03-21,MHN,Mumbai High Complex,3.1,Actual,3.1,No,291.6,Synthetic
5359,2025-03-22,MHN,Mumbai High Complex,3.4,Actual,3.4,No,292.1,Synthetic
5371,2025-03-23,MHN,Mumbai High Complex,3.4,Actual,3.4,No,284.8,Synthetic
5383,2025-03-24,MHN,Mumbai High Complex,3.4,Actual,3.4,No,275.6,Synthetic
5395,2025-03-25,MHN,Mumbai High Complex,3.0,Actual,3.0,No,293.3,Synthetic
5407,2025-03-26,MHN,Mumbai High Complex,3.5,Actual,3.5,No,295.3,Synthetic
5419,2025-03-27,MHN,Mumbai High Complex,2.9,Actual,2.9,No,294.2,Synthetic
5431,2025-03-28,MHN,Mumbai High Complex,3.3,Actual,3.3,No,292.3,Synthetic
5443,2025-03-29,MHN,Mumbai High Complex,3.5,Actual,3.5,No,293.2,Synthetic
5455,2025-03-30,MHN,Mumbai High Complex,3.6,Actual,3.6,No,301.2,Synthetic
5467,2025-03-31,MHN,Mumbai High Complex,3.6,Actual,3.6,No,290.1,Synthetic
5479,2025-04-01,MHN,Mumbai High Complex,3.6,Actual,3.6,No,286.3,Synthetic
5491,2025-04-02,MHN,Mumbai High Complex,3.6,Actual,3.6,No,288.5,Synthetic
5503,2025-04-03,MHN,Mumbai High Complex,3.8,Actual,3.8,No,295.2,Synthetic
5515,2025-04-04,MHN,Mumbai High Complex,3.7,Actual,3.7,No,302.2,Synthetic
5527,2025-04-05,MHN,Mumbai High Complex,3.9,Actual,3.9,No,283.7,Synthetic
5539,2025-04-06,MHN,Mumbai High Complex,3.5,Actual,3.5,No,290.2,Synthetic
5551,2025-04-07,MHN,Mumbai High Complex,3.6,Actual,3.6,No,291.7,Synthetic
5563,2025-04-08,MHN,Mumbai High Complex,3.6,Actual,3.6,No,279.7,Synthetic
5575,2025-04-09,MHN,Mumbai High Complex,3.8,Actual,3.8,No,287.7,Synthetic
5587,2025-04-10,MHN,Mumbai High Complex,3.5,Actual,3.5,No,275.0,Synthetic
5599,2025-04-11,MHN,Mumbai High Complex,3.9,Actual,3.9,No,271.3,Synthetic
5611,2025-04-12,MHN,Mumbai High Complex,3.4,Actual,3.4,No,290.1,Synthetic
5623,2025-04-13,MHN,Mumbai High Complex,4.9,Actual,4.9,No,280.8,Synthetic
5635,2025-04-14,MHN,Mumbai High Complex,4.3,Actual,4.3,No,286.4,Synthetic
5647,2025-04-15,MHN,Mumbai High Complex,4.9,Actual,4.9,No,283.1,Synthetic
5659,2025-04-16,MHN,Mumbai High Complex,5.6,Actual,5.6,No,273.5,Synthetic
5671,2025-04-17,MHN,Mumbai High Complex,5.8,Actual,5.8,No,280.6,Synthetic
5683,2025-04-18,MHN,Mumbai High Complex,6.1,Actual,6.1,No,269.7,Synthetic
5695,2025-04-19,MHN,Mumbai High Complex,6.2,Actual,6.2,No,291.2,Synthetic
5707,2025-04-20,MHN,Mumbai High Complex,6.4,Actual,6.4,No,267.4,Synthetic
5719,2025-04-21,MHN,Mumbai High Complex,0.0,Actual,0.0,No,286.8,Synthetic
5731,2025-04-22,MHN,Mumbai High Complex,6.9,Actual,6.9,No,268.5,Synthetic
5743,2025-04-23,MHN,Mumbai High Complex,6.7,Actual,6.7,No,281.8,Synthetic
5755,2025-04-24,MHN,Mumbai High Complex,6.9,Actual,6.9,No,273.6,Synthetic
5767,2025-04-25,MHN,Mumbai High Complex,6.9,Actual,6.9,No,271.6,Synthetic
5779,2025-04-26,MHN,Mumbai High Complex,6.7,Actual,6.7,No,282.9,Synthetic
5791,2025-04-27,MHN,Mumbai High Complex,5.0,Actual,5.0,No,278.3,Synthetic
5803,2025-04-28,MHN,Mumbai High Complex,4.4,Actual,4.4,No,282.9,Synthetic
5815,2025-04-29,MHN,Mumbai High Complex,3.9,Actual,3.9,No,270.8,Synthetic
5827,2025-04-30,MHN,Mumbai High Complex,3.9,Actual,3.9,No,266.8,Synthetic
5839,2025-05-01,MHN,Mumbai High Complex,3.5,Actual,3.5,No,279.7,Synthetic
5851,2025-05-02,MHN,Mumbai High Complex,3.7,Actual,3.7,No,275.4,Synthetic
5863,2025-05-03,MHN,Mumbai High Complex,3.7,Actual,3.7,No,282.8,Synthetic
5875,2025-05-04,MHN,Mumbai High Complex,3.8,Actual,3.8,No,276.4,Synthetic
5887,2025-05-05,MHN,Mumbai High Complex,3.6,Actual,3.6,No,278.7,Synthetic
5899,2025-05-06,MHN,Mumbai High Complex,3.4,Actual,3.4,No,263.4,Synthetic
5911,2025-05-07,MHN,Mumbai High Complex,3.5,Actual,3.5,No,291.9,Synthetic
5923,2025-05-08,MHN,Mumbai High Complex,3.7,Actual,3.7,No,274.2,Synthetic
5935,2025-05-09,MHN,Mumbai High Complex,3.5,Actual,3.5,No,281.2,Synthetic
5947,2025-05-10,MHN,Mumbai High Complex,3.3,Actual,3.3,No,268.5,Synthetic
5959,2025-05-11,MHN,Mumbai High Complex,3.3,Actual,3.3,No,277.5,Synthetic
5971,2025-05-12,MHN,Mumbai High Complex,3.4,Actual,3.4,No,263.7,Synthetic
5983,2025-05-13,MHN,Mumbai High Complex,3.3,Actual,3.3,No,277.9,Synthetic
5995,2025-05-14,MHN,Mumbai High Complex,3.5,Actual,3.5,No,270.5,Synthetic
6007,2025-05-15,MHN,Mumbai High Complex,3.5,Actual,3.5,No,273.3,Synthetic
6019,2025-05-16,MHN,Mumbai High Complex,3.6,Actual,3.6,No,278.2,Synthetic
6031,2025-05-17,MHN,Mumbai High Complex,3.6,Actual,3.6,No,262.0,Synthetic
6043,2025-05-18,MHN,Mumbai High Complex,3.6,Actual,3.6,No,266.1,Synthetic
6055,2025-05-19,MHN,Mumbai High Complex,3.6,Actual,3.6,No,275.0,Synthetic
6067,2025-05-20,MHN,Mumbai High Complex,3.7,Actual,3.7,No,287.7,Synthetic
6079,2025-05-21,MHN,Mumbai High Complex,3.5,Actual,3.5,No,269.5,Synthetic
6091,2025-05-22,MHN,Mumbai High Complex,3.7,Actual,3.7,No,274.7,Synthetic
6103,2025-05-23,MHN,Mumbai High Complex,3.8,Actual,3.8,No,268.5,Synthetic
6115,2025-05-24,MHN,Mumbai High Complex,3.8,Actual,3.8,No,284.6,Synthetic
6127,2025-05-25,MHN,Mumbai High Complex,3.5,Actual,3.5,No,254.9,Synthetic
6139,2025-05-26,MHN,Mumbai High Complex,3.3,Actual,3.3,No,269.6,Synthetic
6151,2025-05-27,MHN,Mumbai High Complex,3.8,Actual,3.8,No,254.7,Synthetic
6163,2025-05-28,MHN,Mumbai High Complex,3.5,Actual,3.5,No,247.6,Synthetic
6175,2025-05-29,MHN,Mumbai High Complex,3.8,Actual,3.8,No,269.3,Synthetic
6187,2025-05-30,MHN,Mumbai High Complex,3.5,Actual,3.5,No,268.1,Synthetic
6199,2025-05-31,MHN,Mumbai High Complex,3.0,Actual,3.0,No,265.1,Synthetic
6211,2025-06-01,MHN,Mumbai High Complex,3.6,Actual,3.6,No,265.2,Synthetic
6223,2025-06-02,MHN,Mumbai High Complex,3.2,Actual,3.2,No,291.0,Synthetic
6235,2025-06-03,MHN,Mumbai High Complex,3.4,Actual,3.4,No,263.5,Synthetic
6247,2025-06-04,MHN,Mumbai High Complex,3.5,Actual,3.5,No,269.1,Synthetic
6259,2025-06-05,MHN,Mumbai High Complex,3.5,Actual,3.5,No,259.5,Synthetic
6271,2025-06-06,MHN,Mumbai High Complex,3.5,Actual,3.5,No,266.6,Synthetic
6283,2025-06-07,MHN,Mumbai High Complex,3.2,Actual,3.2,No,262.4,Synthetic
6295,2025-06-08,MHN,Mumbai High Complex,3.5,Actual,3.5,No,260.2,Synthetic
6307,2025-06-09,MHN,Mumbai High Complex,3.4,Actual,3.4,No,277.5,Synthetic
6319,2025-06-10,MHN,Mumbai High Complex,3.6,Actual,3.6,No,271.8,Synthetic
6331,2025-06-11,MHN,Mumbai High Complex,3.7,Actual,3.7,No,263.0,Synthetic
6343,2025-06-12,MHN,Mumbai High Complex,3.6,Actual,3.6,No,243.6,Synthetic
6355,2025-06-13,MHN,Mumbai High Complex,3.4,Actual,3.4,No,258.8,Synthetic
6367,2025-06-14,MHN,Mumbai High Complex,3.5,Actual,3.5,No,282.3,Synthetic
6379,2025-06-15,MHN,Mumbai High Complex,3.6,Actual,3.6,No,258.7,Synthetic
6391,2025-06-16,MHN,Mumbai High Complex,3.4,Actual,3.4,No,269.1,Synthetic
6403,2025-06-17,MHN,Mumbai High Complex,3.5,Actual,3.5,No,271.2,Synthetic
6415,2025-06-18,MHN,Mumbai High Complex,3.4,Actual,3.4,No,261.4,Synthetic
6427,2025-06-19,MHN,Mumbai High Complex,3.2,Actual,3.2,No,253.0,Synthetic
6439,2025-06-20,MHN,Mumbai High Complex,3.1,Actual,3.1,No,240.4,Synthetic
6451,2025-06-21,MHN,Mumbai High Complex,2.9,Actual,2.9,No,264.6,Synthetic
6463,2025-06-22,MHN,Mumbai High Complex,2.9,Actual,2.9,No,252.5,Synthetic
6475,2025-06-23,MHN,Mumbai High Complex,2.9,Actual,2.9,No,259.8,Synthetic
6487,2025-06-24,MHN,Mumbai High Complex,3.0,Actual,3.0,No,248.3,Synthetic
6499,2025-06-25,MHN,Mumbai High Complex,2.8,Actual,2.8,No,255.8,Synthetic
6511,2025-06-26,MHN,Mumbai High Complex,2.9,Actual,2.9,No,257.6,Synthetic
6523,2025-06-27,MHN,Mumbai High Complex,3.1,Actual,3.1,No,258.7,Synthetic
6535,2025-06-28,MHN,Mumbai High Complex,3.1,Actual,3.1,No,247.7,Synthetic
6547,2025-06-29,MHN,Mumbai High Complex,3.0,Actual,3.0,No,265.2,Synthetic
6559,2025-06-30,MHN,Mumbai High Complex,3.4,Actual,3.4,No,250.5,Synthetic
6571,2025-07-01,MHN,Mumbai High Complex,3.5,Actual,3.5,No,241.8,Synthetic
6583,2025-07-02,MHN,Mumbai High Complex,3.4,Actual,3.4,No,253.5,Synthetic
6595,2025-07-03,MHN,Mumbai High Complex,3.3,Actual,3.3,No,254.3,Synthetic
6607,2025-07-04,MHN,Mumbai High Complex,3.4,Actual,3.4,No,254.8,Synthetic
6619,2025-07-05,MHN,Mumbai High Complex,3.4,Actual,3.4,No,263.5,Synthetic
6631,2025-07-06,MHN,Mumbai High Complex,3.5,Actual,3.5,No,250.9,Synthetic
6643,2025-07-07,MHN,Mumbai High Complex,3.6,Actual,3.6,No,251.2,Synthetic
6655,2025-07-08,MHN,Mumbai High Complex,3.5,Actual,3.5,No,243.6,Synthetic
6667,2025-07-09,MHN,Mumbai High Complex,3.0,Actual,3.0,No,258.5,Synthetic
6679,2025-07-10,MHN,Mumbai High Complex,3.3,Actual,3.3,No,252.8,Synthetic
6691,2025-07-11,MHN,Mumbai High Complex,14.1,Actual,14.1,No,232.9,Synthetic
6703,2025-07-12,MHN,Mumbai High Complex,12.5,Actual,12.5,No,224.2,Synthetic
6715,2025-07-13,MHN,Mumbai High Complex,10.4,Actual,10.4,No,250.8,Synthetic
6727,2025-07-14,MHN,Mumbai High Complex,3.7,Actual,3.7,No,240.2,Synthetic
6739,2025-07-15,MHN,Mumbai High Complex,3.9,Actual,3.9,No,244.3,Synthetic
6751,2025-07-16,MHN,Mumbai High Complex,3.9,Actual,3.9,No,251.0,Synthetic
6763,2025-07-17,MHN,Mumbai High Complex,3.6,Actual,3.6,No,239.5,Synthetic
6775,2025-07-18,MHN,Mumbai High Complex,3.8,Actual,3.8,No,236.7,Synthetic
6787,2025-07-19,MHN,Mumbai High Complex,3.5,Actual,3.5,No,232.0,Synthetic
6799,2025-07-20,MHN,Mumbai High Complex,3.8,Actual,3.8,No,252.4,Synthetic
6811,2025-07-21,MHN,Mumbai High Complex,7.5,Actual,7.5,No,237.6,Synthetic
6823,2025-07-22,MHN,Mumbai High Complex,7.4,Actual,7.4,No,262.5,Synthetic
6835,2025-07-23,MHN,Mumbai High Complex,7.0,Actual,7.0,No,234.3,Synthetic
6847,2025-07-24,MHN,Mumbai High Complex,7.2,Actual,7.2,No,234.2,Synthetic
6859,2025-07-25,MHN,Mumbai High Complex,6.5,Actual,6.5,No,237.4,Synthetic
6871,2025-07-26,MHN,Mumbai High Complex,6.9,Actual,6.9,No,242.3,Synthetic
6883,2025-07-27,MHN,Mumbai High Complex,7.1,Actual,7.1,No,236.6,Synthetic
6895,2025-07-28,MHN,Mumbai High Complex,7.1,Actual,7.1,No,244.0,Synthetic
6907,2025-07-29,MHN,Mumbai High Complex,7.0,Actual,7.0,No,232.3,Synthetic
6919,2025-07-30,MHN,Mumbai High Complex,7.2,Actual,7.2,No,228.8,Synthetic
6931,2025-07-31,MHN,Mumbai High Complex,7.2,Actual,7.2,No,225.5,Synthetic
6943,2025-08-01,MHN,Mumbai High Complex,7.4,Actual,7.4,No,221.9,Synthetic
6955,2025-08-02,MHN,Mumbai High Complex,7.4,Actual,7.4,No,233.7,Synthetic
6967,2025-08-03,MHN,Mumbai High Complex,7.5,Actual,7.5,No,234.8,Synthetic
6979,2025-08-04,MHN,Mumbai High Complex,7.3,Actual,7.3,No,232.3,Synthetic
6991,2025-08-05,MHN,Mumbai High Complex,7.6,Actual,7.6,No,244.9,Synthetic
7003,2025-08-06,MHN,Mumbai High Complex,7.8,Actual,7.8,No,244.1,Synthetic
7015,2025-08-07,MHN,Mumbai High Complex,7.8,Actual,7.8,No,232.7,Synthetic
7027,2025-08-08,MHN,Mumbai High Complex,6.3,Actual,6.3,No,224.0,Synthetic
7039,2025-08-09,MHN,Mumbai High Complex,4.9,Actual,4.9,No,234.3,Synthetic
7051,2025-08-10,MHN,Mumbai High Complex,4.9,Actual,4.9,No,233.7,Synthetic
7063,2025-08-11,MHN,Mumbai High Complex,6.3,Actual,6.3,No,231.1,Synthetic
7075,2025-08-12,MHN,Mumbai High Complex,6.3,Actual,6.3,No,230.4,Synthetic
7087,2025-08-13,MHN,Mumbai High Complex,6.5,Actual,6.5,No,230.1,Synthetic
7099,2025-08-14,MHN,Mumbai High Complex,6.4,Actual,6.4,No,231.8,Synthetic
7111,2025-08-15,MHN,Mumbai High Complex,6.4,Actual,6.4,No,229.7,Synthetic
7123,2025-08-16,MHN,Mumbai High Complex,6.3,Actual,6.3,No,235.4,Synthetic
7135,2025-08-17,MHN,Mumbai High Complex,5.6,Actual,5.6,No,237.1,Synthetic
7147,2025-08-18,MHN,Mumbai High Complex,6.1,Actual,6.1,No,227.2,Synthetic
7159,2025-08-19,MHN,Mumbai High Complex,6.1,Actual,6.1,No,242.1,Synthetic
7171,2025-08-20,MHN,Mumbai High Complex,5.6,Actual,5.6,No,226.6,Synthetic
7183,2025-08-21,MHN,Mumbai High Complex,6.0,Actual,6.0,No,221.3,Synthetic
7195,2025-08-22,MHN,Mumbai High Complex,5.9,Actual,5.9,No,235.1,Synthetic
7207,2025-08-23,MHN,Mumbai High Complex,5.7,Actual,5.7,No,226.6,Synthetic
7219,2025-08-24,MHN,Mumbai High Complex,5.8,Actual,5.8,No,234.1,Synthetic
7231,2025-08-25,MHN,Mumbai High Complex,5.8,Actual,5.8,No,214.8,Synthetic
7243,2025-08-26,MHN,Mumbai High Complex,5.8,Actual,5.8,No,240.8,Synthetic
7255,2025-08-27,MHN,Mumbai High Complex,5.9,Actual,5.9,No,235.3,Synthetic
7267,2025-08-28,MHN,Mumbai High Complex,6.0,Actual,6.0,No,219.9,Synthetic
7279,2025-08-29,MHN,Mumbai High Complex,5.8,Actual,5.8,No,219.9,Synthetic
7291,2025-08-30,MHN,Mumbai High Complex,5.0,Actual,5.0,No,242.4,Synthetic
7303,2025-08-31,MHN,Mumbai High Complex,5.8,Actual,5.8,No,224.4,Synthetic
7315,2025-09-01,MHN,Mumbai High Complex,5.5,Actual,5.5,No,223.8,Synthetic
7327,2025-09-02,MHN,Mumbai High Complex,5.5,Actual,5.5,No,213.6,Synthetic
7339,2025-09-03,MHN,Mumbai High Complex,5.8,Actual,5.8,No,226.0,Synthetic
7351,2025-09-04,MHN,Mumbai High Complex,5.2,Actual,5.2,No,227.3,Synthetic
7363,2025-09-05,MHN,Mumbai High Complex,6.0,Actual,6.0,No,232.4,Synthetic
7375,2025-09-06,MHN,Mumbai High Complex,6.4,Actual,6.4,No,217.1,Synthetic
7387,2025-09-07,MHN,Mumbai High Complex,6.4,Actual,6.4,No,216.0,Synthetic
7399,2025-09-08,MHN,Mumbai High Complex,7.4,Actual,7.4,No,227.7,Synthetic
7411,2025-09-09,MHN,Mumbai High Complex,7.4,Actual,7.4,No,231.1,Synthetic
7423,2025-09-10,MHN,Mumbai High Complex,7.7,Actual,7.7,No,213.1,Synthetic
7435,2025-09-11,MHN,Mumbai High Complex,7.3,Actual,7.3,No,231.1,Synthetic
7447,2025-09-12,MHN,Mumbai High Complex,12.1,Actual,12.1,No,217.6,Synthetic
7459,2025-09-13,MHN,Mumbai High Complex,10.6,Actual,10.6,No,226.1,Synthetic
7471,2025-09-14,MHN,Mumbai High Complex,10.6,Actual,10.6,No,218.1,Synthetic
7483,2025-09-15,MHN,Mumbai High Complex,10.7,Actual,10.7,No,201.6,Synthetic
7495,2025-09-16,MHN,Mumbai High Complex,11.1,Actual,11.1,No,216.3,Synthetic
7507,2025-09-17,MHN,Mumbai High Complex,10.8,Actual,10.8,No,224.3,Synthetic
7519,2025-09-18,MHN,Mumbai High Complex,11.4,Actual,11.4,No,210.5,Synthetic
7531,2025-09-19,MHN,Mumbai High Complex,9.9,Actual,9.9,No,215.3,Synthetic
7543,2025-09-20,MHN,Mumbai High Complex,9.8,Actual,9.8,No,216.5,Synthetic
7555,2025-09-21,MHN,Mumbai High Complex,8.0,Actual,8.0,No,200.5,Synthetic
7567,2025-09-22,MHN,Mumbai High Complex,7.4,Actual,7.4,No,231.1,Synthetic
7579,2025-09-23,MHN,Mumbai High Complex,7.9,Actual,7.9,No,213.2,Synthetic
7591,2025-09-24,MHN,Mumbai High Complex,7.9,Actual,7.9,No,222.1,Synthetic
7603,2025-09-25,MHN,Mumbai High Complex,8.1,Actual,8.1,No,217.6,Synthetic
7615,2025-09-26,MHN,Mumbai High Complex,8.3,Actual,8.3,No,225.8,Synthetic
7627,2025-09-27,MHN,Mumbai High Complex,8.4,Actual,8.4,No,219.8,Synthetic
7639,2025-09-28,MHN,Mumbai High Complex,7.9,Actual,7.9,No,215.9,Synthetic
7651,2025-09-29,MHN,Mumbai High Complex,7.9,Actual,7.9,No,211.3,Synthetic
7663,2025-09-30,MHN,Mumbai High Complex,8.5,Actual,8.5,No,221.2,Synthetic
7675,2025-10-01,MHN,Mumbai High Complex,8.4,Actual,8.4,No,203.7,Synthetic
7687,2025-10-02,MHN,Mumbai High Complex,8.5,Actual,8.5,No,219.6,Synthetic
7699,2025-10-03,MHN,Mumbai High Complex,8.6,Actual,8.6,No,207.9,Synthetic
7711,2025-10-04,MHN,Mumbai High Complex,8.5,Actual,8.5,No,222.8,Synthetic
7723,2025-10-05,MHN,Mumbai High Complex,8.3,Actual,8.3,No,215.7,Synthetic
7735,2025-10-06,MHN,Mumbai High Complex,8.5,Actual,8.5,No,218.3,Synthetic
7747,2025-10-07,MHN,Mumbai High Complex,8.3,Actual,8.3,No,214.6,Synthetic
7759,2025-10-08,MHN,Mumbai High Complex,7.4,Actual,7.4,No,203.6,Synthetic
7771,2025-10-09,MHN,Mumbai High Complex,7.4,Actual,7.4,No,209.0,Synthetic
7783,2025-10-10,MHN,Mumbai High Complex,6.6,Actual,6.6,No,219.5,Synthetic
7795,2025-10-11,MHN,Mumbai High Complex,6.6,Actual,6.6,No,216.0,Synthetic
7807,2025-10-12,MHN,Mumbai High Complex,4.6,Actual,4.6,No,224.7,Synthetic
7819,2025-10-13,MHN,Mumbai High Complex,5.5,Actual,5.5,No,218.2,Synthetic
7831,2025-10-14,MHN,Mumbai High Complex,4.6,Actual,4.6,No,210.1,Synthetic
7843,2025-10-15,MHN,Mumbai High Complex,5.5,Actual,5.5,No,209.8,Synthetic
7855,2025-10-16,MHN,Mumbai High Complex,5.5,Actual,5.5,No,215.3,Synthetic
7867,2025-10-17,MHN,Mumbai High Complex,3.4,Actual,3.4,No,201.8,Synthetic
7879,2025-10-18,MHN,Mumbai High Complex,3.4,Actual,3.4,No,227.4,Synthetic
7891,2025-10-19,MHN,Mumbai High Complex,3.8,Estimated,3.8,No,218.6,Synthetic
7903,2025-10-20,MHN,Mumbai High Complex,4.2,Estimated,4.2,No,222.8,Synthetic
7915,2025-10-21,MHN,Mumbai High Complex,4.6,Estimated,4.6,No,204.0,Synthetic
7927,2025-10-22,MHN,Mumbai High Complex,5.0,Actual,5.0,No,221.3,Synthetic
7939,2025-10-23,MHN,Mumbai High Complex,4.57,Estimated,4.57,No,227.8,Synthetic
7951,2025-10-24,MHN,Mumbai High Complex,4.13,Estimated,4.13,No,205.3,Synthetic
7963,2025-10-25,MHN,Mumbai High Complex,3.7,Actual,3.7,No,218.9,Synthetic
7975,2025-10-26,MHN,Mumbai High Complex,3.7,Actual,3.7,No,213.6,Synthetic
7987,2025-10-27,MHN,Mumbai High Complex,3.9,Actual,3.9,No,203.2,Synthetic
7999,2025-10-28,MHN,Mumbai High Complex,3.8,Actual,3.8,No,216.0,Synthetic
8011,2025-10-29,MHN,Mumbai High Complex,4.3,Actual,4.3,No,217.2,Synthetic
8023,2025-10-30,MHN,Mumbai High Complex,4.3,Actual,4.3,No,207.8,Synthetic
8035,2025-10-31,MHN,Mumbai High Complex,4.3,Actual,4.3,No,218.7,Synthetic
8047,2025-11-01,MHN,Mumbai High Complex,4.6,Actual,4.6,No,200.1,Synthetic
8059,2025-11-02,MHN,Mumbai High Complex,4.6,Actual,4.6,No,200.9,Synthetic
8071,2025-11-03,MHN,Mumbai High Complex,3.5,Actual,3.5,No,212.2,Synthetic
8083,2025-11-04,MHN,Mumbai High Complex,3.5,Actual,3.5,No,211.2,Synthetic
8095,2025-11-05,MHN,Mumbai High Complex,4.0,Actual,4.0,No,205.6,Synthetic
8107,2025-11-06,MHN,Mumbai High Complex,4.7,Actual,4.7,No,214.0,Synthetic
8119,2025-11-07,MHN,Mumbai High Complex,4.7,Actual,4.7,No,212.0,Synthetic
8131,2025-11-08,MHN,Mumbai High Complex,4.7,Actual,4.7,No,213.7,Synthetic
8143,2025-11-09,MHN,Mumbai High Complex,5.1,Actual,5.1,No,206.8,Synthetic
8155,2025-11-10,MHN,Mumbai High Complex,5.4,Actual,5.4,No,210.6,Synthetic
8167,2025-11-11,MHN,Mumbai High Complex,5.2,Actual,5.2,No,204.1,Synthetic
8179,2025-11-12,MHN,Mumbai High Complex,5.2,Actual,5.2,No,219.2,Synthetic
8191,2025-11-13,MHN,Mumbai High Complex,5.0,Actual,5.0,No,201.4,Synthetic
8203,2025-11-14,MHN,Mumbai High Complex,5.0,Actual,5.0,No,219.2,Synthetic
8215,2025-11-15,MHN,Mumbai High Complex,5.8,Actual,5.8,No,205.1,Synthetic
8227,2025-11-16,MHN,Mumbai High Complex,5.8,Actual,5.8,No,196.2,Synthetic
8239,2025-11-17,MHN,Mumbai High Complex,5.8,Actual,5.8,No,212.7,Synthetic
8251,2025-11-18,MHN,Mumbai High Complex,5.4,Actual,5.4,No,205.2,Synthetic
8263,2025-11-19,MHN,Mumbai High Complex,4.6,Actual,4.6,No,210.3,Synthetic
8275,2025-11-20,MHN,Mumbai High Complex,4.6,Actual,4.6,No,212.3,Synthetic
8287,2025-11-21,MHN,Mumbai High Complex,5.1,Actual,5.1,No,205.9,Synthetic
8299,2025-11-22,MHN,Mumbai High Complex,5.1,Actual,5.1,No,200.0,Synthetic
8311,2025-11-23,MHN,Mumbai High Complex,5.1,Actual,5.1,No,209.2,Synthetic
8323,2025-11-24,MHN,Mumbai High Complex,5.3,Actual,5.3,No,202.7,Synthetic
8335,2025-11-25,MHN,Mumbai High Complex,5.2,Actual,5.2,No,206.7,Synthetic
8347,2025-11-26,MHN,Mumbai High Complex,5.0,Actual,5.0,No,189.4,Synthetic
8359,2025-11-27,MHN,Mumbai High Complex,5.0,Actual,5.0,No,204.9,Synthetic
8371,2025-11-28,MHN,Mumbai High Complex,5.0,Actual,5.0,No,198.0,Synthetic
8383,2025-11-29,MHN,Mumbai High Complex,5.0,Actual,5.0,No,211.6,Synthetic
8395,2025-11-30,MHN,Mumbai High Complex,5.0,Actual,5.0,No,205.0,Synthetic
8407,2025-12-01,MHN,Mumbai High Complex,4.9,Actual,4.9,No,202.5,Synthetic
8419,2025-12-02,MHN,Mumbai High Complex,4.8,Actual,4.8,No,203.8,Synthetic
8431,2025-12-03,MHN,Mumbai High Complex,5.0,Actual,5.0,No,194.4,Synthetic
8443,2025-12-04,MHN,Mumbai High Complex,5.1,Actual,5.1,No,209.7,Synthetic
8455,2025-12-05,MHN,Mumbai High Complex,4.9,Actual,4.9,No,211.8,Synthetic
8467,2025-12-06,MHN,Mumbai High Complex,5.1,Actual,5.1,No,201.7,Synthetic
8479,2025-12-07,MHN,Mumbai High Complex,4.9,Actual,4.9,No,208.8,Synthetic
8491,2025-12-08,MHN,Mumbai High Complex,5.3,Actual,5.3,No,195.2,Synthetic
8503,2025-12-09,MHN,Mumbai High Complex,5.5,Actual,5.5,No,193.3,Synthetic
8515,2025-12-10,MHN,Mumbai High Complex,5.3,Actual,5.3,No,198.2,Synthetic
8527,2025-12-11,MHN,Mumbai High Complex,5.3,Actual,5.3,No,200.3,Synthetic
8539,2025-12-12,MHN,Mumbai High Complex,5.3,Actual,5.3,No,195.0,Synthetic
8551,2025-12-13,MHN,Mumbai High Complex,4.7,Actual,4.7,No,200.9,Synthetic
8563,2025-12-14,MHN,Mumbai High Complex,4.7,Actual,4.7,No,199.3,Synthetic
8575,2025-12-15,MHN,Mumbai High Complex,4.7,Actual,4.7,No,191.3,Synthetic
8587,2025-12-16,MHN,Mumbai High Complex,5.7,Actual,5.7,No,198.8,Synthetic
8599,2025-12-17,MHN,Mumbai High Complex,5.3,Actual,5.3,No,201.0,Synthetic
8611,2025-12-18,MHN,Mumbai High Complex,5.5,Actual,5.5,No,196.4,Synthetic
8623,2025-12-19,MHN,Mumbai High Complex,4.7,Actual,4.7,No,202.8,Synthetic
8635,2025-12-20,MHN,Mumbai High Complex,4.7,Actual,4.7,No,188.6,Synthetic
8647,2025-12-21,MHN,Mumbai High Complex,4.7,Actual,4.7,No,198.2,Synthetic
8659,2025-12-22,MHN,Mumbai High Complex,5.7,Actual,5.7,No,187.2,Synthetic
8671,2025-12-23,MHN,Mumbai High Complex,5.3,Actual,5.3,No,187.7,Synthetic
8683,2025-12-24,MHN,Mumbai High Complex,5.5,Actual,5.5,No,190.0,Synthetic
8695,2025-12-25,MHN,Mumbai High Complex,4.9,Actual,4.9,No,188.6,Synthetic
8707,2025-12-26,MHN,Mumbai High Complex,4.9,Actual,4.9,No,190.6,Synthetic
8719,2025-12-27,MHN,Mumbai High Complex,5.0,Actual,5.0,No,192.1,Synthetic
8731,2025-12-28,MHN,Mumbai High Complex,4.8,Actual,4.8,No,198.1,Synthetic
8743,2025-12-29,MHN,Mumbai High Complex,4.7,Actual,4.7,No,191.2,Synthetic
8755,2025-12-30,MHN,Mumbai High Complex,4.9,Actual,4.9,No,183.4,Synthetic
8767,2025-12-31,MHN,Mumbai High Complex,4.9,Actual,4.9,No,198.9,Synthetic
8779,2026-01-01,MHN,Mumbai High Complex,4.7,Actual,4.7,No,187.4,Synthetic
8791,2026-01-02,MHN,Mumbai High Complex,4.7,Actual,4.7,No,191.6,Synthetic
8803,2026-01-03,MHN,Mumbai High Complex,4.9,Actual,4.9,No,194.0,Synthetic
8815,2026-01-04,MHN,Mumbai High Complex,4.8,Actual,4.8,No,192.4,Synthetic
8827,2026-01-05,MHN,Mumbai High Complex,4.7,Actual,4.7,No,197.4,Synthetic
8839,2026-01-06,MHN,Mumbai High Complex,4.9,Actual,4.9,No,193.3,Synthetic
8851,2026-01-07,MHN,Mumbai High Complex,4.9,Actual,4.9,No,185.4,Synthetic
8863,2026-01-08,MHN,Mumbai High Complex,4.9,Actual,4.9,No,202.5,Synthetic
8875,2026-01-09,MHN,Mumbai High Complex,4.9,Actual,4.9,No,190.9,Synthetic
8887,2026-01-10,MHN,Mumbai High Complex,5.5,Actual,5.5,No,188.0,Synthetic
8899,2026-01-11,MHN,Mumbai High Complex,5.7,Actual,5.7,No,193.8,Synthetic
8911,2026-01-12,MHN,Mumbai High Complex,5.7,Actual,5.7,No,189.5,Synthetic
8923,2026-01-13,MHN,Mumbai High Complex,5.6,Actual,5.6,No,190.1,Synthetic
8935,2026-01-14,MHN,Mumbai High Complex,5.6,Actual,5.6,No,201.6,Synthetic
8947,2026-01-15,MHN,Mumbai High Complex,4.8,Actual,4.8,No,186.6,Synthetic
8959,2026-01-16,MHN,Mumbai High Complex,5.0,Actual,5.0,No,185.9,Synthetic
8971,2026-01-17,MHN,Mumbai High Complex,5.0,Actual,5.0,No,188.1,Synthetic
8983,2026-01-18,MHN,Mumbai High Complex,5.2,Actual,5.2,No,192.9,Synthetic
8995,2026-01-19,MHN,Mumbai High Complex,4.9,Actual,4.9,No,178.5,Synthetic
9007,2026-01-20,MHN,Mumbai High Complex,5.2,Actual,5.2,No,175.4,Synthetic
9019,2026-01-21,MHN,Mumbai High Complex,4.9,Actual,4.9,No,183.1,Synthetic
9031,2026-01-22,MHN,Mumbai High Complex,4.9,Actual,4.9,No,177.0,Synthetic
9043,2026-01-23,MHN,Mumbai High Complex,5.0,Actual,5.0,No,183.4,Synthetic
9055,2026-01-24,MHN,Mumbai High Complex,3.4,Actual,3.4,No,190.0,Synthetic
9067,2026-01-25,MHN,Mumbai High Complex,3.2,Actual,3.2,No,182.1,Synthetic
9079,2026-01-26,MHN,Mumbai High Complex,3.3,Actual,3.3,No,178.7,Synthetic
9091,2026-01-27,MHN,Mumbai High Complex,3.3,Actual,3.3,No,186.8,Synthetic
9103,2026-01-28,MHN,Mumbai High Complex,3.4,Actual,3.4,No,190.8,Synthetic
9115,2026-01-29,MHN,Mumbai High Complex,3.2,Actual,3.2,No,176.5,Synthetic
9127,2026-01-30,MHN,Mumbai High Complex,3.3,Actual,3.3,No,190.1,Synthetic
9139,2026-01-31,MHN,Mumbai High Complex,3.4,Actual,3.4,No,189.7,Synthetic
9151,2026-02-01,MHN,Mumbai High Complex,3.2,Actual,3.2,No,190.4,Synthetic
9163,2026-02-02,MHN,Mumbai High Complex,3.4,Actual,3.4,No,191.4,Synthetic
9175,2026-02-03,MHN,Mumbai High Complex,3.0,Actual,3.0,No,197.0,Synthetic
9187,2026-02-04,MHN,Mumbai High Complex,2.8,Actual,2.8,No,182.7,Synthetic
9199,2026-02-05,MHN,Mumbai High Complex,3.0,Actual,3.0,No,184.8,Synthetic
9211,2026-02-06,MHN,Mumbai High Complex,4.9,Actual,4.9,No,179.7,Synthetic
9223,2026-02-07,MHN,Mumbai High Complex,4.8,Actual,4.8,No,181.8,Synthetic
9235,2026-02-08,MHN,Mumbai High Complex,5.2,Actual,5.2,No,189.5,Synthetic
9247,2026-02-09,MHN,Mumbai High Complex,5.2,Actual,5.2,No,173.6,Synthetic
9259,2026-02-10,MHN,Mumbai High Complex,5.1,Actual,5.1,No,176.0,Synthetic
9271,2026-02-11,MHN,Mumbai High Complex,4.7,Actual,4.7,No,188.3,Synthetic
9283,2026-02-12,MHN,Mumbai High Complex,5.0,Actual,5.0,No,185.8,Synthetic
9295,2026-02-13,MHN,Mumbai High Complex,5.0,Actual,5.0,No,178.0,Synthetic
9307,2026-02-14,MHN,Mumbai High Complex,5.0,Actual,5.0,No,184.3,Synthetic
9319,2026-02-15,MHN,Mumbai High Complex,5.1,Actual,5.1,No,181.2,Synthetic
9331,2026-02-16,MHN,Mumbai High Complex,5.0,Actual,5.0,No,187.3,Synthetic
9343,2026-02-17,MHN,Mumbai High Complex,5.2,Actual,5.2,No,179.1,Synthetic
9355,2026-02-18,MHN,Mumbai High Complex,5.1,Actual,5.1,No,184.1,Synthetic
9367,2026-02-19,MHN,Mumbai High Complex,5.2,Actual,5.2,No,192.3,Synthetic
9379,2026-02-20,MHN,Mumbai High Complex,5.1,Actual,5.1,No,181.2,Synthetic
9391,2026-02-21,MHN,Mumbai High Complex,5.3,Actual,5.3,No,177.8,Synthetic
9403,2026-02-22,MHN,Mumbai High Complex,5.0,Actual,5.0,No,181.5,Synthetic
9415,2026-02-23,MHN,Mumbai High Complex,5.0,Actual,5.0,No,175.4,Synthetic
9427,2026-02-24,MHN,Mumbai High Complex,5.0,Actual,5.0,No,189.8,Synthetic
8,2024-01-01,MOPU,Mumbai High Complex,2.7,Actual,2.7,No,1989.4,Synthetic
20,2024-01-02,MOPU,Mumbai High Complex,3.4,Actual,3.4,No,1951.7,Synthetic
32,2024-01-03,MOPU,Mumbai High Complex,3.8,Actual,3.8,No,1911.1,Synthetic
44,2024-01-04,MOPU,Mumbai High Complex,4.2,Actual,4.2,No,2016.9,Synthetic
56,2024-01-05,MOPU,Mumbai High Complex,4.1,Actual,4.1,No,2001.4,Synthetic
68,2024-01-06,MOPU,Mumbai High Complex,3.6,Actual,3.6,No,1923.8,Synthetic
80,2024-01-07,MOPU,Mumbai High Complex,3.7,Actual,3.7,No,1982.4,Synthetic
92,2024-01-08,MOPU,Mumbai High Complex,3.8,Actual,3.8,No,1856.5,Synthetic
104,2024-01-09,MOPU,Mumbai High Complex,4.7,Actual,4.7,No,1942.3,Synthetic
116,2024-01-10,MOPU,Mumbai High Complex,3.8,Actual,3.8,No,1964.6,Synthetic
128,2024-01-11,MOPU,Mumbai High Complex,3.7,Actual,3.7,No,2035.4,Synthetic
140,2024-01-12,MOPU,Mumbai High Complex,3.9,Actual,3.9,No,1886.3,Synthetic
152,2024-01-13,MOPU,Mumbai High Complex,3.7,Actual,3.7,No,1856.0,Synthetic
164,2024-01-14,MOPU,Mumbai High Complex,3.8,Actual,3.8,No,1874.1,Synthetic
176,2024-01-15,MOPU,Mumbai High Complex,4.0,Actual,4.0,No,1843.5,Synthetic
188,2024-01-16,MOPU,Mumbai High Complex,3.9,Actual,3.9,No,1995.5,Synthetic
200,2024-01-17,MOPU,Mumbai High Complex,3.9,Actual,3.9,No,2004.4,Synthetic
212,2024-01-18,MOPU,Mumbai High Complex,3.6,Actual,3.6,No,1934.0,Synthetic
224,2024-01-19,MOPU,Mumbai High Complex,3.8,Actual,3.8,No,1980.4,Synthetic
236,2024-01-20,MOPU,Mumbai High Complex,3.5,Actual,3.5,No,1918.2,Synthetic
248,2024-01-21,MOPU,Mumbai High Complex,3.3,Actual,3.3,No,1904.1,Synthetic
260,2024-01-22,MOPU,Mumbai High Complex,3.4,Actual,3.4,No,1886.4,Synthetic
272,2024-01-23,MOPU,Mumbai High Complex,3.5,Actual,3.5,No,1883.6,Synthetic
284,2024-01-24,MOPU,Mumbai High Complex,3.2,Actual,3.2,No,1813.1,Synthetic
296,2024-01-25,MOPU,Mumbai High Complex,3.4,Actual,3.4,No,1911.3,Synthetic
308,2024-01-26,MOPU,Mumbai High Complex,3.6,Actual,3.6,No,1888.8,Synthetic
320,2024-01-27,MOPU,Mumbai High Complex,3.6,Actual,3.6,No,1930.3,Synthetic
332,2024-01-28,MOPU,Mumbai High Complex,3.5,Actual,3.5,No,1891.3,Synthetic
344,2024-01-29,MOPU,Mumbai High Complex,3.5,Actual,3.5,No,1873.8,Synthetic
356,2024-01-30,MOPU,Mumbai High Complex,3.7,Actual,3.7,No,1828.8,Synthetic
368,2024-01-31,MOPU,Mumbai High Complex,3.6,Actual,3.6,No,1880.0,Synthetic
380,2024-02-01,MOPU,Mumbai High Complex,3.7,Actual,3.7,No,1913.3,Synthetic
392,2024-02-02,MOPU,Mumbai High Complex,3.5,Actual,3.5,No,1806.8,Synthetic
404,2024-02-03,MOPU,Mumbai High Complex,3.6,Actual,3.6,No,1871.8,Synthetic
416,2024-02-04,MOPU,Mumbai High Complex,3.9,Actual,3.9,No,1873.7,Synthetic
428,2024-02-05,MOPU,Mumbai High Complex,3.9,Actual,3.9,No,1817.7,Synthetic
440,2024-02-06,MOPU,Mumbai High Complex,3.4,Actual,3.4,No,1827.2,Synthetic
452,2024-02-07,MOPU,Mumbai High Complex,3.8,Actual,3.8,No,1865.6,Synthetic
464,2024-02-08,MOPU,Mumbai High Complex,3.3,Actual,3.3,No,1791.9,Synthetic
476,2024-02-09,MOPU,Mumbai High Complex,3.9,Actual,3.9,No,1865.2,Synthetic
488,2024-02-10,MOPU,Mumbai High Complex,4.2,Actual,4.2,No,1790.3,Synthetic
500,2024-02-11,MOPU,Mumbai High Complex,4.2,Actual,4.2,No,1895.3,Synthetic
512,2024-02-12,MOPU,Mumbai High Complex,4.0,Actual,4.0,No,1964.6,Synthetic
524,2024-02-13,MOPU,Mumbai High Complex,3.7,Actual,3.7,No,1788.6,Synthetic
536,2024-02-14,MOPU,Mumbai High Complex,4.1,Actual,4.1,No,1858.3,Synthetic
548,2024-02-15,MOPU,Mumbai High Complex,3.9,Actual,3.9,No,1788.2,Synthetic
560,2024-02-16,MOPU,Mumbai High Complex,4.4,Actual,4.4,No,1876.8,Synthetic
572,2024-02-17,MOPU,Mumbai High Complex,4.5,Actual,4.5,No,1747.1,Synthetic
584,2024-02-18,MOPU,Mumbai High Complex,3.9,Actual,3.9,No,1845.5,Synthetic
596,2024-02-19,MOPU,Mumbai High Complex,3.4,Actual,3.4,No,1773.7,Synthetic
608,2024-02-20,MOPU,Mumbai High Complex,3.1,Actual,3.1,No,1810.2,Synthetic
620,2024-02-21,MOPU,Mumbai High Complex,3.5,Actual,3.5,No,1758.4,Synthetic
632,2024-02-22,MOPU,Mumbai High Complex,2.9,Actual,2.9,No,1862.6,Synthetic
644,2024-02-23,MOPU,Mumbai High Complex,3.1,Actual,3.1,No,1767.3,Synthetic
656,2024-02-24,MOPU,Mumbai High Complex,3.1,Actual,3.1,No,1839.8,Synthetic
668,2024-02-25,MOPU,Mumbai High Complex,3.5,Actual,3.5,No,1784.3,Synthetic
680,2024-02-26,MOPU,Mumbai High Complex,3.4,Actual,3.4,No,1794.8,Synthetic
692,2024-02-27,MOPU,Mumbai High Complex,3.2,Actual,3.2,No,1808.1,Synthetic
704,2024-02-28,MOPU,Mumbai High Complex,2.5,Actual,2.5,No,1763.0,Synthetic
716,2024-02-29,MOPU,Mumbai High Complex,3.9,Actual,3.9,No,1798.6,Synthetic
728,2024-03-01,MOPU,Mumbai High Complex,4.2,Actual,4.2,No,1863.2,Synthetic
740,2024-03-02,MOPU,Mumbai High Complex,4.5,Actual,4.5,No,1734.1,Synthetic
752,2024-03-03,MOPU,Mumbai High Complex,4.1,Actual,4.1,No,1839.2,Synthetic
764,2024-03-04,MOPU,Mumbai High Complex,5.5,Actual,5.5,No,1839.0,Synthetic
776,2024-03-05,MOPU,Mumbai High Complex,4.0,Actual,4.0,No,1728.6,Synthetic
788,2024-03-06,MOPU,Mumbai High Complex,4.6,Actual,4.6,No,1686.2,Synthetic
800,2024-03-07,MOPU,Mumbai High Complex,4.7,Actual,4.7,No,1775.3,Synthetic
812,2024-03-08,MOPU,Mumbai High Complex,4.6,Actual,4.6,No,1728.6,Synthetic
824,2024-03-09,MOPU,Mumbai High Complex,4.0,Actual,4.0,No,1859.3,Synthetic
836,2024-03-10,MOPU,Mumbai High Complex,4.3,Actual,4.3,No,1756.6,Synthetic
848,2024-03-11,MOPU,Mumbai High Complex,4.3,Actual,4.3,No,1709.8,Synthetic
860,2024-03-12,MOPU,Mumbai High Complex,3.6,Actual,3.6,No,1695.6,Synthetic
872,2024-03-13,MOPU,Mumbai High Complex,4.3,Actual,4.3,No,1803.5,Synthetic
884,2024-03-14,MOPU,Mumbai High Complex,4.4,Actual,4.4,No,1712.7,Synthetic
896,2024-03-15,MOPU,Mumbai High Complex,3.6,Actual,3.6,No,1749.9,Synthetic
908,2024-03-16,MOPU,Mumbai High Complex,3.5,Actual,3.5,No,1795.8,Synthetic
920,2024-03-17,MOPU,Mumbai High Complex,3.5,Actual,3.5,No,1717.6,Synthetic
932,2024-03-18,MOPU,Mumbai High Complex,2.8,Actual,2.8,No,1744.6,Synthetic
944,2024-03-19,MOPU,Mumbai High Complex,3.3,Actual,3.3,No,1738.4,Synthetic
956,2024-03-20,MOPU,Mumbai High Complex,2.8,Actual,2.8,No,1777.1,Synthetic
968,2024-03-21,MOPU,Mumbai High Complex,2.4,Actual,2.4,No,1773.3,Synthetic
980,2024-03-22,MOPU,Mumbai High Complex,2.4,Actual,2.4,No,1728.2,Synthetic
992,2024-03-23,MOPU,Mumbai High Complex,2.5,Actual,2.5,No,1739.2,Synthetic
1004,2024-03-24,MOPU,Mumbai High Complex,3.2,Actual,3.2,No,1707.1,Synthetic
1016,2024-03-25,MOPU,Mumbai High Complex,3.0,Actual,3.0,No,1649.0,Synthetic
1028,2024-03-26,MOPU,Mumbai High Complex,3.4,Actual,3.4,No,1732.1,Synthetic
1040,2024-03-27,MOPU,Mumbai High Complex,2.5,Actual,2.5,No,1822.6,Synthetic
1052,2024-03-28,MOPU,Mumbai High Complex,3.7,Actual,3.7,No,1665.1,Synthetic
1064,2024-03-29,MOPU,Mumbai High Complex,3.5,Actual,3.5,No,1670.0,Synthetic
1076,2024-03-30,MOPU,Mumbai High Complex,3.8,Actual,3.8,No,1659.5,Synthetic
1088,2024-03-31,MOPU,Mumbai High Complex,2.7,Actual,2.7,No,1749.0,Synthetic
1100,2024-04-01,MOPU,Mumbai High Complex,4.6,Actual,4.6,No,1713.6,Synthetic
1112,2024-04-02,MOPU,Mumbai High Complex,4.5,Actual,4.5,No,1681.1,Synthetic
1124,2024-04-03,MOPU,Mumbai High Complex,4.5,Actual,4.5,No,1639.9,Synthetic
1136,2024-04-04,MOPU,Mumbai High Complex,2.7,Actual,2.7,No,1705.5,Synthetic
1148,2024-04-05,MOPU,Mumbai High Complex,4.0,Actual,4.0,No,1606.6,Synthetic
1160,2024-04-06,MOPU,Mumbai High Complex,3.0,Actual,3.0,No,1699.7,Synthetic
1172,2024-04-07,MOPU,Mumbai High Complex,2.5,Actual,2.5,No,1738.8,Synthetic
1184,2024-04-08,MOPU,Mumbai High Complex,3.6,Actual,3.6,No,1618.2,Synthetic
1196,2024-04-09,MOPU,Mumbai High Complex,3.0,Actual,3.0,No,1606.9,Synthetic
1208,2024-04-10,MOPU,Mumbai High Complex,3.0,Actual,3.0,No,1761.3,Synthetic
1220,2024-04-11,MOPU,Mumbai High Complex,2.9,Actual,2.9,No,1649.0,Synthetic
1232,2024-04-12,MOPU,Mumbai High Complex,3.0,Actual,3.0,No,1733.3,Synthetic
1244,2024-04-13,MOPU,Mumbai High Complex,3.3,Actual,3.3,No,1663.0,Synthetic
1256,2024-04-14,MOPU,Mumbai High Complex,2.9,Actual,2.9,No,1663.6,Synthetic
1268,2024-04-15,MOPU,Mumbai High Complex,2.9,Actual,2.9,No,1691.0,Synthetic
1280,2024-04-16,MOPU,Mumbai High Complex,2.9,Actual,2.9,No,1622.2,Synthetic
1292,2024-04-17,MOPU,Mumbai High Complex,4.1,Actual,4.1,No,1659.1,Synthetic
1304,2024-04-18,MOPU,Mumbai High Complex,5.5,Actual,5.5,No,1618.1,Synthetic
1316,2024-04-19,MOPU,Mumbai High Complex,5.5,Actual,5.5,No,1569.5,Synthetic
1328,2024-04-20,MOPU,Mumbai High Complex,4.1,Actual,4.1,No,1661.2,Synthetic
1340,2024-04-21,MOPU,Mumbai High Complex,4.3,Actual,4.3,No,1627.1,Synthetic
1352,2024-04-22,MOPU,Mumbai High Complex,4.6,Actual,4.6,No,1627.0,Synthetic
1364,2024-04-23,MOPU,Mumbai High Complex,4.0,Actual,4.0,No,1578.1,Synthetic
1376,2024-04-24,MOPU,Mumbai High Complex,3.5,Actual,3.5,No,1717.8,Synthetic
1388,2024-04-25,MOPU,Mumbai High Complex,3.3,Actual,3.3,No,1681.8,Synthetic
1400,2024-04-26,MOPU,Mumbai High Complex,4.5,Actual,4.5,No,1672.1,Synthetic
1412,2024-04-27,MOPU,Mumbai High Complex,3.1,Actual,3.1,No,1620.3,Synthetic
1424,2024-04-28,MOPU,Mumbai High Complex,2.6,Actual,2.6,No,1552.3,Synthetic
1436,2024-04-29,MOPU,Mumbai High Complex,2.8,Actual,2.8,No,1728.4,Synthetic
1448,2024-04-30,MOPU,Mumbai High Complex,2.9,Actual,2.9,No,1626.2,Synthetic
1460,2024-05-01,MOPU,Mumbai High Complex,2.9,Actual,2.9,No,1590.1,Synthetic
1472,2024-05-02,MOPU,Mumbai High Complex,3.4,Actual,3.4,No,1639.7,Synthetic
1484,2024-05-03,MOPU,Mumbai High Complex,3.0,Actual,3.0,No,1677.2,Synthetic
1496,2024-05-04,MOPU,Mumbai High Complex,3.1,Actual,3.1,No,1615.8,Synthetic
1508,2024-05-05,MOPU,Mumbai High Complex,3.0,Actual,3.0,No,1677.2,Synthetic
1520,2024-05-06,MOPU,Mumbai High Complex,4.0,Actual,4.0,No,1655.7,Synthetic
1532,2024-05-07,MOPU,Mumbai High Complex,3.8,Actual,3.8,No,1551.1,Synthetic
1544,2024-05-08,MOPU,Mumbai High Complex,2.9,Actual,2.9,No,1575.9,Synthetic
1556,2024-05-09,MOPU,Mumbai High Complex,2.9,Actual,2.9,No,1651.9,Synthetic
1568,2024-05-10,MOPU,Mumbai High Complex,3.5,Actual,3.5,No,1467.8,Synthetic
1580,2024-05-11,MOPU,Mumbai High Complex,4.5,Actual,4.5,No,1579.2,Synthetic
1592,2024-05-12,MOPU,Mumbai High Complex,3.0,Actual,3.0,No,1528.6,Synthetic
1604,2024-05-13,MOPU,Mumbai High Complex,3.8,Actual,3.8,No,1564.7,Synthetic
1616,2024-05-14,MOPU,Mumbai High Complex,2.8,Actual,2.8,No,1579.5,Synthetic
1628,2024-05-15,MOPU,Mumbai High Complex,2.9,Actual,2.9,No,1573.2,Synthetic
1640,2024-05-16,MOPU,Mumbai High Complex,3.2,Actual,3.2,No,1558.9,Synthetic
1652,2024-05-17,MOPU,Mumbai High Complex,2.8,Actual,2.8,No,1533.9,Synthetic
1664,2024-05-18,MOPU,Mumbai High Complex,3.2,Actual,3.2,No,1688.7,Synthetic
1676,2024-05-19,MOPU,Mumbai High Complex,3.1,Actual,3.1,No,1666.8,Synthetic
1688,2024-05-20,MOPU,Mumbai High Complex,3.0,Actual,3.0,No,1521.7,Synthetic
1700,2024-05-21,MOPU,Mumbai High Complex,3.8,Actual,3.8,No,1641.5,Synthetic
1712,2024-05-22,MOPU,Mumbai High Complex,2.7,Actual,2.7,No,1555.4,Synthetic
1724,2024-05-23,MOPU,Mumbai High Complex,3.3,Actual,3.3,No,1572.5,Synthetic
1736,2024-05-24,MOPU,Mumbai High Complex,5.7,Actual,5.7,No,1540.0,Synthetic
1748,2024-05-25,MOPU,Mumbai High Complex,4.9,Actual,4.9,No,1516.8,Synthetic
1760,2024-05-26,MOPU,Mumbai High Complex,4.3,Actual,4.3,No,1595.9,Synthetic
1772,2024-05-27,MOPU,Mumbai High Complex,3.1,Actual,3.1,No,1564.0,Synthetic
1784,2024-05-28,MOPU,Mumbai High Complex,3.4,Actual,3.4,No,1530.8,Synthetic
1796,2024-05-29,MOPU,Mumbai High Complex,3.4,Actual,3.4,No,1489.9,Synthetic
1808,2024-05-30,MOPU,Mumbai High Complex,3.4,Actual,3.4,No,1506.5,Synthetic
1820,2024-05-31,MOPU,Mumbai High Complex,4.8,Actual,4.8,No,1457.9,Synthetic
1832,2024-06-01,MOPU,Mumbai High Complex,5.2,Actual,5.2,No,1528.1,Synthetic
1844,2024-06-02,MOPU,Mumbai High Complex,4.1,Actual,4.1,No,1479.5,Synthetic
1856,2024-06-03,MOPU,Mumbai High Complex,3.7,Actual,3.7,No,1523.3,Synthetic
1868,2024-06-04,MOPU,Mumbai High Complex,3.2,Actual,3.2,No,1600.5,Synthetic
1880,2024-06-05,MOPU,Mumbai High Complex,2.8,Actual,2.8,No,1593.7,Synthetic
1892,2024-06-06,MOPU,Mumbai High Complex,3.1,Actual,3.1,No,1531.8,Synthetic
1904,2024-06-07,MOPU,Mumbai High Complex,3.1,Actual,3.1,No,1526.8,Synthetic
1916,2024-06-08,MOPU,Mumbai High Complex,2.7,Actual,2.7,No,1618.1,Synthetic
1928,2024-06-09,MOPU,Mumbai High Complex,3.2,Actual,3.2,No,1548.9,Synthetic
1940,2024-06-10,MOPU,Mumbai High Complex,3.7,Actual,3.7,No,1503.4,Synthetic
1952,2024-06-11,MOPU,Mumbai High Complex,4.3,Actual,4.3,No,1446.1,Synthetic
1964,2024-06-12,MOPU,Mumbai High Complex,3.1,Actual,3.1,No,1536.5,Synthetic
1976,2024-06-13,MOPU,Mumbai High Complex,3.4,Actual,3.4,No,1551.2,Synthetic
1988,2024-06-14,MOPU,Mumbai High Complex,3.4,Actual,3.4,No,1482.5,Synthetic
2000,2024-06-15,MOPU,Mumbai High Complex,3.2,Actual,3.2,No,1523.6,Synthetic
2012,2024-06-16,MOPU,Mumbai High Complex,3.2,Actual,3.2,No,1491.5,Synthetic
2024,2024-06-17,MOPU,Mumbai High Complex,2.9,Actual,2.9,No,1499.7,Synthetic
2036,2024-06-18,MOPU,Mumbai High Complex,3.3,Actual,3.3,No,1390.1,Synthetic
2048,2024-06-19,MOPU,Mumbai High Complex,3.3,Actual,3.3,No,1489.8,Synthetic
2060,2024-06-20,MOPU,Mumbai High Complex,3.3,Actual,3.3,No,1541.0,Synthetic
2072,2024-06-21,MOPU,Mumbai High Complex,3.0,Actual,3.0,No,1469.2,Synthetic
2084,2024-06-22,MOPU,Mumbai High Complex,3.5,Actual,3.5,No,1493.3,Synthetic
2096,2024-06-23,MOPU,Mumbai High Complex,3.1,Actual,3.1,No,1458.0,Synthetic
2108,2024-06-24,MOPU,Mumbai High Complex,3.1,Actual,3.1,No,1505.6,Synthetic
2120,2024-06-25,MOPU,Mumbai High Complex,3.3,Actual,3.3,No,1475.8,Synthetic
2132,2024-06-26,MOPU,Mumbai High Complex,3.2,Actual,3.2,No,1442.0,Synthetic
2144,2024-06-27,MOPU,Mumbai High Complex,3.0,Actual,3.0,No,1542.4,Synthetic
2156,2024-06-28,MOPU,Mumbai High Complex,2.8,Actual,2.8,No,1523.7,Synthetic
2168,2024-06-29,MOPU,Mumbai High Complex,3.8,Actual,3.8,No,1445.0,Synthetic
2180,2024-06-30,MOPU,Mumbai High Complex,3.8,Actual,3.8,No,1491.3,Synthetic
2192,2024-07-01,MOPU,Mumbai High Complex,3.8,Actual,3.8,No,1490.7,Synthetic
2204,2024-07-02,MOPU,Mumbai High Complex,4.5,Actual,4.5,No,1487.0,Synthetic
2216,2024-07-03,MOPU,Mumbai High Complex,4.5,Actual,4.5,No,1382.5,Synthetic
2228,2024-07-04,MOPU,Mumbai High Complex,4.5,Actual,4.5,No,1498.1,Synthetic
2240,2024-07-05,MOPU,Mumbai High Complex,5.1,Actual,5.1,No,1422.2,Synthetic
2252,2024-07-06,MOPU,Mumbai High Complex,6.2,Actual,6.2,No,1420.2,Synthetic
2264,2024-07-07,MOPU,Mumbai High Complex,3.4,Actual,3.4,No,1571.4,Synthetic
2276,2024-07-08,MOPU,Mumbai High Complex,3.4,Actual,3.4,No,1467.0,Synthetic
2288,2024-07-09,MOPU,Mumbai High Complex,2.9,Actual,2.9,No,1438.7,Synthetic
2300,2024-07-10,MOPU,Mumbai High Complex,2.4,Actual,2.4,No,1360.9,Synthetic
2312,2024-07-11,MOPU,Mumbai High Complex,2.4,Actual,2.4,No,1515.6,Synthetic
2324,2024-07-12,MOPU,Mumbai High Complex,2.5,Actual,2.5,No,1393.2,Synthetic
2336,2024-07-13,MOPU,Mumbai High Complex,3.0,Actual,3.0,No,1401.9,Synthetic
2348,2024-07-14,MOPU,Mumbai High Complex,3.0,Actual,3.0,No,1428.7,Synthetic
2360,2024-07-15,MOPU,Mumbai High Complex,3.0,Actual,3.0,No,1502.0,Synthetic
2372,2024-07-16,MOPU,Mumbai High Complex,3.0,Actual,3.0,No,1471.8,Synthetic
2384,2024-07-17,MOPU,Mumbai High Complex,3.0,Actual,3.0,No,1429.3,Synthetic
2396,2024-07-18,MOPU,Mumbai High Complex,2.9,Actual,2.9,No,1447.9,Synthetic
2408,2024-07-19,MOPU,Mumbai High Complex,4.1,Actual,4.1,No,1397.1,Synthetic
2420,2024-07-20,MOPU,Mumbai High Complex,3.6,Actual,3.6,No,1430.4,Synthetic
2432,2024-07-21,MOPU,Mumbai High Complex,4.5,Actual,4.5,No,1418.0,Synthetic
2444,2024-07-22,MOPU,Mumbai High Complex,4.5,Actual,4.5,No,1453.7,Synthetic
2456,2024-07-23,MOPU,Mumbai High Complex,3.1,Actual,3.1,No,1462.8,Synthetic
2468,2024-07-24,MOPU,Mumbai High Complex,3.1,Actual,3.1,No,1440.3,Synthetic
2480,2024-07-25,MOPU,Mumbai High Complex,25.0,Actual,25.0,No,1229.8,Synthetic
2492,2024-07-26,MOPU,Mumbai High Complex,19.0,Actual,19.0,No,1317.5,Synthetic
2504,2024-07-27,MOPU,Mumbai High Complex,13.3,Actual,13.3,No,1328.1,Synthetic
2516,2024-07-28,MOPU,Mumbai High Complex,4.7,Actual,4.7,No,1352.1,Synthetic
2528,2024-07-29,MOPU,Mumbai High Complex,4.6,Actual,4.6,No,1379.1,Synthetic
2540,2024-07-30,MOPU,Mumbai High Complex,3.7,Actual,3.7,No,1404.4,Synthetic
2552,2024-07-31,MOPU,Mumbai High Complex,3.7,Actual,3.7,No,1436.8,Synthetic
2564,2024-08-01,MOPU,Mumbai High Complex,3.7,Actual,3.7,No,1388.7,Synthetic
2576,2024-08-02,MOPU,Mumbai High Complex,3.2,Actual,3.2,No,1347.3,Synthetic
2588,2024-08-03,MOPU,Mumbai High Complex,3.2,Actual,3.2,No,1398.2,Synthetic
2600,2024-08-04,MOPU,Mumbai High Complex,2.9,Actual,2.9,No,1400.6,Synthetic
2612,2024-08-05,MOPU,Mumbai High Complex,3.1,Actual,3.1,No,1399.8,Synthetic
2624,2024-08-06,MOPU,Mumbai High Complex,3.1,Actual,3.1,No,1428.2,Synthetic
2636,2024-08-07,MOPU,Mumbai High Complex,3.1,Actual,3.1,No,1430.0,Synthetic
2648,2024-08-08,MOPU,Mumbai High Complex,3.6,Actual,3.6,No,1356.9,Synthetic
2660,2024-08-09,MOPU,Mumbai High Complex,3.6,Actual,3.6,No,1353.8,Synthetic
2672,2024-08-10,MOPU,Mumbai High Complex,2.9,Actual,2.9,No,1339.3,Synthetic
2684,2024-08-11,MOPU,Mumbai High Complex,2.9,Actual,2.9,No,1409.2,Synthetic
2696,2024-08-12,MOPU,Mumbai High Complex,3.8,Actual,3.8,No,1430.7,Synthetic
2708,2024-08-13,MOPU,Mumbai High Complex,3.8,Actual,3.8,No,1355.9,Synthetic
2720,2024-08-14,MOPU,Mumbai High Complex,3.8,Actual,3.8,No,1356.8,Synthetic
2732,2024-08-15,MOPU,Mumbai High Complex,3.8,Actual,3.8,No,1424.5,Synthetic
2744,2024-08-16,MOPU,Mumbai High Complex,3.8,Actual,3.8,No,1382.9,Synthetic
2756,2024-08-17,MOPU,Mumbai High Complex,3.8,Actual,3.8,No,1377.9,Synthetic
2768,2024-08-18,MOPU,Mumbai High Complex,4.9,Actual,4.9,No,1301.3,Synthetic
2780,2024-08-19,MOPU,Mumbai High Complex,4.9,Actual,4.9,No,1374.8,Synthetic
2792,2024-08-20,MOPU,Mumbai High Complex,4.9,Actual,4.9,No,1307.7,Synthetic
2804,2024-08-21,MOPU,Mumbai High Complex,6.2,Actual,6.2,No,1287.8,Synthetic
2816,2024-08-22,MOPU,Mumbai High Complex,5.9,Actual,5.9,No,1319.4,Synthetic
2828,2024-08-23,MOPU,Mumbai High Complex,5.8,Actual,5.8,No,1308.5,Synthetic
2840,2024-08-24,MOPU,Mumbai High Complex,4.5,Actual,4.5,No,1330.6,Synthetic
2852,2024-08-25,MOPU,Mumbai High Complex,4.5,Actual,4.5,No,1279.6,Synthetic
2864,2024-08-26,MOPU,Mumbai High Complex,8.0,Actual,8.0,No,1346.5,Synthetic
2876,2024-08-27,MOPU,Mumbai High Complex,5.5,Actual,5.5,No,1370.4,Synthetic
2888,2024-08-28,MOPU,Mumbai High Complex,3.4,Actual,3.4,No,1261.0,Synthetic
2900,2024-08-29,MOPU,Mumbai High Complex,4.0,Actual,4.0,No,1371.7,Synthetic
2912,2024-08-30,MOPU,Mumbai High Complex,4.3,Actual,4.3,No,1295.9,Synthetic
2924,2024-08-31,MOPU,Mumbai High Complex,4.8,Actual,4.8,No,1356.3,Synthetic
2936,2024-09-01,MOPU,Mumbai High Complex,4.2,Actual,4.2,No,1321.9,Synthetic
2948,2024-09-02,MOPU,Mumbai High Complex,4.3,Actual,4.3,No,1322.9,Synthetic
2960,2024-09-03,MOPU,Mumbai High Complex,4.0,Actual,4.0,No,1314.5,Synthetic
2972,2024-09-04,MOPU,Mumbai High Complex,4.2,Actual,4.2,No,1366.2,Synthetic
2984,2024-09-05,MOPU,Mumbai High Complex,4.0,Actual,4.0,No,1268.6,Synthetic
2996,2024-09-06,MOPU,Mumbai High Complex,3.8,Actual,3.8,No,1341.0,Synthetic
3008,2024-09-07,MOPU,Mumbai High Complex,4.7,Actual,4.7,No,1351.4,Synthetic
3020,2024-09-08,MOPU,Mumbai High Complex,4.3,Actual,4.3,No,1337.2,Synthetic
3032,2024-09-09,MOPU,Mumbai High Complex,3.9,Actual,3.9,No,1401.2,Synthetic
3044,2024-09-10,MOPU,Mumbai High Complex,3.9,Actual,3.9,No,1287.0,Synthetic
3056,2024-09-11,MOPU,Mumbai High Complex,4.8,Actual,4.8,No,1336.4,Synthetic
3068,2024-09-12,MOPU,Mumbai High Complex,4.7,Actual,4.7,No,1293.6,Synthetic
3080,2024-09-13,MOPU,Mumbai High Complex,3.8,Actual,3.8,No,1350.4,Synthetic
3092,2024-09-14,MOPU,Mumbai High Complex,3.5,Actual,3.5,No,1302.0,Synthetic
3104,2024-09-15,MOPU,Mumbai High Complex,3.1,Actual,3.1,No,1288.0,Synthetic
3116,2024-09-16,MOPU,Mumbai High Complex,3.6,Actual,3.6,No,1348.2,Synthetic
3128,2024-09-17,MOPU,Mumbai High Complex,3.6,Actual,3.6,No,1276.2,Synthetic
3140,2024-09-18,MOPU,Mumbai High Complex,3.9,Actual,3.9,No,1236.3,Synthetic
3152,2024-09-19,MOPU,Mumbai High Complex,3.2,Actual,3.2,No,1274.0,Synthetic
3164,2024-09-20,MOPU,Mumbai High Complex,4.0,Actual,4.0,No,1310.1,Synthetic
3176,2024-09-21,MOPU,Mumbai High Complex,3.3,Actual,3.3,No,1343.0,Synthetic
3188,2024-09-22,MOPU,Mumbai High Complex,5.5,Actual,5.5,No,1275.5,Synthetic
3200,2024-09-23,MOPU,Mumbai High Complex,5.1,Actual,5.1,No,1322.4,Synthetic
3212,2024-09-24,MOPU,Mumbai High Complex,4.3,Actual,4.3,No,1223.8,Synthetic
3224,2024-09-25,MOPU,Mumbai High Complex,4.1,Actual,4.1,No,1258.2,Synthetic
3236,2024-09-26,MOPU,Mumbai High Complex,5.0,Actual,5.0,No,1255.7,Synthetic
3248,2024-09-27,MOPU,Mumbai High Complex,5.0,Actual,5.0,No,1260.3,Synthetic
3260,2024-09-28,MOPU,Mumbai High Complex,3.9,Actual,3.9,No,1273.6,Synthetic
3272,2024-09-29,MOPU,Mumbai High Complex,3.7,Actual,3.7,No,1296.1,Synthetic
3284,2024-09-30,MOPU,Mumbai High Complex,3.8,Actual,3.8,No,1250.1,Synthetic
3296,2024-10-01,MOPU,Mumbai High Complex,3.8,Actual,3.8,No,1270.3,Synthetic
3308,2024-10-02,MOPU,Mumbai High Complex,3.4,Actual,3.4,No,1264.1,Synthetic
3320,2024-10-03,MOPU,Mumbai High Complex,3.4,Actual,3.4,No,1228.7,Synthetic
3332,2024-10-04,MOPU,Mumbai High Complex,4.0,Actual,4.0,No,1253.2,Synthetic
3344,2024-10-05,MOPU,Mumbai High Complex,4.0,Actual,4.0,No,1250.1,Synthetic
3356,2024-10-06,MOPU,Mumbai High Complex,4.0,Actual,4.0,No,1247.3,Synthetic
3368,2024-10-07,MOPU,Mumbai High Complex,3.3,Actual,3.3,No,1257.6,Synthetic
3380,2024-10-08,MOPU,Mumbai High Complex,3.3,Actual,3.3,No,1257.2,Synthetic
3392,2024-10-09,MOPU,Mumbai High Complex,3.3,Actual,3.3,No,1236.1,Synthetic
3404,2024-10-10,MOPU,Mumbai High Complex,3.3,Actual,3.3,No,1298.1,Synthetic
3416,2024-10-11,MOPU,Mumbai High Complex,4.4,Actual,4.4,No,1197.1,Synthetic
3428,2024-10-12,MOPU,Mumbai High Complex,4.7,Actual,4.7,No,1209.8,Synthetic
3440,2024-10-13,MOPU,Mumbai High Complex,5.6,Actual,5.6,No,1330.7,Synthetic
3452,2024-10-14,MOPU,Mumbai High Complex,4.3,Actual,4.3,No,1196.9,Synthetic
3464,2024-10-15,MOPU,Mumbai High Complex,4.1,Actual,4.1,No,1184.6,Synthetic
3476,2024-10-16,MOPU,Mumbai High Complex,4.1,Actual,4.1,No,1259.9,Synthetic
3488,2024-10-17,MOPU,Mumbai High Complex,3.9,Actual,3.9,No,1155.4,Synthetic
3500,2024-10-18,MOPU,Mumbai High Complex,3.9,Actual,3.9,No,1221.5,Synthetic
3512,2024-10-19,MOPU,Mumbai High Complex,4.3,Actual,4.3,No,1304.3,Synthetic
3524,2024-10-20,MOPU,Mumbai High Complex,4.2,Actual,4.2,No,1167.4,Synthetic
3536,2024-10-21,MOPU,Mumbai High Complex,3.9,Actual,3.9,No,1151.4,Synthetic
3548,2024-10-22,MOPU,Mumbai High Complex,3.8,Actual,3.8,No,1168.0,Synthetic
3560,2024-10-23,MOPU,Mumbai High Complex,3.9,Actual,3.9,No,1253.2,Synthetic
3572,2024-10-24,MOPU,Mumbai High Complex,3.7,Actual,3.7,No,1260.9,Synthetic
3584,2024-10-25,MOPU,Mumbai High Complex,5.4,Actual,5.4,No,1187.6,Synthetic
3596,2024-10-26,MOPU,Mumbai High Complex,5.4,Actual,5.4,No,1228.9,Synthetic
3608,2024-10-27,MOPU,Mumbai High Complex,5.4,Actual,5.4,No,1252.4,Synthetic
3620,2024-10-28,MOPU,Mumbai High Complex,5.4,Actual,5.4,No,1264.7,Synthetic
3632,2024-10-29,MOPU,Mumbai High Complex,5.3,Actual,5.3,No,1190.2,Synthetic
3644,2024-10-30,MOPU,Mumbai High Complex,5.3,Actual,5.3,No,1114.5,Synthetic
3656,2024-10-31,MOPU,Mumbai High Complex,5.0,Actual,5.0,No,1167.8,Synthetic
3668,2024-11-01,MOPU,Mumbai High Complex,4.9,Actual,4.9,No,1180.7,Synthetic
3680,2024-11-02,MOPU,Mumbai High Complex,5.2,Actual,5.2,No,1182.8,Synthetic
3692,2024-11-03,MOPU,Mumbai High Complex,4.2,Actual,4.2,No,1190.1,Synthetic
3704,2024-11-04,MOPU,Mumbai High Complex,4.2,Actual,4.2,No,1235.0,Synthetic
3716,2024-11-05,MOPU,Mumbai High Complex,5.8,Actual,5.8,No,1227.5,Synthetic
3728,2024-11-06,MOPU,Mumbai High Complex,5.6,Actual,5.6,No,1175.6,Synthetic
3740,2024-11-07,MOPU,Mumbai High Complex,6.5,Actual,6.5,No,1212.5,Synthetic
3752,2024-11-08,MOPU,Mumbai High Complex,6.7,Actual,6.7,No,1183.1,Synthetic
3764,2024-11-09,MOPU,Mumbai High Complex,44.0,Actual,44.0,No,921.5,Synthetic
3776,2024-11-10,MOPU,Mumbai High Complex,4.5,Actual,4.5,No,1213.6,Synthetic
3788,2024-11-11,MOPU,Mumbai High Complex,4.2,Actual,4.2,No,1184.1,Synthetic
3800,2024-11-12,MOPU,Mumbai High Complex,4.8,Actual,4.8,No,1248.2,Synthetic
3812,2024-11-13,MOPU,Mumbai High Complex,4.9,Actual,4.9,No,1122.5,Synthetic
3824,2024-11-14,MOPU,Mumbai High Complex,4.8,Actual,4.8,No,1153.8,Synthetic
3836,2024-11-15,MOPU,Mumbai High Complex,4.3,Actual,4.3,No,1168.8,Synthetic
3848,2024-11-16,MOPU,Mumbai High Complex,4.3,Actual,4.3,No,1186.8,Synthetic
3860,2024-11-17,MOPU,Mumbai High Complex,3.8,Actual,3.8,No,1217.4,Synthetic
3872,2024-11-18,MOPU,Mumbai High Complex,3.5,Actual,3.5,No,1172.0,Synthetic
3884,2024-11-19,MOPU,Mumbai High Complex,2.9,Actual,2.9,No,1124.8,Synthetic
3896,2024-11-20,MOPU,Mumbai High Complex,4.0,Actual,4.0,No,1195.3,Synthetic
3908,2024-11-21,MOPU,Mumbai High Complex,3.4,Actual,3.4,No,1194.4,Synthetic
3920,2024-11-22,MOPU,Mumbai High Complex,4.7,Actual,4.7,No,1090.1,Synthetic
3932,2024-11-23,MOPU,Mumbai High Complex,4.0,Actual,4.0,No,1160.1,Synthetic
3944,2024-11-24,MOPU,Mumbai High Complex,4.1,Actual,4.1,No,1102.5,Synthetic
3956,2024-11-25,MOPU,Mumbai High Complex,3.9,Actual,3.9,No,1134.1,Synthetic
3968,2024-11-26,MOPU,Mumbai High Complex,3.6,Actual,3.6,No,1125.9,Synthetic
3980,2024-11-27,MOPU,Mumbai High Complex,3.6,Actual,3.6,No,1183.4,Synthetic
3992,2024-11-28,MOPU,Mumbai High Complex,5.6,Actual,5.6,No,1144.6,Synthetic
4004,2024-11-29,MOPU,Mumbai High Complex,3.5,Actual,3.5,No,1107.9,Synthetic
4016,2024-11-30,MOPU,Mumbai High Complex,3.5,Actual,3.5,No,1180.8,Synthetic
4028,2024-12-01,MOPU,Mumbai High Complex,3.7,Actual,3.7,No,1098.0,Synthetic
4040,2024-12-02,MOPU,Mumbai High Complex,3.6,Actual,3.6,No,1157.5,Synthetic
4052,2024-12-03,MOPU,Mumbai High Complex,3.4,Actual,3.4,No,1117.6,Synthetic
4064,2024-12-04,MOPU,Mumbai High Complex,3.4,Actual,3.4,No,1131.2,Synthetic
4076,2024-12-05,MOPU,Mumbai High Complex,3.6,Actual,3.6,No,1157.8,Synthetic
4088,2024-12-06,MOPU,Mumbai High Complex,3.7,Actual,3.7,No,1155.9,Synthetic
4100,2024-12-07,MOPU,Mumbai High Complex,4.7,Actual,4.7,No,1175.2,Synthetic
4112,2024-12-08,MOPU,Mumbai High Complex,3.5,Actual,3.5,No,1132.9,Synthetic
4124,2024-12-09,MOPU,Mumbai High Complex,3.2,Actual,3.2,No,1146.3,Synthetic
4136,2024-12-10,MOPU,Mumbai High Complex,3.8,Actual,3.8,No,1115.3,Synthetic
4148,2024-12-11,MOPU,Mumbai High Complex,3.8,Actual,3.8,No,1134.5,Synthetic
4160,2024-12-12,MOPU,Mumbai High Complex,4.8,Actual,4.8,No,1135.0,Synthetic
4172,2024-12-13,MOPU,Mumbai High Complex,4.5,Actual,4.5,No,1117.0,Synthetic
4184,2024-12-14,MOPU,Mumbai High Complex,3.7,Actual,3.7,No,1062.8,Synthetic
4196,2024-12-15,MOPU,Mumbai High Complex,3.4,Actual,3.4,No,1134.8,Synthetic
4208,2024-12-16,MOPU,Mumbai High Complex,3.5,Actual,3.5,No,1133.5,Synthetic
4220,2024-12-17,MOPU,Mumbai High Complex,3.4,Actual,3.4,No,1097.2,Synthetic
4232,2024-12-18,MOPU,Mumbai High Complex,3.9,Actual,3.9,No,1072.1,Synthetic
4244,2024-12-19,MOPU,Mumbai High Complex,4.0,Actual,4.0,No,1161.9,Synthetic
4256,2024-12-20,MOPU,Mumbai High Complex,4.0,Actual,4.0,No,1127.3,Synthetic
4268,2024-12-21,MOPU,Mumbai High Complex,3.8,Actual,3.8,No,1102.7,Synthetic
4280,2024-12-22,MOPU,Mumbai High Complex,3.5,Actual,3.5,No,1072.5,Synthetic
4292,2024-12-23,MOPU,Mumbai High Complex,3.7,Actual,3.7,No,1080.1,Synthetic
4304,2024-12-24,MOPU,Mumbai High Complex,3.6,Actual,3.6,No,1149.5,Synthetic
4316,2024-12-25,MOPU,Mumbai High Complex,3.8,Actual,3.8,No,1107.8,Synthetic
4328,2024-12-26,MOPU,Mumbai High Complex,3.8,Actual,3.8,No,1083.2,Synthetic
4340,2024-12-27,MOPU,Mumbai High Complex,3.6,Actual,3.6,No,1117.7,Synthetic
4352,2024-12-28,MOPU,Mumbai High Complex,3.6,Actual,3.6,No,1072.3,Synthetic
4364,2024-12-29,MOPU,Mumbai High Complex,3.7,Actual,3.7,No,1146.1,Synthetic
4376,2024-12-30,MOPU,Mumbai High Complex,3.9,Actual,3.9,No,1138.1,Synthetic
4388,2024-12-31,MOPU,Mumbai High Complex,3.9,Actual,3.9,No,1076.7,Synthetic
4400,2025-01-01,MOPU,Mumbai High Complex,3.3,Actual,3.3,No,1073.3,Synthetic
4412,2025-01-02,MOPU,Mumbai High Complex,3.4,Actual,3.4,No,1005.8,Synthetic
4424,2025-01-03,MOPU,Mumbai High Complex,3.3,Actual,3.3,No,1041.9,Synthetic
4436,2025-01-04,MOPU,Mumbai High Complex,3.5,Actual,3.5,No,1043.7,Synthetic
4448,2025-01-05,MOPU,Mumbai High Complex,3.1,Actual,3.1,No,1092.5,Synthetic
4460,2025-01-06,MOPU,Mumbai High Complex,3.2,Actual,3.2,No,1075.1,Synthetic
4472,2025-01-07,MOPU,Mumbai High Complex,2.8,Actual,2.8,No,1042.6,Synthetic
4484,2025-01-08,MOPU,Mumbai High Complex,3.0,Actual,3.0,No,1074.3,Synthetic
4496,2025-01-09,MOPU,Mumbai High Complex,3.4,Actual,3.4,No,1095.7,Synthetic
4508,2025-01-10,MOPU,Mumbai High Complex,3.1,Actual,3.1,No,1096.5,Synthetic
4520,2025-01-11,MOPU,Mumbai High Complex,3.5,Actual,3.5,No,1013.9,Synthetic
4532,2025-01-12,MOPU,Mumbai High Complex,3.2,Actual,3.2,No,1071.2,Synthetic
4544,2025-01-13,MOPU,Mumbai High Complex,3.2,Actual,3.2,No,1029.0,Synthetic
4556,2025-01-14,MOPU,Mumbai High Complex,3.4,Actual,3.4,No,1099.6,Synthetic
4568,2025-01-15,MOPU,Mumbai High Complex,3.4,Actual,3.4,No,1094.1,Synthetic
4580,2025-01-16,MOPU,Mumbai High Complex,3.4,Actual,3.4,No,1038.4,Synthetic
4592,2025-01-17,MOPU,Mumbai High Complex,3.3,Actual,3.3,No,1041.6,Synthetic
4604,2025-01-18,MOPU,Mumbai High Complex,3.3,Actual,3.3,No,1049.6,Synthetic
4616,2025-01-19,MOPU,Mumbai High Complex,3.0,Actual,3.0,No,992.5,Synthetic
4628,2025-01-20,MOPU,Mumbai High Complex,3.0,Actual,3.0,No,1073.4,Synthetic
4640,2025-01-21,MOPU,Mumbai High Complex,3.1,Actual,3.1,No,1051.7,Synthetic
4652,2025-01-22,MOPU,Mumbai High Complex,3.0,Actual,3.0,No,1090.1,Synthetic
4664,2025-01-23,MOPU,Mumbai High Complex,2.9,Actual,2.9,No,1023.3,Synthetic
4676,2025-01-24,MOPU,Mumbai High Complex,2.9,Actual,2.9,No,1036.9,Synthetic
4688,2025-01-25,MOPU,Mumbai High Complex,2.9,Actual,2.9,No,1007.1,Synthetic
4700,2025-01-26,MOPU,Mumbai High Complex,3.0,Actual,3.0,No,1020.8,Synthetic
4712,2025-01-27,MOPU,Mumbai High Complex,2.9,Actual,2.9,No,1014.1,Synthetic
4724,2025-01-28,MOPU,Mumbai High Complex,2.9,Actual,2.9,No,1081.1,Synthetic
4736,2025-01-29,MOPU,Mumbai High Complex,3.1,Actual,3.1,No,1024.9,Synthetic
4748,2025-01-30,MOPU,Mumbai High Complex,3.0,Actual,3.0,No,1049.6,Synthetic
4760,2025-01-31,MOPU,Mumbai High Complex,3.1,Actual,3.1,No,1031.6,Synthetic
4772,2025-02-01,MOPU,Mumbai High Complex,2.8,Actual,2.8,No,1003.8,Synthetic
4784,2025-02-02,MOPU,Mumbai High Complex,2.8,Actual,2.8,No,1036.6,Synthetic
4796,2025-02-03,MOPU,Mumbai High Complex,4.5,Actual,4.5,No,1048.8,Synthetic
4808,2025-02-04,MOPU,Mumbai High Complex,4.5,Actual,4.5,No,991.4,Synthetic
4820,2025-02-05,MOPU,Mumbai High Complex,3.4,Actual,3.4,No,1058.5,Synthetic
4832,2025-02-06,MOPU,Mumbai High Complex,3.7,Actual,3.7,No,1003.7,Synthetic
4844,2025-02-07,MOPU,Mumbai High Complex,3.3,Actual,3.3,No,1015.7,Synthetic
4856,2025-02-08,MOPU,Mumbai High Complex,3.4,Actual,3.4,No,1044.8,Synthetic
4868,2025-02-09,MOPU,Mumbai High Complex,3.4,Actual,3.4,No,1006.3,Synthetic
4880,2025-02-10,MOPU,Mumbai High Complex,3.4,Actual,3.4,No,1026.2,Synthetic
4892,2025-02-11,MOPU,Mumbai High Complex,3.6,Actual,3.6,No,1012.6,Synthetic
4904,2025-02-12,MOPU,Mumbai High Complex,3.6,Actual,3.6,No,1024.6,Synthetic
4916,2025-02-13,MOPU,Mumbai High Complex,3.2,Actual,3.2,No,948.4,Synthetic
4928,2025-02-14,MOPU,Mumbai High Complex,3.5,Actual,3.5,No,962.1,Synthetic
4940,2025-02-15,MOPU,Mumbai High Complex,3.4,Actual,3.4,No,1035.7,Synthetic
4952,2025-02-16,MOPU,Mumbai High Complex,3.5,Actual,3.5,No,1046.2,Synthetic
4964,2025-02-17,MOPU,Mumbai High Complex,3.2,Actual,3.2,No,987.0,Synthetic
4976,2025-02-18,MOPU,Mumbai High Complex,3.2,Actual,3.2,No,1005.7,Synthetic
4988,2025-02-19,MOPU,Mumbai High Complex,3.2,Actual,3.2,No,1020.4,Synthetic
5000,2025-02-20,MOPU,Mumbai High Complex,3.2,Actual,3.2,No,1030.9,Synthetic
5012,2025-02-21,MOPU,Mumbai High Complex,3.2,Actual,3.2,No,946.9,Synthetic
5024,2025-02-22,MOPU,Mumbai High Complex,3.2,Actual,3.2,No,979.8,Synthetic
5036,2025-02-23,MOPU,Mumbai High Complex,3.2,Actual,3.2,No,995.0,Synthetic
5048,2025-02-24,MOPU,Mumbai High Complex,3.4,Actual,3.4,No,1023.4,Synthetic
5060,2025-02-25,MOPU,Mumbai High Complex,3.5,Actual,3.5,No,1075.0,Synthetic
5072,2025-02-26,MOPU,Mumbai High Complex,2.9,Actual,2.9,No,995.0,Synthetic
5084,2025-02-27,MOPU,Mumbai High Complex,3.5,Actual,3.5,No,954.8,Synthetic
5096,2025-02-28,MOPU,Mumbai High Complex,3.1,Actual,3.1,No,1009.5,Synthetic
5108,2025-03-01,MOPU,Mumbai High Complex,3.5,Actual,3.5,No,1033.0,Synthetic
5120,2025-03-02,MOPU,Mumbai High Complex,3.2,Actual,3.2,No,996.9,Synthetic
5132,2025-03-03,MOPU,Mumbai High Complex,3.5,Actual,3.5,No,963.5,Synthetic
5144,2025-03-04,MOPU,Mumbai High Complex,3.4,Actual,3.4,No,1017.9,Synthetic
5156,2025-03-05,MOPU,Mumbai High Complex,3.4,Actual,3.4,No,1007.5,Synthetic
5168,2025-03-06,MOPU,Mumbai High Complex,2.7,Actual,2.7,No,959.6,Synthetic
5180,2025-03-07,MOPU,Mumbai High Complex,2.6,Actual,2.6,No,1000.4,Synthetic
5192,2025-03-08,MOPU,Mumbai High Complex,2.5,Actual,2.5,No,1017.6,Synthetic
5204,2025-03-09,MOPU,Mumbai High Complex,2.5,Actual,2.5,No,1021.4,Synthetic
5216,2025-03-10,MOPU,Mumbai High Complex,2.5,Actual,2.5,No,982.9,Synthetic
5228,2025-03-11,MOPU,Mumbai High Complex,2.5,Actual,2.5,No,972.7,Synthetic
5240,2025-03-12,MOPU,Mumbai High Complex,2.5,Actual,2.5,No,1017.8,Synthetic
5252,2025-03-13,MOPU,Mumbai High Complex,2.5,Actual,2.5,No,944.5,Synthetic
5264,2025-03-14,MOPU,Mumbai High Complex,2.5,Actual,2.5,No,991.4,Synthetic
5276,2025-03-15,MOPU,Mumbai High Complex,3.4,Actual,3.4,No,932.1,Synthetic
5288,2025-03-16,MOPU,Mumbai High Complex,3.2,Actual,3.2,No,1002.6,Synthetic
5300,2025-03-17,MOPU,Mumbai High Complex,4.0,Actual,4.0,No,958.2,Synthetic
5312,2025-03-18,MOPU,Mumbai High Complex,4.0,Actual,4.0,No,1000.8,Synthetic
5324,2025-03-19,MOPU,Mumbai High Complex,4.0,Actual,4.0,No,976.7,Synthetic
5336,2025-03-20,MOPU,Mumbai High Complex,3.4,Actual,3.4,No,928.9,Synthetic
5348,2025-03-21,MOPU,Mumbai High Complex,3.4,Actual,3.4,No,1003.8,Synthetic
5360,2025-03-22,MOPU,Mumbai High Complex,2.9,Actual,2.9,No,1008.7,Synthetic
5372,2025-03-23,MOPU,Mumbai High Complex,2.3,Actual,2.3,No,991.1,Synthetic
5384,2025-03-24,MOPU,Mumbai High Complex,2.5,Actual,2.5,No,940.9,Synthetic
5396,2025-03-25,MOPU,Mumbai High Complex,2.5,Actual,2.5,No,952.5,Synthetic
5408,2025-03-26,MOPU,Mumbai High Complex,2.5,Actual,2.5,No,964.0,Synthetic
5420,2025-03-27,MOPU,Mumbai High Complex,2.8,Actual,2.8,No,936.5,Synthetic
5432,2025-03-28,MOPU,Mumbai High Complex,2.9,Actual,2.9,No,1003.0,Synthetic
5444,2025-03-29,MOPU,Mumbai High Complex,2.6,Actual,2.6,No,958.8,Synthetic
5456,2025-03-30,MOPU,Mumbai High Complex,2.9,Actual,2.9,No,874.3,Synthetic
5468,2025-03-31,MOPU,Mumbai High Complex,2.9,Actual,2.9,No,959.6,Synthetic
5480,2025-04-01,MOPU,Mumbai High Complex,2.9,Actual,2.9,No,938.5,Synthetic
5492,2025-04-02,MOPU,Mumbai High Complex,2.5,Actual,2.5,No,946.9,Synthetic
5504,2025-04-03,MOPU,Mumbai High Complex,2.5,Actual,2.5,No,937.0,Synthetic
5516,2025-04-04,MOPU,Mumbai High Complex,2.5,Actual,2.5,No,968.9,Synthetic
5528,2025-04-05,MOPU,Mumbai High Complex,3.6,Actual,3.6,No,970.2,Synthetic
5540,2025-04-06,MOPU,Mumbai High Complex,3.1,Actual,3.1,No,947.8,Synthetic
5552,2025-04-07,MOPU,Mumbai High Complex,4.0,Actual,4.0,No,924.1,Synthetic
5564,2025-04-08,MOPU,Mumbai High Complex,2.8,Actual,2.8,No,937.2,Synthetic
5576,2025-04-09,MOPU,Mumbai High Complex,3.2,Actual,3.2,No,935.3,Synthetic
5588,2025-04-10,MOPU,Mumbai High Complex,3.4,Actual,3.4,No,909.8,Synthetic
5600,2025-04-11,MOPU,Mumbai High Complex,2.5,Actual,2.5,No,951.6,Synthetic
5612,2025-04-12,MOPU,Mumbai High Complex,2.9,Actual,2.9,No,944.7,Synthetic
5624,2025-04-13,MOPU,Mumbai High Complex,3.6,Actual,3.6,No,969.5,Synthetic
5636,2025-04-14,MOPU,Mumbai High Complex,3.5,Actual,3.5,No,960.5,Synthetic
5648,2025-04-15,MOPU,Mumbai High Complex,3.8,Actual,3.8,No,903.7,Synthetic
5660,2025-04-16,MOPU,Mumbai High Complex,3.8,Actual,3.8,No,943.8,Synthetic
5672,2025-04-17,MOPU,Mumbai High Complex,3.9,Actual,3.9,No,892.9,Synthetic
5684,2025-04-18,MOPU,Mumbai High Complex,3.6,Actual,3.6,No,938.4,Synthetic
5696,2025-04-19,MOPU,Mumbai High Complex,3.6,Actual,3.6,No,903.5,Synthetic
5708,2025-04-20,MOPU,Mumbai High Complex,3.4,Actual,3.4,No,889.1,Synthetic
5720,2025-04-21,MOPU,Mumbai High Complex,5.4,Actual,5.4,No,913.2,Synthetic
5732,2025-04-22,MOPU,Mumbai High Complex,3.7,Actual,3.7,No,839.6,Synthetic
5744,2025-04-23,MOPU,Mumbai High Complex,3.5,Actual,3.5,No,864.4,Synthetic
5756,2025-04-24,MOPU,Mumbai High Complex,3.5,Actual,3.5,No,906.1,Synthetic
5768,2025-04-25,MOPU,Mumbai High Complex,3.5,Actual,3.5,No,911.7,Synthetic
5780,2025-04-26,MOPU,Mumbai High Complex,3.4,Actual,3.4,No,898.4,Synthetic
5792,2025-04-27,MOPU,Mumbai High Complex,3.4,Actual,3.4,No,864.0,Synthetic
5804,2025-04-28,MOPU,Mumbai High Complex,4.5,Actual,4.5,No,877.9,Synthetic
5816,2025-04-29,MOPU,Mumbai High Complex,4.5,Actual,4.5,No,909.1,Synthetic
5828,2025-04-30,MOPU,Mumbai High Complex,4.0,Actual,4.0,No,915.3,Synthetic
5840,2025-05-01,MOPU,Mumbai High Complex,4.0,Actual,4.0,No,897.7,Synthetic
5852,2025-05-02,MOPU,Mumbai High Complex,3.5,Actual,3.5,No,930.5,Synthetic
5864,2025-05-03,MOPU,Mumbai High Complex,3.5,Actual,3.5,No,908.5,Synthetic
5876,2025-05-04,MOPU,Mumbai High Complex,3.8,Actual,3.8,No,874.8,Synthetic
5888,2025-05-05,MOPU,Mumbai High Complex,3.8,Actual,3.8,No,885.9,Synthetic
5900,2025-05-06,MOPU,Mumbai High Complex,3.4,Actual,3.4,No,856.3,Synthetic
5912,2025-05-07,MOPU,Mumbai High Complex,3.3,Actual,3.3,No,890.1,Synthetic
5924,2025-05-08,MOPU,Mumbai High Complex,3.3,Actual,3.3,No,921.3,Synthetic
5936,2025-05-09,MOPU,Mumbai High Complex,3.0,Actual,3.0,No,910.0,Synthetic
5948,2025-05-10,MOPU,Mumbai High Complex,3.0,Actual,3.0,No,927.7,Synthetic
5960,2025-05-11,MOPU,Mumbai High Complex,2.9,Actual,2.9,No,881.2,Synthetic
5972,2025-05-12,MOPU,Mumbai High Complex,3.0,Actual,3.0,No,923.2,Synthetic
5984,2025-05-13,MOPU,Mumbai High Complex,2.8,Actual,2.8,No,881.8,Synthetic
5996,2025-05-14,MOPU,Mumbai High Complex,2.9,Actual,2.9,No,924.1,Synthetic
6008,2025-05-15,MOPU,Mumbai High Complex,2.9,Actual,2.9,No,883.0,Synthetic
6020,2025-05-16,MOPU,Mumbai High Complex,2.8,Actual,2.8,No,901.4,Synthetic
6032,2025-05-17,MOPU,Mumbai High Complex,3.0,Actual,3.0,No,919.2,Synthetic
6044,2025-05-18,MOPU,Mumbai High Complex,3.0,Actual,3.0,No,873.7,Synthetic
6056,2025-05-19,MOPU,Mumbai High Complex,3.1,Actual,3.1,No,882.7,Synthetic
6068,2025-05-20,MOPU,Mumbai High Complex,2.8,Actual,2.8,No,910.9,Synthetic
6080,2025-05-21,MOPU,Mumbai High Complex,3.0,Actual,3.0,No,871.1,Synthetic
6092,2025-05-22,MOPU,Mumbai High Complex,2.8,Actual,2.8,No,839.5,Synthetic
6104,2025-05-23,MOPU,Mumbai High Complex,2.7,Actual,2.7,No,929.4,Synthetic
6116,2025-05-24,MOPU,Mumbai High Complex,2.7,Actual,2.7,No,859.6,Synthetic
6128,2025-05-25,MOPU,Mumbai High Complex,2.9,Actual,2.9,No,873.6,Synthetic
6140,2025-05-26,MOPU,Mumbai High Complex,3.5,Actual,3.5,No,895.2,Synthetic
6152,2025-05-27,MOPU,Mumbai High Complex,3.5,Actual,3.5,No,848.0,Synthetic
6164,2025-05-28,MOPU,Mumbai High Complex,3.2,Actual,3.2,No,837.7,Synthetic
6176,2025-05-29,MOPU,Mumbai High Complex,3.2,Actual,3.2,No,869.0,Synthetic
6188,2025-05-30,MOPU,Mumbai High Complex,3.1,Actual,3.1,No,815.2,Synthetic
6200,2025-05-31,MOPU,Mumbai High Complex,3.2,Actual,3.2,No,852.2,Synthetic
6212,2025-06-01,MOPU,Mumbai High Complex,2.9,Actual,2.9,No,866.0,Synthetic
6224,2025-06-02,MOPU,Mumbai High Complex,3.2,Actual,3.2,No,850.0,Synthetic
6236,2025-06-03,MOPU,Mumbai High Complex,3.0,Actual,3.0,No,816.8,Synthetic
6248,2025-06-04,MOPU,Mumbai High Complex,3.4,Actual,3.4,No,894.0,Synthetic
6260,2025-06-05,MOPU,Mumbai High Complex,3.6,Actual,3.6,No,853.5,Synthetic
6272,2025-06-06,MOPU,Mumbai High Complex,3.6,Actual,3.6,No,886.0,Synthetic
6284,2025-06-07,MOPU,Mumbai High Complex,2.9,Actual,2.9,No,844.8,Synthetic
6296,2025-06-08,MOPU,Mumbai High Complex,2.8,Actual,2.8,No,828.1,Synthetic
6308,2025-06-09,MOPU,Mumbai High Complex,2.7,Actual,2.7,No,856.5,Synthetic
6320,2025-06-10,MOPU,Mumbai High Complex,3.0,Actual,3.0,No,841.4,Synthetic
6332,2025-06-11,MOPU,Mumbai High Complex,3.3,Actual,3.3,No,814.3,Synthetic
6344,2025-06-12,MOPU,Mumbai High Complex,3.4,Actual,3.4,No,879.4,Synthetic
6356,2025-06-13,MOPU,Mumbai High Complex,3.1,Actual,3.1,No,826.6,Synthetic
6368,2025-06-14,MOPU,Mumbai High Complex,2.9,Actual,2.9,No,795.4,Synthetic
6380,2025-06-15,MOPU,Mumbai High Complex,2.9,Actual,2.9,No,874.0,Synthetic
6392,2025-06-16,MOPU,Mumbai High Complex,3.1,Actual,3.1,No,825.6,Synthetic
6404,2025-06-17,MOPU,Mumbai High Complex,2.8,Actual,2.8,No,823.0,Synthetic
6416,2025-06-18,MOPU,Mumbai High Complex,2.8,Actual,2.8,No,792.6,Synthetic
6428,2025-06-19,MOPU,Mumbai High Complex,2.9,Actual,2.9,No,878.8,Synthetic
6440,2025-06-20,MOPU,Mumbai High Complex,2.9,Actual,2.9,No,801.6,Synthetic
6452,2025-06-21,MOPU,Mumbai High Complex,2.9,Actual,2.9,No,833.9,Synthetic
6464,2025-06-22,MOPU,Mumbai High Complex,2.9,Actual,2.9,No,853.9,Synthetic
6476,2025-06-23,MOPU,Mumbai High Complex,2.9,Actual,2.9,No,840.3,Synthetic
6488,2025-06-24,MOPU,Mumbai High Complex,2.8,Actual,2.8,No,827.4,Synthetic
6500,2025-06-25,MOPU,Mumbai High Complex,2.7,Actual,2.7,No,785.8,Synthetic
6512,2025-06-26,MOPU,Mumbai High Complex,2.7,Actual,2.7,No,806.6,Synthetic
6524,2025-06-27,MOPU,Mumbai High Complex,2.7,Actual,2.7,No,830.0,Synthetic
6536,2025-06-28,MOPU,Mumbai High Complex,2.7,Actual,2.7,No,804.6,Synthetic
6548,2025-06-29,MOPU,Mumbai High Complex,2.7,Actual,2.7,No,827.8,Synthetic
6560,2025-06-30,MOPU,Mumbai High Complex,2.7,Actual,2.7,No,838.2,Synthetic
6572,2025-07-01,MOPU,Mumbai High Complex,2.7,Actual,2.7,No,843.8,Synthetic
6584,2025-07-02,MOPU,Mumbai High Complex,2.7,Actual,2.7,No,788.7,Synthetic
6596,2025-07-03,MOPU,Mumbai High Complex,2.8,Actual,2.8,No,870.8,Synthetic
6608,2025-07-04,MOPU,Mumbai High Complex,2.8,Actual,2.8,No,834.5,Synthetic
6620,2025-07-05,MOPU,Mumbai High Complex,2.8,Actual,2.8,No,814.3,Synthetic
6632,2025-07-06,MOPU,Mumbai High Complex,2.8,Actual,2.8,No,839.6,Synthetic
6644,2025-07-07,MOPU,Mumbai High Complex,2.8,Actual,2.8,No,869.4,Synthetic
6656,2025-07-08,MOPU,Mumbai High Complex,2.8,Actual,2.8,No,775.5,Synthetic
6668,2025-07-09,MOPU,Mumbai High Complex,2.8,Actual,2.8,No,803.7,Synthetic
6680,2025-07-10,MOPU,Mumbai High Complex,2.8,Actual,2.8,No,750.2,Synthetic
6692,2025-07-11,MOPU,Mumbai High Complex,2.8,Actual,2.8,No,811.2,Synthetic
6704,2025-07-12,MOPU,Mumbai High Complex,2.8,Actual,2.8,No,814.1,Synthetic
6716,2025-07-13,MOPU,Mumbai High Complex,2.8,Actual,2.8,No,803.0,Synthetic
6728,2025-07-14,MOPU,Mumbai High Complex,2.9,Actual,2.9,No,786.5,Synthetic
6740,2025-07-15,MOPU,Mumbai High Complex,3.1,Actual,3.1,No,750.8,Synthetic
6752,2025-07-16,MOPU,Mumbai High Complex,3.7,Actual,3.7,No,805.0,Synthetic
6764,2025-07-17,MOPU,Mumbai High Complex,3.0,Actual,3.0,No,832.7,Synthetic
6776,2025-07-18,MOPU,Mumbai High Complex,2.7,Actual,2.7,No,783.8,Synthetic
6788,2025-07-19,MOPU,Mumbai High Complex,2.9,Actual,2.9,No,806.3,Synthetic
6800,2025-07-20,MOPU,Mumbai High Complex,2.9,Actual,2.9,No,757.1,Synthetic
6812,2025-07-21,MOPU,Mumbai High Complex,2.7,Actual,2.7,No,805.0,Synthetic
6824,2025-07-22,MOPU,Mumbai High Complex,2.7,Actual,2.7,No,783.5,Synthetic
6836,2025-07-23,MOPU,Mumbai High Complex,2.7,Actual,2.7,No,773.4,Synthetic
6848,2025-07-24,MOPU,Mumbai High Complex,2.7,Actual,2.7,No,772.3,Synthetic
6860,2025-07-25,MOPU,Mumbai High Complex,2.7,Actual,2.7,No,779.7,Synthetic
6872,2025-07-26,MOPU,Mumbai High Complex,2.8,Actual,2.8,No,796.3,Synthetic
6884,2025-07-27,MOPU,Mumbai High Complex,2.5,Actual,2.5,No,756.4,Synthetic
6896,2025-07-28,MOPU,Mumbai High Complex,2.5,Actual,2.5,No,776.7,Synthetic
6908,2025-07-29,MOPU,Mumbai High Complex,2.6,Actual,2.6,No,783.4,Synthetic
6920,2025-07-30,MOPU,Mumbai High Complex,2.4,Actual,2.4,No,758.1,Synthetic
6932,2025-07-31,MOPU,Mumbai High Complex,2.0,Actual,2.0,No,826.8,Synthetic
6944,2025-08-01,MOPU,Mumbai High Complex,1.9,Actual,1.9,No,763.6,Synthetic
6956,2025-08-02,MOPU,Mumbai High Complex,1.9,Actual,1.9,No,766.7,Synthetic
6968,2025-08-03,MOPU,Mumbai High Complex,2.0,Actual,2.0,No,757.8,Synthetic
6980,2025-08-04,MOPU,Mumbai High Complex,2.0,Actual,2.0,No,821.5,Synthetic
6992,2025-08-05,MOPU,Mumbai High Complex,2.0,Actual,2.0,No,791.1,Synthetic
7004,2025-08-06,MOPU,Mumbai High Complex,2.5,Actual,2.5,No,753.0,Synthetic
7016,2025-08-07,MOPU,Mumbai High Complex,2.5,Actual,2.5,No,799.2,Synthetic
7028,2025-08-08,MOPU,Mumbai High Complex,2.5,Actual,2.5,No,776.9,Synthetic
7040,2025-08-09,MOPU,Mumbai High Complex,2.5,Actual,2.5,No,777.0,Synthetic
7052,2025-08-10,MOPU,Mumbai High Complex,2.5,Actual,2.5,No,761.8,Synthetic
7064,2025-08-11,MOPU,Mumbai High Complex,2.0,Actual,2.0,No,753.4,Synthetic
7076,2025-08-12,MOPU,Mumbai High Complex,2.0,Actual,2.0,No,777.3,Synthetic
7088,2025-08-13,MOPU,Mumbai High Complex,2.0,Actual,2.0,No,755.7,Synthetic
7100,2025-08-14,MOPU,Mumbai High Complex,2.0,Actual,2.0,No,808.8,Synthetic
7112,2025-08-15,MOPU,Mumbai High Complex,2.0,Actual,2.0,No,736.6,Synthetic
7124,2025-08-16,MOPU,Mumbai High Complex,2.0,Actual,2.0,No,799.8,Synthetic
7136,2025-08-17,MOPU,Mumbai High Complex,2.0,Actual,2.0,No,760.7,Synthetic
7148,2025-08-18,MOPU,Mumbai High Complex,2.1,Actual,2.1,No,768.5,Synthetic
7160,2025-08-19,MOPU,Mumbai High Complex,2.1,Actual,2.1,No,779.4,Synthetic
7172,2025-08-20,MOPU,Mumbai High Complex,2.0,Actual,2.0,No,745.3,Synthetic
7184,2025-08-21,MOPU,Mumbai High Complex,1.9,Actual,1.9,No,778.5,Synthetic
7196,2025-08-22,MOPU,Mumbai High Complex,1.8,Actual,1.8,No,696.4,Synthetic
7208,2025-08-23,MOPU,Mumbai High Complex,1.8,Actual,1.8,No,740.4,Synthetic
7220,2025-08-24,MOPU,Mumbai High Complex,2.1,Actual,2.1,No,733.4,Synthetic
7232,2025-08-25,MOPU,Mumbai High Complex,1.7,Actual,1.7,No,726.4,Synthetic
7244,2025-08-26,MOPU,Mumbai High Complex,2.1,Actual,2.1,No,747.0,Synthetic
7256,2025-08-27,MOPU,Mumbai High Complex,1.9,Actual,1.9,No,760.2,Synthetic
7268,2025-08-28,MOPU,Mumbai High Complex,1.7,Actual,1.7,No,767.0,Synthetic
7280,2025-08-29,MOPU,Mumbai High Complex,1.7,Actual,1.7,No,755.4,Synthetic
7292,2025-08-30,MOPU,Mumbai High Complex,1.7,Actual,1.7,No,733.8,Synthetic
7304,2025-08-31,MOPU,Mumbai High Complex,1.7,Actual,1.7,No,755.8,Synthetic
7316,2025-09-01,MOPU,Mumbai High Complex,1.7,Actual,1.7,No,749.1,Synthetic
7328,2025-09-02,MOPU,Mumbai High Complex,1.7,Actual,1.7,No,766.0,Synthetic
7340,2025-09-03,MOPU,Mumbai High Complex,1.6,Actual,1.6,No,761.7,Synthetic
7352,2025-09-04,MOPU,Mumbai High Complex,1.6,Actual,1.6,No,743.8,Synthetic
7364,2025-09-05,MOPU,Mumbai High Complex,1.5,Actual,1.5,No,722.4,Synthetic
7376,2025-09-06,MOPU,Mumbai High Complex,1.6,Actual,1.6,No,726.2,Synthetic
7388,2025-09-07,MOPU,Mumbai High Complex,1.6,Actual,1.6,No,727.4,Synthetic
7400,2025-09-08,MOPU,Mumbai High Complex,1.6,Actual,1.6,No,731.4,Synthetic
7412,2025-09-09,MOPU,Mumbai High Complex,1.7,Actual,1.7,No,742.7,Synthetic
7424,2025-09-10,MOPU,Mumbai High Complex,1.6,Actual,1.6,No,751.8,Synthetic
7436,2025-09-11,MOPU,Mumbai High Complex,1.5,Actual,1.5,No,734.1,Synthetic
7448,2025-09-12,MOPU,Mumbai High Complex,1.5,Actual,1.5,No,734.4,Synthetic
7460,2025-09-13,MOPU,Mumbai High Complex,1.5,Actual,1.5,No,736.0,Synthetic
7472,2025-09-14,MOPU,Mumbai High Complex,1.7,Actual,1.7,No,719.5,Synthetic
7484,2025-09-15,MOPU,Mumbai High Complex,1.7,Actual,1.7,No,709.4,Synthetic
7496,2025-09-16,MOPU,Mumbai High Complex,1.7,Actual,1.7,No,690.1,Synthetic
7508,2025-09-17,MOPU,Mumbai High Complex,1.6,Actual,1.6,No,712.6,Synthetic
7520,2025-09-18,MOPU,Mumbai High Complex,1.6,Actual,1.6,No,736.9,Synthetic
7532,2025-09-19,MOPU,Mumbai High Complex,1.4,Actual,1.4,No,710.9,Synthetic
7544,2025-09-20,MOPU,Mumbai High Complex,1.4,Actual,1.4,No,719.9,Synthetic
7556,2025-09-21,MOPU,Mumbai High Complex,1.4,Actual,1.4,No,734.0,Synthetic
7568,2025-09-22,MOPU,Mumbai High Complex,1.4,Actual,1.4,No,734.0,Synthetic
7580,2025-09-23,MOPU,Mumbai High Complex,1.5,Actual,1.5,No,697.8,Synthetic
7592,2025-09-24,MOPU,Mumbai High Complex,1.4,Actual,1.4,No,741.9,Synthetic
7604,2025-09-25,MOPU,Mumbai High Complex,1.4,Actual,1.4,No,743.5,Synthetic
7616,2025-09-26,MOPU,Mumbai High Complex,1.4,Actual,1.4,No,693.7,Synthetic
7628,2025-09-27,MOPU,Mumbai High Complex,1.3,Actual,1.3,No,699.6,Synthetic
7640,2025-09-28,MOPU,Mumbai High Complex,1.3,Actual,1.3,No,741.7,Synthetic
7652,2025-09-29,MOPU,Mumbai High Complex,1.3,Actual,1.3,No,711.9,Synthetic
7664,2025-09-30,MOPU,Mumbai High Complex,1.3,Actual,1.3,No,666.3,Synthetic
7676,2025-10-01,MOPU,Mumbai High Complex,1.3,Actual,1.3,No,682.8,Synthetic
7688,2025-10-02,MOPU,Mumbai High Complex,1.3,Actual,1.3,No,706.2,Synthetic
7700,2025-10-03,MOPU,Mumbai High Complex,1.2,Actual,1.2,No,686.0,Synthetic
7712,2025-10-04,MOPU,Mumbai High Complex,1.3,Actual,1.3,No,700.5,Synthetic
7724,2025-10-05,MOPU,Mumbai High Complex,1.3,Actual,1.3,No,708.8,Synthetic
7736,2025-10-06,MOPU,Mumbai High Complex,1.3,Actual,1.3,No,738.0,Synthetic
7748,2025-10-07,MOPU,Mumbai High Complex,1.3,Actual,1.3,No,699.7,Synthetic
7760,2025-10-08,MOPU,Mumbai High Complex,1.3,Actual,1.3,No,727.4,Synthetic
7772,2025-10-09,MOPU,Mumbai High Complex,1.3,Actual,1.3,No,733.7,Synthetic
7784,2025-10-10,MOPU,Mumbai High Complex,1.2,Actual,1.2,No,733.1,Synthetic
7796,2025-10-11,MOPU,Mumbai High Complex,1.2,Actual,1.2,No,707.7,Synthetic
7808,2025-10-12,MOPU,Mumbai High Complex,1.3,Actual,1.3,No,659.0,Synthetic
7820,2025-10-13,MOPU,Mumbai High Complex,1.3,Actual,1.3,No,708.7,Synthetic
7832,2025-10-14,MOPU,Mumbai High Complex,1.3,Actual,1.3,No,719.9,Synthetic
7844,2025-10-15,MOPU,Mumbai High Complex,1.3,Actual,1.3,No,695.1,Synthetic
7856,2025-10-16,MOPU,Mumbai High Complex,1.3,Actual,1.3,No,732.1,Synthetic
7868,2025-10-17,MOPU,Mumbai High Complex,1.3,Actual,1.3,No,712.5,Synthetic
7880,2025-10-18,MOPU,Mumbai High Complex,1.3,Actual,1.3,No,705.3,Synthetic
7892,2025-10-19,MOPU,Mumbai High Complex,1.3,Actual,1.3,No,714.9,Synthetic
7904,2025-10-20,MOPU,Mumbai High Complex,1.3,Actual,1.3,No,698.1,Synthetic
7916,2025-10-21,MOPU,Mumbai High Complex,1.3,Actual,1.3,No,638.5,Synthetic
7928,2025-10-22,MOPU,Mumbai High Complex,1.4,Actual,1.4,No,678.3,Synthetic
7940,2025-10-23,MOPU,Mumbai High Complex,1.2,Actual,1.2,No,713.0,Synthetic
7952,2025-10-24,MOPU,Mumbai High Complex,1.2,Actual,1.2,No,670.5,Synthetic
7964,2025-10-25,MOPU,Mumbai High Complex,1.2,Actual,1.2,No,681.5,Synthetic
7976,2025-10-26,MOPU,Mumbai High Complex,1.2,Actual,1.2,No,663.5,Synthetic
7988,2025-10-27,MOPU,Mumbai High Complex,1.2,Actual,1.2,No,720.5,Synthetic
8000,2025-10-28,MOPU,Mumbai High Complex,1.2,Actual,1.2,No,717.2,Synthetic
8012,2025-10-29,MOPU,Mumbai High Complex,1.2,Actual,1.2,No,663.6,Synthetic
8024,2025-10-30,MOPU,Mumbai High Complex,1.2,Actual,1.2,No,683.6,Synthetic
8036,2025-10-31,MOPU,Mumbai High Complex,1.2,Actual,1.2,No,665.6,Synthetic
8048,2025-11-01,MOPU,Mumbai High Complex,1.2,Actual,1.2,No,690.9,Synthetic
8060,2025-11-02,MOPU,Mumbai High Complex,1.2,Actual,1.2,No,687.6,Synthetic
8072,2025-11-03,MOPU,Mumbai High Complex,1.2,Actual,1.2,No,692.7,Synthetic
8084,2025-11-04,MOPU,Mumbai High Complex,1.2,Actual,1.2,No,681.8,Synthetic
8096,2025-11-05,MOPU,Mumbai High Complex,1.2,Actual,1.2,No,733.4,Synthetic
8108,2025-11-06,MOPU,Mumbai High Complex,1.2,Actual,1.2,No,652.2,Synthetic
8120,2025-11-07,MOPU,Mumbai High Complex,1.2,Actual,1.2,No,637.4,Synthetic
8132,2025-11-08,MOPU,Mumbai High Complex,1.2,Actual,1.2,No,662.9,Synthetic
8144,2025-11-09,MOPU,Mumbai High Complex,1.2,Actual,1.2,No,638.2,Synthetic
8156,2025-11-10,MOPU,Mumbai High Complex,1.2,Actual,1.2,No,638.7,Synthetic
8168,2025-11-11,MOPU,Mumbai High Complex,1.2,Actual,1.2,No,647.5,Synthetic
8180,2025-11-12,MOPU,Mumbai High Complex,1.2,Actual,1.2,No,648.0,Synthetic
8192,2025-11-13,MOPU,Mumbai High Complex,1.2,Actual,1.2,No,646.3,Synthetic
8204,2025-11-14,MOPU,Mumbai High Complex,1.2,Actual,1.2,No,674.7,Synthetic
8216,2025-11-15,MOPU,Mumbai High Complex,1.2,Actual,1.2,No,653.2,Synthetic
8228,2025-11-16,MOPU,Mumbai High Complex,1.2,Actual,1.2,No,658.6,Synthetic
8240,2025-11-17,MOPU,Mumbai High Complex,1.2,Actual,1.2,No,678.9,Synthetic
8252,2025-11-18,MOPU,Mumbai High Complex,1.2,Actual,1.2,No,644.9,Synthetic
8264,2025-11-19,MOPU,Mumbai High Complex,1.2,Actual,1.2,No,653.8,Synthetic
8276,2025-11-20,MOPU,Mumbai High Complex,1.2,Actual,1.2,No,665.2,Synthetic
8288,2025-11-21,MOPU,Mumbai High Complex,1.2,Actual,1.2,No,618.6,Synthetic
8300,2025-11-22,MOPU,Mumbai High Complex,1.2,Actual,1.2,No,608.9,Synthetic
8312,2025-11-23,MOPU,Mumbai High Complex,1.2,Actual,1.2,No,661.6,Synthetic
8324,2025-11-24,MOPU,Mumbai High Complex,1.2,Actual,1.2,No,663.4,Synthetic
8336,2025-11-25,MOPU,Mumbai High Complex,1.2,Actual,1.2,No,693.1,Synthetic
8348,2025-11-26,MOPU,Mumbai High Complex,1.2,Actual,1.2,No,654.7,Synthetic
8360,2025-11-27,MOPU,Mumbai High Complex,1.2,Actual,1.2,No,666.6,Synthetic
8372,2025-11-28,MOPU,Mumbai High Complex,1.2,Actual,1.2,No,645.7,Synthetic
8384,2025-11-29,MOPU,Mumbai High Complex,1.2,Actual,1.2,No,654.3,Synthetic
8396,2025-11-30,MOPU,Mumbai High Complex,1.2,Actual,1.2,No,679.8,Synthetic
8408,2025-12-01,MOPU,Mumbai High Complex,1.2,Actual,1.2,No,605.2,Synthetic
8420,2025-12-02,MOPU,Mumbai High Complex,1.2,Actual,1.2,No,653.4,Synthetic
8432,2025-12-03,MOPU,Mumbai High Complex,1.2,Actual,1.2,No,685.6,Synthetic
8444,2025-12-04,MOPU,Mumbai High Complex,1.2,Actual,1.2,No,648.7,Synthetic
8456,2025-12-05,MOPU,Mumbai High Complex,1.2,Actual,1.2,No,674.0,Synthetic
8468,2025-12-06,MOPU,Mumbai High Complex,1.2,Actual,1.2,No,629.1,Synthetic
8480,2025-12-07,MOPU,Mumbai High Complex,1.2,Actual,1.2,No,639.6,Synthetic
8492,2025-12-08,MOPU,Mumbai High Complex,1.2,Actual,1.2,No,639.8,Synthetic
8504,2025-12-09,MOPU,Mumbai High Complex,1.2,Actual,1.2,No,595.7,Synthetic
8516,2025-12-10,MOPU,Mumbai High Complex,1.2,Actual,1.2,No,614.8,Synthetic
8528,2025-12-11,MOPU,Mumbai High Complex,1.2,Actual,1.2,No,615.1,Synthetic
8540,2025-12-12,MOPU,Mumbai High Complex,1.2,Actual,1.2,No,650.7,Synthetic
8552,2025-12-13,MOPU,Mumbai High Complex,1.2,Actual,1.2,No,650.6,Synthetic
8564,2025-12-14,MOPU,Mumbai High Complex,1.2,Actual,1.2,No,639.2,Synthetic
8576,2025-12-15,MOPU,Mumbai High Complex,1.2,Actual,1.2,No,647.6,Synthetic
8588,2025-12-16,MOPU,Mumbai High Complex,1.2,Actual,1.2,No,627.9,Synthetic
8600,2025-12-17,MOPU,Mumbai High Complex,1.2,Actual,1.2,No,652.7,Synthetic
8612,2025-12-18,MOPU,Mumbai High Complex,1.3,Actual,1.3,No,628.8,Synthetic
8624,2025-12-19,MOPU,Mumbai High Complex,1.2,Actual,1.2,No,629.0,Synthetic
8636,2025-12-20,MOPU,Mumbai High Complex,1.2,Actual,1.2,No,621.9,Synthetic
8648,2025-12-21,MOPU,Mumbai High Complex,1.2,Actual,1.2,No,638.8,Synthetic
8660,2025-12-22,MOPU,Mumbai High Complex,1.2,Actual,1.2,No,617.0,Synthetic
8672,2025-12-23,MOPU,Mumbai High Complex,1.2,Actual,1.2,No,642.2,Synthetic
8684,2025-12-24,MOPU,Mumbai High Complex,1.3,Actual,1.3,No,601.4,Synthetic
8696,2025-12-25,MOPU,Mumbai High Complex,1.3,Actual,1.3,No,601.0,Synthetic
8708,2025-12-26,MOPU,Mumbai High Complex,1.2,Actual,1.2,No,633.7,Synthetic
8720,2025-12-27,MOPU,Mumbai High Complex,1.2,Actual,1.2,No,618.2,Synthetic
8732,2025-12-28,MOPU,Mumbai High Complex,1.2,Actual,1.2,No,610.5,Synthetic
8744,2025-12-29,MOPU,Mumbai High Complex,1.2,Actual,1.2,No,634.4,Synthetic
8756,2025-12-30,MOPU,Mumbai High Complex,1.3,Actual,1.3,No,605.3,Synthetic
8768,2025-12-31,MOPU,Mumbai High Complex,1.2,Actual,1.2,No,612.2,Synthetic
8780,2026-01-01,MOPU,Mumbai High Complex,1.2,Actual,1.2,No,640.7,Synthetic
8792,2026-01-02,MOPU,Mumbai High Complex,1.2,Actual,1.2,No,642.3,Synthetic
8804,2026-01-03,MOPU,Mumbai High Complex,1.2,Actual,1.2,No,641.8,Synthetic
8816,2026-01-04,MOPU,Mumbai High Complex,1.2,Actual,1.2,No,606.8,Synthetic
8828,2026-01-05,MOPU,Mumbai High Complex,1.2,Actual,1.2,No,633.5,Synthetic
8840,2026-01-06,MOPU,Mumbai High Complex,1.2,Actual,1.2,No,592.6,Synthetic
8852,2026-01-07,MOPU,Mumbai High Complex,1.2,Actual,1.2,No,592.4,Synthetic
8864,2026-01-08,MOPU,Mumbai High Complex,1.2,Actual,1.2,No,565.1,Synthetic
8876,2026-01-09,MOPU,Mumbai High Complex,1.1,Actual,1.1,No,637.9,Synthetic
8888,2026-01-10,MOPU,Mumbai High Complex,1.1,Actual,1.1,No,590.7,Synthetic
8900,2026-01-11,MOPU,Mumbai High Complex,1.0,Actual,1.0,No,603.5,Synthetic
8912,2026-01-12,MOPU,Mumbai High Complex,1.0,Actual,1.0,No,588.3,Synthetic
8924,2026-01-13,MOPU,Mumbai High Complex,1.2,Actual,1.2,No,615.7,Synthetic
8936,2026-01-14,MOPU,Mumbai High Complex,1.2,Actual,1.2,No,595.4,Synthetic
8948,2026-01-15,MOPU,Mumbai High Complex,1.2,Actual,1.2,No,577.7,Synthetic
8960,2026-01-16,MOPU,Mumbai High Complex,1.2,Actual,1.2,No,608.2,Synthetic
8972,2026-01-17,MOPU,Mumbai High Complex,1.2,Actual,1.2,No,573.5,Synthetic
8984,2026-01-18,MOPU,Mumbai High Complex,1.2,Actual,1.2,No,583.3,Synthetic
8996,2026-01-19,MOPU,Mumbai High Complex,1.2,Actual,1.2,No,559.6,Synthetic
9008,2026-01-20,MOPU,Mumbai High Complex,1.3,Actual,1.3,No,570.6,Synthetic
9020,2026-01-21,MOPU,Mumbai High Complex,1.3,Actual,1.3,No,598.3,Synthetic
9032,2026-01-22,MOPU,Mumbai High Complex,1.1,Actual,1.1,No,559.7,Synthetic
9044,2026-01-23,MOPU,Mumbai High Complex,1.1,Actual,1.1,No,567.5,Synthetic
9056,2026-01-24,MOPU,Mumbai High Complex,1.1,Actual,1.1,No,592.8,Synthetic
9068,2026-01-25,MOPU,Mumbai High Complex,1.1,Actual,1.1,No,582.3,Synthetic
9080,2026-01-26,MOPU,Mumbai High Complex,1.2,Actual,1.2,No,625.9,Synthetic
9092,2026-01-27,MOPU,Mumbai High Complex,1.2,Actual,1.2,No,622.1,Synthetic
9104,2026-01-28,MOPU,Mumbai High Complex,1.1,Actual,1.1,No,573.7,Synthetic
9116,2026-01-29,MOPU,Mumbai High Complex,1.1,Actual,1.1,No,598.0,Synthetic
9128,2026-01-30,MOPU,Mumbai High Complex,1.1,Actual,1.1,No,600.4,Synthetic
9140,2026-01-31,MOPU,Mumbai High Complex,1.1,Actual,1.1,No,575.7,Synthetic
9152,2026-02-01,MOPU,Mumbai High Complex,1.1,Actual,1.1,No,559.0,Synthetic
9164,2026-02-02,MOPU,Mumbai High Complex,1.1,Actual,1.1,No,584.1,Synthetic
9176,2026-02-03,MOPU,Mumbai High Complex,1.3,Actual,1.3,No,579.7,Synthetic
9188,2026-02-04,MOPU,Mumbai High Complex,1.3,Actual,1.3,No,574.2,Synthetic
9200,2026-02-05,MOPU,Mumbai High Complex,1.3,Actual,1.3,No,588.6,Synthetic
9212,2026-02-06,MOPU,Mumbai High Complex,1.4,Actual,1.4,No,566.6,Synthetic
9224,2026-02-07,MOPU,Mumbai High Complex,1.4,Actual,1.4,No,558.7,Synthetic
9236,2026-02-08,MOPU,Mumbai High Complex,1.4,Actual,1.4,No,579.7,Synthetic
9248,2026-02-09,MOPU,Mumbai High Complex,1.4,Actual,1.4,No,583.5,Synthetic
9260,2026-02-10,MOPU,Mumbai High Complex,1.4,Actual,1.4,No,555.6,Synthetic
9272,2026-02-11,MOPU,Mumbai High Complex,1.4,Actual,1.4,No,591.0,Synthetic
9284,2026-02-12,MOPU,Mumbai High Complex,1.4,Actual,1.4,No,543.6,Synthetic
9296,2026-02-13,MOPU,Mumbai High Complex,1.4,Actual,1.4,No,563.2,Synthetic
9308,2026-02-14,MOPU,Mumbai High Complex,1.4,Actual,1.4,No,567.8,Synthetic
9320,2026-02-15,MOPU,Mumbai High Complex,1.3,Actual,1.3,No,560.7,Synthetic
9332,2026-02-16,MOPU,Mumbai High Complex,1.3,Actual,1.3,No,561.0,Synthetic
9344,2026-02-17,MOPU,Mumbai High Complex,1.3,Actual,1.3,No,601.8,Synthetic
9356,2026-02-18,MOPU,Mumbai High Complex,1.3,Actual,1.3,No,554.3,Synthetic
9368,2026-02-19,MOPU,Mumbai High Complex,1.3,Actual,1.3,No,609.5,Synthetic
9380,2026-02-20,MOPU,Mumbai High Complex,1.3,Actual,1.3,No,574.5,Synthetic
9392,2026-02-21,MOPU,Mumbai High Complex,1.3,Actual,1.3,No,567.7,Synthetic
9404,2026-02-22,MOPU,Mumbai High Complex,1.3,Actual,1.3,No,573.3,Synthetic
9416,2026-02-23,MOPU,Mumbai High Complex,1.3,Actual,1.3,No,607.1,Synthetic
9428,2026-02-24,MOPU,Mumbai High Complex,1.4,Actual,1.4,No,546.3,Synthetic
9,2024-01-01,MUT,Heera-Uran Complex,10.6,Estimated,10.6,No,720.2,Synthetic
21,2024-01-02,MUT,Heera-Uran Complex,10.6,Estimated,10.6,No,727.2,Synthetic
33,2024-01-03,MUT,Heera-Uran Complex,10.6,Estimated,10.6,No,743.6,Synthetic
45,2024-01-04,MUT,Heera-Uran Complex,10.6,Estimated,10.6,No,703.4,Synthetic
57,2024-01-05,MUT,Heera-Uran Complex,10.6,Estimated,10.6,No,741.1,Synthetic
69,2024-01-06,MUT,Heera-Uran Complex,10.6,Estimated,10.6,No,777.0,Synthetic
81,2024-01-07,MUT,Heera-Uran Complex,10.6,Estimated,10.6,No,741.7,Synthetic
93,2024-01-08,MUT,Heera-Uran Complex,10.6,Estimated,10.6,No,730.7,Synthetic
105,2024-01-09,MUT,Heera-Uran Complex,10.6,Estimated,10.6,No,722.4,Synthetic
117,2024-01-10,MUT,Heera-Uran Complex,10.6,Estimated,10.6,No,754.7,Synthetic
129,2024-01-11,MUT,Heera-Uran Complex,10.6,Estimated,10.6,No,715.6,Synthetic
141,2024-01-12,MUT,Heera-Uran Complex,10.6,Estimated,10.6,No,773.2,Synthetic
153,2024-01-13,MUT,Heera-Uran Complex,10.6,Estimated,10.6,No,773.9,Synthetic
165,2024-01-14,MUT,Heera-Uran Complex,10.6,Estimated,10.6,No,735.9,Synthetic
177,2024-01-15,MUT,Heera-Uran Complex,10.6,Estimated,10.6,No,728.9,Synthetic
189,2024-01-16,MUT,Heera-Uran Complex,10.6,Estimated,10.6,No,750.6,Synthetic
201,2024-01-17,MUT,Heera-Uran Complex,10.6,Estimated,10.6,No,750.8,Synthetic
213,2024-01-18,MUT,Heera-Uran Complex,10.6,Estimated,10.6,No,708.2,Synthetic
225,2024-01-19,MUT,Heera-Uran Complex,10.6,Estimated,10.6,No,713.2,Synthetic
237,2024-01-20,MUT,Heera-Uran Complex,10.6,Estimated,10.6,No,694.8,Synthetic
249,2024-01-21,MUT,Heera-Uran Complex,10.6,Estimated,10.6,No,731.3,Synthetic
261,2024-01-22,MUT,Heera-Uran Complex,10.6,Estimated,10.6,No,735.7,Synthetic
273,2024-01-23,MUT,Heera-Uran Complex,10.6,Estimated,10.6,No,691.0,Synthetic
285,2024-01-24,MUT,Heera-Uran Complex,10.6,Estimated,10.6,No,709.2,Synthetic
297,2024-01-25,MUT,Heera-Uran Complex,10.6,Estimated,10.6,No,688.9,Synthetic
309,2024-01-26,MUT,Heera-Uran Complex,10.6,Estimated,10.6,No,697.5,Synthetic
321,2024-01-27,MUT,Heera-Uran Complex,10.6,Estimated,10.6,No,727.5,Synthetic
333,2024-01-28,MUT,Heera-Uran Complex,10.6,Estimated,10.6,No,698.9,Synthetic
345,2024-01-29,MUT,Heera-Uran Complex,10.6,Estimated,10.6,No,707.0,Synthetic
357,2024-01-30,MUT,Heera-Uran Complex,10.6,Estimated,10.6,No,677.6,Synthetic
369,2024-01-31,MUT,Heera-Uran Complex,10.6,Estimated,10.6,No,715.3,Synthetic
381,2024-02-01,MUT,Heera-Uran Complex,10.6,Estimated,10.6,No,709.2,Synthetic
393,2024-02-02,MUT,Heera-Uran Complex,10.6,Estimated,10.6,No,693.6,Synthetic
405,2024-02-03,MUT,Heera-Uran Complex,10.6,Estimated,10.6,No,704.0,Synthetic
417,2024-02-04,MUT,Heera-Uran Complex,10.6,Estimated,10.6,No,710.7,Synthetic
429,2024-02-05,MUT,Heera-Uran Complex,10.6,Estimated,10.6,No,688.5,Synthetic
441,2024-02-06,MUT,Heera-Uran Complex,10.6,Estimated,10.6,No,673.5,Synthetic
453,2024-02-07,MUT,Heera-Uran Complex,10.6,Estimated,10.6,No,741.7,Synthetic
465,2024-02-08,MUT,Heera-Uran Complex,10.6,Estimated,10.6,No,689.1,Synthetic
477,2024-02-09,MUT,Heera-Uran Complex,10.6,Estimated,10.6,No,699.4,Synthetic
489,2024-02-10,MUT,Heera-Uran Complex,10.6,Estimated,10.6,No,721.5,Synthetic
501,2024-02-11,MUT,Heera-Uran Complex,10.6,Estimated,10.6,No,773.2,Synthetic
513,2024-02-12,MUT,Heera-Uran Complex,10.6,Estimated,10.6,No,672.1,Synthetic
525,2024-02-13,MUT,Heera-Uran Complex,10.6,Estimated,10.6,No,706.5,Synthetic
537,2024-02-14,MUT,Heera-Uran Complex,10.6,Estimated,10.6,No,681.2,Synthetic
549,2024-02-15,MUT,Heera-Uran Complex,10.6,Estimated,10.6,No,683.7,Synthetic
561,2024-02-16,MUT,Heera-Uran Complex,10.6,Estimated,10.6,No,678.8,Synthetic
573,2024-02-17,MUT,Heera-Uran Complex,10.6,Estimated,10.6,No,669.3,Synthetic
585,2024-02-18,MUT,Heera-Uran Complex,10.6,Estimated,10.6,No,690.8,Synthetic
597,2024-02-19,MUT,Heera-Uran Complex,10.6,Estimated,10.6,No,660.0,Synthetic
609,2024-02-20,MUT,Heera-Uran Complex,10.6,Estimated,10.6,No,709.1,Synthetic
621,2024-02-21,MUT,Heera-Uran Complex,10.6,Estimated,10.6,No,689.6,Synthetic
633,2024-02-22,MUT,Heera-Uran Complex,10.6,Estimated,10.6,No,696.1,Synthetic
645,2024-02-23,MUT,Heera-Uran Complex,10.6,Estimated,10.6,No,676.7,Synthetic
657,2024-02-24,MUT,Heera-Uran Complex,10.6,Estimated,10.6,No,677.7,Synthetic
669,2024-02-25,MUT,Heera-Uran Complex,10.6,Estimated,10.6,No,690.1,Synthetic
681,2024-02-26,MUT,Heera-Uran Complex,10.6,Estimated,10.6,No,659.2,Synthetic
693,2024-02-27,MUT,Heera-Uran Complex,10.6,Estimated,10.6,No,674.7,Synthetic
705,2024-02-28,MUT,Heera-Uran Complex,10.6,Estimated,10.6,No,663.4,Synthetic
717,2024-02-29,MUT,Heera-Uran Complex,10.6,Estimated,10.6,No,661.8,Synthetic
729,2024-03-01,MUT,Heera-Uran Complex,10.6,Estimated,10.6,No,635.9,Synthetic
741,2024-03-02,MUT,Heera-Uran Complex,10.6,Estimated,10.6,No,705.0,Synthetic
753,2024-03-03,MUT,Heera-Uran Complex,10.6,Estimated,10.6,No,662.8,Synthetic
765,2024-03-04,MUT,Heera-Uran Complex,10.6,Estimated,10.6,No,699.3,Synthetic
777,2024-03-05,MUT,Heera-Uran Complex,10.6,Estimated,10.6,No,696.3,Synthetic
789,2024-03-06,MUT,Heera-Uran Complex,10.6,Estimated,10.6,No,647.6,Synthetic
801,2024-03-07,MUT,Heera-Uran Complex,10.6,Estimated,10.6,No,650.6,Synthetic
813,2024-03-08,MUT,Heera-Uran Complex,10.6,Estimated,10.6,No,723.1,Synthetic
825,2024-03-09,MUT,Heera-Uran Complex,10.6,Estimated,10.6,No,705.7,Synthetic
837,2024-03-10,MUT,Heera-Uran Complex,10.6,Estimated,10.6,No,668.8,Synthetic
849,2024-03-11,MUT,Heera-Uran Complex,10.6,Estimated,10.6,No,673.6,Synthetic
861,2024-03-12,MUT,Heera-Uran Complex,10.6,Estimated,10.6,No,654.7,Synthetic
873,2024-03-13,MUT,Heera-Uran Complex,10.6,Estimated,10.6,No,675.0,Synthetic
885,2024-03-14,MUT,Heera-Uran Complex,10.6,Estimated,10.6,No,651.0,Synthetic
897,2024-03-15,MUT,Heera-Uran Complex,10.6,Estimated,10.6,No,623.8,Synthetic
909,2024-03-16,MUT,Heera-Uran Complex,10.6,Estimated,10.6,No,636.9,Synthetic
921,2024-03-17,MUT,Heera-Uran Complex,10.6,Estimated,10.6,No,662.6,Synthetic
933,2024-03-18,MUT,Heera-Uran Complex,10.6,Estimated,10.6,No,638.7,Synthetic
945,2024-03-19,MUT,Heera-Uran Complex,10.6,Estimated,10.6,No,658.8,Synthetic
957,2024-03-20,MUT,Heera-Uran Complex,10.6,Estimated,10.6,No,637.9,Synthetic
969,2024-03-21,MUT,Heera-Uran Complex,10.6,Estimated,10.6,No,642.6,Synthetic
981,2024-03-22,MUT,Heera-Uran Complex,10.6,Estimated,10.6,No,673.9,Synthetic
993,2024-03-23,MUT,Heera-Uran Complex,10.6,Estimated,10.6,No,660.9,Synthetic
1005,2024-03-24,MUT,Heera-Uran Complex,10.6,Estimated,10.6,No,654.8,Synthetic
1017,2024-03-25,MUT,Heera-Uran Complex,10.6,Estimated,10.6,No,671.3,Synthetic
1029,2024-03-26,MUT,Heera-Uran Complex,10.6,Estimated,10.6,No,662.4,Synthetic
1041,2024-03-27,MUT,Heera-Uran Complex,10.6,Estimated,10.6,No,680.3,Synthetic
1053,2024-03-28,MUT,Heera-Uran Complex,10.6,Estimated,10.6,No,642.0,Synthetic
1065,2024-03-29,MUT,Heera-Uran Complex,10.6,Estimated,10.6,No,641.6,Synthetic
1077,2024-03-30,MUT,Heera-Uran Complex,10.6,Estimated,10.6,No,623.6,Synthetic
1089,2024-03-31,MUT,Heera-Uran Complex,10.6,Estimated,10.6,No,639.6,Synthetic
1101,2024-04-01,MUT,Heera-Uran Complex,10.6,Estimated,10.6,No,665.7,Synthetic
1113,2024-04-02,MUT,Heera-Uran Complex,10.6,Estimated,10.6,No,671.1,Synthetic
1125,2024-04-03,MUT,Heera-Uran Complex,10.6,Estimated,10.6,No,663.5,Synthetic
1137,2024-04-04,MUT,Heera-Uran Complex,10.6,Estimated,10.6,No,609.3,Synthetic
1149,2024-04-05,MUT,Heera-Uran Complex,10.6,Estimated,10.6,No,663.8,Synthetic
1161,2024-04-06,MUT,Heera-Uran Complex,10.6,Estimated,10.6,No,606.5,Synthetic
1173,2024-04-07,MUT,Heera-Uran Complex,10.6,Estimated,10.6,No,658.2,Synthetic
1185,2024-04-08,MUT,Heera-Uran Complex,10.6,Estimated,10.6,No,632.9,Synthetic
1197,2024-04-09,MUT,Heera-Uran Complex,10.6,Estimated,10.6,No,652.4,Synthetic
1209,2024-04-10,MUT,Heera-Uran Complex,10.6,Estimated,10.6,No,612.4,Synthetic
1221,2024-04-11,MUT,Heera-Uran Complex,10.6,Estimated,10.6,No,659.3,Synthetic
1233,2024-04-12,MUT,Heera-Uran Complex,10.6,Estimated,10.6,No,608.0,Synthetic
1245,2024-04-13,MUT,Heera-Uran Complex,10.6,Estimated,10.6,No,622.2,Synthetic
1257,2024-04-14,MUT,Heera-Uran Complex,10.6,Estimated,10.6,No,615.0,Synthetic
1269,2024-04-15,MUT,Heera-Uran Complex,10.6,Estimated,10.6,No,599.7,Synthetic
1281,2024-04-16,MUT,Heera-Uran Complex,10.6,Estimated,10.6,No,633.8,Synthetic
1293,2024-04-17,MUT,Heera-Uran Complex,10.6,Estimated,10.6,No,665.2,Synthetic
1305,2024-04-18,MUT,Heera-Uran Complex,10.6,Estimated,10.6,No,680.5,Synthetic
1317,2024-04-19,MUT,Heera-Uran Complex,10.6,Estimated,10.6,No,630.9,Synthetic
1329,2024-04-20,MUT,Heera-Uran Complex,10.6,Estimated,10.6,No,649.2,Synthetic
1341,2024-04-21,MUT,Heera-Uran Complex,10.6,Estimated,10.6,No,631.5,Synthetic
1353,2024-04-22,MUT,Heera-Uran Complex,10.6,Estimated,10.6,No,635.5,Synthetic
1365,2024-04-23,MUT,Heera-Uran Complex,10.6,Estimated,10.6,No,618.8,Synthetic
1377,2024-04-24,MUT,Heera-Uran Complex,10.6,Estimated,10.6,No,627.9,Synthetic
1389,2024-04-25,MUT,Heera-Uran Complex,10.6,Estimated,10.6,No,633.3,Synthetic
1401,2024-04-26,MUT,Heera-Uran Complex,10.6,Estimated,10.6,No,611.5,Synthetic
1413,2024-04-27,MUT,Heera-Uran Complex,10.6,Estimated,10.6,No,619.9,Synthetic
1425,2024-04-28,MUT,Heera-Uran Complex,10.6,Estimated,10.6,No,619.3,Synthetic
1437,2024-04-29,MUT,Heera-Uran Complex,10.6,Estimated,10.6,No,634.7,Synthetic
1449,2024-04-30,MUT,Heera-Uran Complex,10.6,Estimated,10.6,No,598.6,Synthetic
1461,2024-05-01,MUT,Heera-Uran Complex,10.6,Estimated,10.6,No,616.5,Synthetic
1473,2024-05-02,MUT,Heera-Uran Complex,10.6,Estimated,10.6,No,651.9,Synthetic
1485,2024-05-03,MUT,Heera-Uran Complex,10.6,Estimated,10.6,No,637.0,Synthetic
1497,2024-05-04,MUT,Heera-Uran Complex,10.6,Estimated,10.6,No,639.5,Synthetic
1509,2024-05-05,MUT,Heera-Uran Complex,10.6,Estimated,10.6,No,614.1,Synthetic
1521,2024-05-06,MUT,Heera-Uran Complex,10.6,Estimated,10.6,No,618.6,Synthetic
1533,2024-05-07,MUT,Heera-Uran Complex,10.6,Estimated,10.6,No,630.1,Synthetic
1545,2024-05-08,MUT,Heera-Uran Complex,10.6,Estimated,10.6,No,639.4,Synthetic
1557,2024-05-09,MUT,Heera-Uran Complex,10.6,Estimated,10.6,No,574.1,Synthetic
1569,2024-05-10,MUT,Heera-Uran Complex,10.6,Estimated,10.6,No,584.9,Synthetic
1581,2024-05-11,MUT,Heera-Uran Complex,10.6,Estimated,10.6,No,631.8,Synthetic
1593,2024-05-12,MUT,Heera-Uran Complex,10.6,Estimated,10.6,No,602.0,Synthetic
1605,2024-05-13,MUT,Heera-Uran Complex,10.6,Estimated,10.6,No,593.8,Synthetic
1617,2024-05-14,MUT,Heera-Uran Complex,10.6,Estimated,10.6,No,582.3,Synthetic
1629,2024-05-15,MUT,Heera-Uran Complex,10.6,Estimated,10.6,No,594.1,Synthetic
1641,2024-05-16,MUT,Heera-Uran Complex,10.6,Estimated,10.6,No,577.9,Synthetic
1653,2024-05-17,MUT,Heera-Uran Complex,10.6,Estimated,10.6,No,640.1,Synthetic
1665,2024-05-18,MUT,Heera-Uran Complex,10.6,Estimated,10.6,No,601.0,Synthetic
1677,2024-05-19,MUT,Heera-Uran Complex,10.6,Estimated,10.6,No,599.4,Synthetic
1689,2024-05-20,MUT,Heera-Uran Complex,10.6,Estimated,10.6,No,610.1,Synthetic
1701,2024-05-21,MUT,Heera-Uran Complex,10.6,Estimated,10.6,No,615.8,Synthetic
1713,2024-05-22,MUT,Heera-Uran Complex,10.6,Estimated,10.6,No,614.6,Synthetic
1725,2024-05-23,MUT,Heera-Uran Complex,10.6,Estimated,10.6,No,615.9,Synthetic
1737,2024-05-24,MUT,Heera-Uran Complex,10.6,Estimated,10.6,No,584.5,Synthetic
1749,2024-05-25,MUT,Heera-Uran Complex,10.6,Estimated,10.6,No,589.5,Synthetic
1761,2024-05-26,MUT,Heera-Uran Complex,10.6,Estimated,10.6,No,607.6,Synthetic
1773,2024-05-27,MUT,Heera-Uran Complex,10.6,Estimated,10.6,No,583.6,Synthetic
1785,2024-05-28,MUT,Heera-Uran Complex,10.6,Estimated,10.6,No,592.0,Synthetic
1797,2024-05-29,MUT,Heera-Uran Complex,10.6,Estimated,10.6,No,598.2,Synthetic
1809,2024-05-30,MUT,Heera-Uran Complex,10.6,Estimated,10.6,No,604.1,Synthetic
1821,2024-05-31,MUT,Heera-Uran Complex,10.6,Estimated,10.6,No,557.9,Synthetic
1833,2024-06-01,MUT,Heera-Uran Complex,10.6,Estimated,10.6,No,601.0,Synthetic
1845,2024-06-02,MUT,Heera-Uran Complex,10.6,Estimated,10.6,No,583.4,Synthetic
1857,2024-06-03,MUT,Heera-Uran Complex,10.6,Estimated,10.6,No,599.0,Synthetic
1869,2024-06-04,MUT,Heera-Uran Complex,10.6,Estimated,10.6,No,599.3,Synthetic
1881,2024-06-05,MUT,Heera-Uran Complex,10.6,Estimated,10.6,No,613.0,Synthetic
1893,2024-06-06,MUT,Heera-Uran Complex,10.6,Estimated,10.6,No,607.6,Synthetic
1905,2024-06-07,MUT,Heera-Uran Complex,10.6,Estimated,10.6,No,606.5,Synthetic
1917,2024-06-08,MUT,Heera-Uran Complex,10.6,Estimated,10.6,No,607.3,Synthetic
1929,2024-06-09,MUT,Heera-Uran Complex,10.6,Estimated,10.6,No,586.2,Synthetic
1941,2024-06-10,MUT,Heera-Uran Complex,10.6,Estimated,10.6,No,580.8,Synthetic
1953,2024-06-11,MUT,Heera-Uran Complex,10.6,Estimated,10.6,No,594.5,Synthetic
1965,2024-06-12,MUT,Heera-Uran Complex,10.6,Estimated,10.6,No,591.1,Synthetic
1977,2024-06-13,MUT,Heera-Uran Complex,10.6,Estimated,10.6,No,572.2,Synthetic
1989,2024-06-14,MUT,Heera-Uran Complex,10.6,Estimated,10.6,No,583.6,Synthetic
2001,2024-06-15,MUT,Heera-Uran Complex,10.6,Estimated,10.6,No,575.1,Synthetic
2013,2024-06-16,MUT,Heera-Uran Complex,10.6,Estimated,10.6,No,560.1,Synthetic
2025,2024-06-17,MUT,Heera-Uran Complex,10.6,Estimated,10.6,No,596.2,Synthetic
2037,2024-06-18,MUT,Heera-Uran Complex,10.6,Estimated,10.6,No,574.0,Synthetic
2049,2024-06-19,MUT,Heera-Uran Complex,10.6,Estimated,10.6,No,607.3,Synthetic
2061,2024-06-20,MUT,Heera-Uran Complex,10.6,Estimated,10.6,No,543.4,Synthetic
2073,2024-06-21,MUT,Heera-Uran Complex,10.6,Estimated,10.6,No,560.9,Synthetic
2085,2024-06-22,MUT,Heera-Uran Complex,10.6,Estimated,10.6,No,570.1,Synthetic
2097,2024-06-23,MUT,Heera-Uran Complex,10.6,Estimated,10.6,No,588.0,Synthetic
2109,2024-06-24,MUT,Heera-Uran Complex,10.6,Estimated,10.6,No,574.6,Synthetic
2121,2024-06-25,MUT,Heera-Uran Complex,10.6,Estimated,10.6,No,572.1,Synthetic
2133,2024-06-26,MUT,Heera-Uran Complex,10.6,Estimated,10.6,No,546.8,Synthetic
2145,2024-06-27,MUT,Heera-Uran Complex,10.6,Estimated,10.6,No,545.5,Synthetic
2157,2024-06-28,MUT,Heera-Uran Complex,10.6,Estimated,10.6,No,569.7,Synthetic
2169,2024-06-29,MUT,Heera-Uran Complex,10.6,Estimated,10.6,No,540.3,Synthetic
2181,2024-06-30,MUT,Heera-Uran Complex,10.6,Estimated,10.6,No,553.5,Synthetic
2193,2024-07-01,MUT,Heera-Uran Complex,10.6,Estimated,10.6,No,570.0,Synthetic
2205,2024-07-02,MUT,Heera-Uran Complex,10.6,Estimated,10.6,No,544.2,Synthetic
2217,2024-07-03,MUT,Heera-Uran Complex,10.6,Estimated,10.6,No,586.8,Synthetic
2229,2024-07-04,MUT,Heera-Uran Complex,10.6,Estimated,10.6,No,579.5,Synthetic
2241,2024-07-05,MUT,Heera-Uran Complex,10.6,Estimated,10.6,No,531.8,Synthetic
2253,2024-07-06,MUT,Heera-Uran Complex,10.6,Estimated,10.6,No,541.7,Synthetic
2265,2024-07-07,MUT,Heera-Uran Complex,10.6,Estimated,10.6,No,518.2,Synthetic
2277,2024-07-08,MUT,Heera-Uran Complex,10.6,Estimated,10.6,No,542.5,Synthetic
2289,2024-07-09,MUT,Heera-Uran Complex,10.6,Estimated,10.6,No,567.4,Synthetic
2301,2024-07-10,MUT,Heera-Uran Complex,10.6,Estimated,10.6,No,546.9,Synthetic
2313,2024-07-11,MUT,Heera-Uran Complex,10.6,Estimated,10.6,No,560.6,Synthetic
2325,2024-07-12,MUT,Heera-Uran Complex,10.6,Estimated,10.6,No,526.9,Synthetic
2337,2024-07-13,MUT,Heera-Uran Complex,10.6,Estimated,10.6,No,564.4,Synthetic
2349,2024-07-14,MUT,Heera-Uran Complex,10.6,Estimated,10.6,No,541.2,Synthetic
2361,2024-07-15,MUT,Heera-Uran Complex,10.6,Estimated,10.6,No,549.7,Synthetic
2373,2024-07-16,MUT,Heera-Uran Complex,10.6,Estimated,10.6,No,547.1,Synthetic
2385,2024-07-17,MUT,Heera-Uran Complex,10.6,Estimated,10.6,No,526.9,Synthetic
2397,2024-07-18,MUT,Heera-Uran Complex,10.6,Estimated,10.6,No,528.0,Synthetic
2409,2024-07-19,MUT,Heera-Uran Complex,10.6,Estimated,10.6,No,562.0,Synthetic
2421,2024-07-20,MUT,Heera-Uran Complex,10.6,Estimated,10.6,No,551.8,Synthetic
2433,2024-07-21,MUT,Heera-Uran Complex,10.6,Estimated,10.6,No,561.6,Synthetic
2445,2024-07-22,MUT,Heera-Uran Complex,10.6,Estimated,10.6,No,548.9,Synthetic
2457,2024-07-23,MUT,Heera-Uran Complex,10.6,Estimated,10.6,No,545.1,Synthetic
2469,2024-07-24,MUT,Heera-Uran Complex,10.6,Estimated,10.6,No,513.8,Synthetic
2481,2024-07-25,MUT,Heera-Uran Complex,10.6,Estimated,10.6,No,536.7,Synthetic
2493,2024-07-26,MUT,Heera-Uran Complex,10.6,Estimated,10.6,No,539.8,Synthetic
2505,2024-07-27,MUT,Heera-Uran Complex,10.6,Estimated,10.6,No,571.0,Synthetic
2517,2024-07-28,MUT,Heera-Uran Complex,10.6,Estimated,10.6,No,549.6,Synthetic
2529,2024-07-29,MUT,Heera-Uran Complex,10.6,Estimated,10.6,No,562.5,Synthetic
2541,2024-07-30,MUT,Heera-Uran Complex,10.6,Estimated,10.6,No,546.5,Synthetic
2553,2024-07-31,MUT,Heera-Uran Complex,10.6,Estimated,10.6,No,524.6,Synthetic
2565,2024-08-01,MUT,Heera-Uran Complex,10.6,Estimated,10.6,No,537.1,Synthetic
2577,2024-08-02,MUT,Heera-Uran Complex,10.6,Estimated,10.6,No,538.1,Synthetic
2589,2024-08-03,MUT,Heera-Uran Complex,10.6,Estimated,10.6,No,518.5,Synthetic
2601,2024-08-04,MUT,Heera-Uran Complex,10.6,Estimated,10.6,No,526.6,Synthetic
2613,2024-08-05,MUT,Heera-Uran Complex,10.6,Estimated,10.6,No,528.6,Synthetic
2625,2024-08-06,MUT,Heera-Uran Complex,10.6,Estimated,10.6,No,556.6,Synthetic
2637,2024-08-07,MUT,Heera-Uran Complex,10.6,Estimated,10.6,No,497.1,Synthetic
2649,2024-08-08,MUT,Heera-Uran Complex,10.6,Estimated,10.6,No,548.5,Synthetic
2661,2024-08-09,MUT,Heera-Uran Complex,10.6,Estimated,10.6,No,513.7,Synthetic
2673,2024-08-10,MUT,Heera-Uran Complex,10.6,Estimated,10.6,No,506.0,Synthetic
2685,2024-08-11,MUT,Heera-Uran Complex,10.6,Estimated,10.6,No,545.6,Synthetic
2697,2024-08-12,MUT,Heera-Uran Complex,10.6,Estimated,10.6,No,537.7,Synthetic
2709,2024-08-13,MUT,Heera-Uran Complex,10.6,Estimated,10.6,No,545.1,Synthetic
2721,2024-08-14,MUT,Heera-Uran Complex,10.6,Estimated,10.6,No,537.1,Synthetic
2733,2024-08-15,MUT,Heera-Uran Complex,10.6,Estimated,10.6,No,556.0,Synthetic
2745,2024-08-16,MUT,Heera-Uran Complex,10.6,Estimated,10.6,No,531.6,Synthetic
2757,2024-08-17,MUT,Heera-Uran Complex,10.6,Estimated,10.6,No,519.6,Synthetic
2769,2024-08-18,MUT,Heera-Uran Complex,10.6,Estimated,10.6,No,526.6,Synthetic
2781,2024-08-19,MUT,Heera-Uran Complex,10.6,Estimated,10.6,No,539.8,Synthetic
2793,2024-08-20,MUT,Heera-Uran Complex,10.6,Estimated,10.6,No,507.5,Synthetic
2805,2024-08-21,MUT,Heera-Uran Complex,10.6,Estimated,10.6,No,508.7,Synthetic
2817,2024-08-22,MUT,Heera-Uran Complex,10.6,Estimated,10.6,No,513.2,Synthetic
2829,2024-08-23,MUT,Heera-Uran Complex,10.6,Estimated,10.6,No,484.5,Synthetic
2841,2024-08-24,MUT,Heera-Uran Complex,10.6,Estimated,10.6,No,518.5,Synthetic
2853,2024-08-25,MUT,Heera-Uran Complex,10.6,Estimated,10.6,No,486.4,Synthetic
2865,2024-08-26,MUT,Heera-Uran Complex,10.6,Estimated,10.6,No,515.6,Synthetic
2877,2024-08-27,MUT,Heera-Uran Complex,10.6,Estimated,10.6,No,527.3,Synthetic
2889,2024-08-28,MUT,Heera-Uran Complex,10.6,Estimated,10.6,No,505.9,Synthetic
2901,2024-08-29,MUT,Heera-Uran Complex,10.6,Estimated,10.6,No,538.2,Synthetic
2913,2024-08-30,MUT,Heera-Uran Complex,10.6,Estimated,10.6,No,489.2,Synthetic
2925,2024-08-31,MUT,Heera-Uran Complex,10.6,Estimated,10.6,No,529.1,Synthetic
2937,2024-09-01,MUT,Heera-Uran Complex,10.6,Estimated,10.6,No,520.3,Synthetic
2949,2024-09-02,MUT,Heera-Uran Complex,10.6,Estimated,10.6,No,483.0,Synthetic
2961,2024-09-03,MUT,Heera-Uran Complex,10.6,Estimated,10.6,No,549.8,Synthetic
2973,2024-09-04,MUT,Heera-Uran Complex,10.6,Estimated,10.6,No,506.7,Synthetic
2985,2024-09-05,MUT,Heera-Uran Complex,10.6,Estimated,10.6,No,493.5,Synthetic
2997,2024-09-06,MUT,Heera-Uran Complex,10.6,Estimated,10.6,No,484.7,Synthetic
3009,2024-09-07,MUT,Heera-Uran Complex,10.6,Estimated,10.6,No,501.9,Synthetic
3021,2024-09-08,MUT,Heera-Uran Complex,10.6,Estimated,10.6,No,502.6,Synthetic
3033,2024-09-09,MUT,Heera-Uran Complex,10.6,Estimated,10.6,No,505.3,Synthetic
3045,2024-09-10,MUT,Heera-Uran Complex,10.6,Estimated,10.6,No,498.4,Synthetic
3057,2024-09-11,MUT,Heera-Uran Complex,10.6,Estimated,10.6,No,511.7,Synthetic
3069,2024-09-12,MUT,Heera-Uran Complex,10.6,Estimated,10.6,No,495.5,Synthetic
3081,2024-09-13,MUT,Heera-Uran Complex,10.6,Estimated,10.6,No,471.5,Synthetic
3093,2024-09-14,MUT,Heera-Uran Complex,10.6,Estimated,10.6,No,497.6,Synthetic
3105,2024-09-15,MUT,Heera-Uran Complex,10.6,Estimated,10.6,No,463.6,Synthetic
3117,2024-09-16,MUT,Heera-Uran Complex,10.6,Estimated,10.6,No,503.5,Synthetic
3129,2024-09-17,MUT,Heera-Uran Complex,10.6,Estimated,10.6,No,482.9,Synthetic
3141,2024-09-18,MUT,Heera-Uran Complex,10.6,Estimated,10.6,No,499.1,Synthetic
3153,2024-09-19,MUT,Heera-Uran Complex,10.6,Estimated,10.6,No,515.5,Synthetic
3165,2024-09-20,MUT,Heera-Uran Complex,10.6,Estimated,10.6,No,481.1,Synthetic
3177,2024-09-21,MUT,Heera-Uran Complex,10.6,Estimated,10.6,No,510.1,Synthetic
3189,2024-09-22,MUT,Heera-Uran Complex,10.6,Estimated,10.6,No,487.2,Synthetic
3201,2024-09-23,MUT,Heera-Uran Complex,10.6,Estimated,10.6,No,518.8,Synthetic
3213,2024-09-24,MUT,Heera-Uran Complex,10.6,Estimated,10.6,No,486.7,Synthetic
3225,2024-09-25,MUT,Heera-Uran Complex,10.6,Estimated,10.6,No,478.9,Synthetic
3237,2024-09-26,MUT,Heera-Uran Complex,10.6,Estimated,10.6,No,500.7,Synthetic
3249,2024-09-27,MUT,Heera-Uran Complex,10.6,Estimated,10.6,No,483.4,Synthetic
3261,2024-09-28,MUT,Heera-Uran Complex,10.6,Estimated,10.6,No,476.7,Synthetic
3273,2024-09-29,MUT,Heera-Uran Complex,10.6,Estimated,10.6,No,481.3,Synthetic
3285,2024-09-30,MUT,Heera-Uran Complex,10.6,Estimated,10.6,No,486.9,Synthetic
3297,2024-10-01,MUT,Heera-Uran Complex,10.6,Estimated,10.6,No,506.4,Synthetic
3309,2024-10-02,MUT,Heera-Uran Complex,10.6,Estimated,10.6,No,457.8,Synthetic
3321,2024-10-03,MUT,Heera-Uran Complex,10.6,Estimated,10.6,No,485.6,Synthetic
3333,2024-10-04,MUT,Heera-Uran Complex,10.6,Estimated,10.6,No,493.6,Synthetic
3345,2024-10-05,MUT,Heera-Uran Complex,10.6,Estimated,10.6,No,486.6,Synthetic
3357,2024-10-06,MUT,Heera-Uran Complex,10.6,Estimated,10.6,No,502.0,Synthetic
3369,2024-10-07,MUT,Heera-Uran Complex,10.6,Estimated,10.6,No,481.2,Synthetic
3381,2024-10-08,MUT,Heera-Uran Complex,10.6,Estimated,10.6,No,478.8,Synthetic
3393,2024-10-09,MUT,Heera-Uran Complex,10.6,Estimated,10.6,No,489.3,Synthetic
3405,2024-10-10,MUT,Heera-Uran Complex,10.6,Estimated,10.6,No,481.4,Synthetic
3417,2024-10-11,MUT,Heera-Uran Complex,10.6,Estimated,10.6,No,473.7,Synthetic
3429,2024-10-12,MUT,Heera-Uran Complex,10.6,Estimated,10.6,No,485.9,Synthetic
3441,2024-10-13,MUT,Heera-Uran Complex,10.6,Estimated,10.6,No,468.4,Synthetic
3453,2024-10-14,MUT,Heera-Uran Complex,10.6,Estimated,10.6,No,468.3,Synthetic
3465,2024-10-15,MUT,Heera-Uran Complex,10.6,Estimated,10.6,No,468.8,Synthetic
3477,2024-10-16,MUT,Heera-Uran Complex,10.6,Estimated,10.6,No,494.9,Synthetic
3489,2024-10-17,MUT,Heera-Uran Complex,10.6,Estimated,10.6,No,428.9,Synthetic
3501,2024-10-18,MUT,Heera-Uran Complex,10.6,Estimated,10.6,No,479.7,Synthetic
3513,2024-10-19,MUT,Heera-Uran Complex,10.6,Estimated,10.6,No,473.8,Synthetic
3525,2024-10-20,MUT,Heera-Uran Complex,10.6,Estimated,10.6,No,448.8,Synthetic
3537,2024-10-21,MUT,Heera-Uran Complex,10.6,Estimated,10.6,No,476.3,Synthetic
3549,2024-10-22,MUT,Heera-Uran Complex,10.6,Estimated,10.6,No,477.9,Synthetic
3561,2024-10-23,MUT,Heera-Uran Complex,10.6,Estimated,10.6,No,478.7,Synthetic
3573,2024-10-24,MUT,Heera-Uran Complex,10.6,Estimated,10.6,No,432.3,Synthetic
3585,2024-10-25,MUT,Heera-Uran Complex,10.6,Estimated,10.6,No,488.2,Synthetic
3597,2024-10-26,MUT,Heera-Uran Complex,10.6,Estimated,10.6,No,457.9,Synthetic
3609,2024-10-27,MUT,Heera-Uran Complex,10.6,Estimated,10.6,No,477.1,Synthetic
3621,2024-10-28,MUT,Heera-Uran Complex,10.6,Estimated,10.6,No,477.1,Synthetic
3633,2024-10-29,MUT,Heera-Uran Complex,10.6,Estimated,10.6,No,453.8,Synthetic
3645,2024-10-30,MUT,Heera-Uran Complex,10.6,Estimated,10.6,No,474.5,Synthetic
3657,2024-10-31,MUT,Heera-Uran Complex,10.6,Estimated,10.6,No,459.2,Synthetic
3669,2024-11-01,MUT,Heera-Uran Complex,10.6,Estimated,10.6,No,435.1,Synthetic
3681,2024-11-02,MUT,Heera-Uran Complex,10.6,Estimated,10.6,No,479.4,Synthetic
3693,2024-11-03,MUT,Heera-Uran Complex,10.6,Estimated,10.6,No,451.7,Synthetic
3705,2024-11-04,MUT,Heera-Uran Complex,10.6,Estimated,10.6,No,449.9,Synthetic
3717,2024-11-05,MUT,Heera-Uran Complex,10.6,Estimated,10.6,No,455.4,Synthetic
3729,2024-11-06,MUT,Heera-Uran Complex,10.6,Estimated,10.6,No,464.0,Synthetic
3741,2024-11-07,MUT,Heera-Uran Complex,10.6,Estimated,10.6,No,458.8,Synthetic
3753,2024-11-08,MUT,Heera-Uran Complex,10.6,Estimated,10.6,No,466.4,Synthetic
3765,2024-11-09,MUT,Heera-Uran Complex,10.6,Estimated,10.6,No,439.7,Synthetic
3777,2024-11-10,MUT,Heera-Uran Complex,10.6,Estimated,10.6,No,447.2,Synthetic
3789,2024-11-11,MUT,Heera-Uran Complex,10.6,Estimated,10.6,No,455.1,Synthetic
3801,2024-11-12,MUT,Heera-Uran Complex,10.6,Estimated,10.6,No,482.0,Synthetic
3813,2024-11-13,MUT,Heera-Uran Complex,10.6,Estimated,10.6,No,453.8,Synthetic
3825,2024-11-14,MUT,Heera-Uran Complex,10.6,Estimated,10.6,No,469.4,Synthetic
3837,2024-11-15,MUT,Heera-Uran Complex,10.6,Estimated,10.6,No,454.4,Synthetic
3849,2024-11-16,MUT,Heera-Uran Complex,10.6,Estimated,10.6,No,446.6,Synthetic
3861,2024-11-17,MUT,Heera-Uran Complex,10.6,Estimated,10.6,No,449.1,Synthetic
3873,2024-11-18,MUT,Heera-Uran Complex,10.6,Estimated,10.6,No,449.5,Synthetic
3885,2024-11-19,MUT,Heera-Uran Complex,10.6,Estimated,10.6,No,459.2,Synthetic
3897,2024-11-20,MUT,Heera-Uran Complex,10.6,Estimated,10.6,No,469.0,Synthetic
3909,2024-11-21,MUT,Heera-Uran Complex,10.6,Estimated,10.6,No,454.5,Synthetic
3921,2024-11-22,MUT,Heera-Uran Complex,10.6,Estimated,10.6,No,465.0,Synthetic
3933,2024-11-23,MUT,Heera-Uran Complex,10.6,Estimated,10.6,No,435.3,Synthetic
3945,2024-11-24,MUT,Heera-Uran Complex,10.6,Estimated,10.6,No,442.0,Synthetic
3957,2024-11-25,MUT,Heera-Uran Complex,10.6,Estimated,10.6,No,437.2,Synthetic
3969,2024-11-26,MUT,Heera-Uran Complex,10.6,Estimated,10.6,No,450.4,Synthetic
3981,2024-11-27,MUT,Heera-Uran Complex,10.6,Estimated,10.6,No,440.7,Synthetic
3993,2024-11-28,MUT,Heera-Uran Complex,10.6,Estimated,10.6,No,454.6,Synthetic
4005,2024-11-29,MUT,Heera-Uran Complex,10.6,Estimated,10.6,No,431.7,Synthetic
4017,2024-11-30,MUT,Heera-Uran Complex,10.6,Estimated,10.6,No,444.0,Synthetic
4029,2024-12-01,MUT,Heera-Uran Complex,10.6,Estimated,10.6,No,451.9,Synthetic
4041,2024-12-02,MUT,Heera-Uran Complex,10.6,Estimated,10.6,No,414.7,Synthetic
4053,2024-12-03,MUT,Heera-Uran Complex,10.6,Estimated,10.6,No,469.5,Synthetic
4065,2024-12-04,MUT,Heera-Uran Complex,10.6,Estimated,10.6,No,436.9,Synthetic
4077,2024-12-05,MUT,Heera-Uran Complex,10.6,Estimated,10.6,No,413.3,Synthetic
4089,2024-12-06,MUT,Heera-Uran Complex,10.6,Estimated,10.6,No,441.4,Synthetic
4101,2024-12-07,MUT,Heera-Uran Complex,10.6,Estimated,10.6,No,439.1,Synthetic
4113,2024-12-08,MUT,Heera-Uran Complex,10.6,Estimated,10.6,No,436.9,Synthetic
4125,2024-12-09,MUT,Heera-Uran Complex,10.6,Estimated,10.6,No,450.3,Synthetic
4137,2024-12-10,MUT,Heera-Uran Complex,10.6,Estimated,10.6,No,446.4,Synthetic
4149,2024-12-11,MUT,Heera-Uran Complex,10.6,Estimated,10.6,No,439.8,Synthetic
4161,2024-12-12,MUT,Heera-Uran Complex,10.6,Estimated,10.6,No,441.1,Synthetic
4173,2024-12-13,MUT,Heera-Uran Complex,10.6,Estimated,10.6,No,433.2,Synthetic
4185,2024-12-14,MUT,Heera-Uran Complex,10.6,Estimated,10.6,No,457.0,Synthetic
4197,2024-12-15,MUT,Heera-Uran Complex,10.6,Estimated,10.6,No,414.0,Synthetic
4209,2024-12-16,MUT,Heera-Uran Complex,10.6,Estimated,10.6,No,434.4,Synthetic
4221,2024-12-17,MUT,Heera-Uran Complex,10.6,Estimated,10.6,No,432.7,Synthetic
4233,2024-12-18,MUT,Heera-Uran Complex,10.6,Estimated,10.6,No,441.7,Synthetic
4245,2024-12-19,MUT,Heera-Uran Complex,10.6,Estimated,10.6,No,419.6,Synthetic
4257,2024-12-20,MUT,Heera-Uran Complex,10.6,Estimated,10.6,No,407.4,Synthetic
4269,2024-12-21,MUT,Heera-Uran Complex,10.6,Estimated,10.6,No,431.2,Synthetic
4281,2024-12-22,MUT,Heera-Uran Complex,10.6,Estimated,10.6,No,432.1,Synthetic
4293,2024-12-23,MUT,Heera-Uran Complex,10.6,Estimated,10.6,No,447.0,Synthetic
4305,2024-12-24,MUT,Heera-Uran Complex,10.6,Estimated,10.6,No,410.9,Synthetic
4317,2024-12-25,MUT,Heera-Uran Complex,10.6,Estimated,10.6,No,441.3,Synthetic
4329,2024-12-26,MUT,Heera-Uran Complex,10.6,Estimated,10.6,No,456.1,Synthetic
4341,2024-12-27,MUT,Heera-Uran Complex,10.6,Estimated,10.6,No,420.4,Synthetic
4353,2024-12-28,MUT,Heera-Uran Complex,10.6,Estimated,10.6,No,408.1,Synthetic
4365,2024-12-29,MUT,Heera-Uran Complex,10.6,Estimated,10.6,No,418.7,Synthetic
4377,2024-12-30,MUT,Heera-Uran Complex,10.6,Estimated,10.6,No,423.4,Synthetic
4389,2024-12-31,MUT,Heera-Uran Complex,10.6,Estimated,10.6,No,429.7,Synthetic
4401,2025-01-01,MUT,Heera-Uran Complex,10.6,Estimated,10.6,No,414.4,Synthetic
4413,2025-01-02,MUT,Heera-Uran Complex,10.6,Estimated,10.6,No,440.9,Synthetic
4425,2025-01-03,MUT,Heera-Uran Complex,10.6,Estimated,10.6,No,406.5,Synthetic
4437,2025-01-04,MUT,Heera-Uran Complex,10.6,Estimated,10.6,No,398.0,Synthetic
4449,2025-01-05,MUT,Heera-Uran Complex,10.6,Estimated,10.6,No,433.2,Synthetic
4461,2025-01-06,MUT,Heera-Uran Complex,10.6,Estimated,10.6,No,390.1,Synthetic
4473,2025-01-07,MUT,Heera-Uran Complex,10.6,Estimated,10.6,No,415.4,Synthetic
4485,2025-01-08,MUT,Heera-Uran Complex,10.6,Estimated,10.6,No,456.4,Synthetic
4497,2025-01-09,MUT,Heera-Uran Complex,10.6,Estimated,10.6,No,416.6,Synthetic
4509,2025-01-10,MUT,Heera-Uran Complex,10.6,Estimated,10.6,No,402.1,Synthetic
4521,2025-01-11,MUT,Heera-Uran Complex,10.6,Estimated,10.6,No,414.7,Synthetic
4533,2025-01-12,MUT,Heera-Uran Complex,10.6,Estimated,10.6,No,414.1,Synthetic
4545,2025-01-13,MUT,Heera-Uran Complex,10.6,Estimated,10.6,No,416.1,Synthetic
4557,2025-01-14,MUT,Heera-Uran Complex,10.6,Estimated,10.6,No,421.7,Synthetic
4569,2025-01-15,MUT,Heera-Uran Complex,10.6,Estimated,10.6,No,400.0,Synthetic
4581,2025-01-16,MUT,Heera-Uran Complex,10.6,Estimated,10.6,No,433.1,Synthetic
4593,2025-01-17,MUT,Heera-Uran Complex,10.6,Estimated,10.6,No,414.6,Synthetic
4605,2025-01-18,MUT,Heera-Uran Complex,10.6,Estimated,10.6,No,419.9,Synthetic
4617,2025-01-19,MUT,Heera-Uran Complex,10.6,Estimated,10.6,No,402.5,Synthetic
4629,2025-01-20,MUT,Heera-Uran Complex,10.6,Estimated,10.6,No,425.4,Synthetic
4641,2025-01-21,MUT,Heera-Uran Complex,10.6,Estimated,10.6,No,405.8,Synthetic
4653,2025-01-22,MUT,Heera-Uran Complex,10.6,Estimated,10.6,No,411.8,Synthetic
4665,2025-01-23,MUT,Heera-Uran Complex,10.6,Estimated,10.6,No,396.3,Synthetic
4677,2025-01-24,MUT,Heera-Uran Complex,10.6,Estimated,10.6,No,394.9,Synthetic
4689,2025-01-25,MUT,Heera-Uran Complex,10.6,Estimated,10.6,No,414.9,Synthetic
4701,2025-01-26,MUT,Heera-Uran Complex,10.6,Estimated,10.6,No,400.4,Synthetic
4713,2025-01-27,MUT,Heera-Uran Complex,10.6,Estimated,10.6,No,394.8,Synthetic
4725,2025-01-28,MUT,Heera-Uran Complex,10.6,Estimated,10.6,No,396.8,Synthetic
4737,2025-01-29,MUT,Heera-Uran Complex,10.6,Estimated,10.6,No,412.4,Synthetic
4749,2025-01-30,MUT,Heera-Uran Complex,10.6,Estimated,10.6,No,395.7,Synthetic
4761,2025-01-31,MUT,Heera-Uran Complex,10.6,Estimated,10.6,No,401.3,Synthetic
4773,2025-02-01,MUT,Heera-Uran Complex,10.6,Estimated,10.6,No,402.2,Synthetic
4785,2025-02-02,MUT,Heera-Uran Complex,10.6,Estimated,10.6,No,378.4,Synthetic
4797,2025-02-03,MUT,Heera-Uran Complex,10.6,Estimated,10.6,No,383.1,Synthetic
4809,2025-02-04,MUT,Heera-Uran Complex,10.6,Estimated,10.6,No,404.2,Synthetic
4821,2025-02-05,MUT,Heera-Uran Complex,10.6,Estimated,10.6,No,390.7,Synthetic
4833,2025-02-06,MUT,Heera-Uran Complex,10.6,Estimated,10.6,No,411.6,Synthetic
4845,2025-02-07,MUT,Heera-Uran Complex,10.6,Estimated,10.6,No,409.9,Synthetic
4857,2025-02-08,MUT,Heera-Uran Complex,10.6,Estimated,10.6,No,406.3,Synthetic
4869,2025-02-09,MUT,Heera-Uran Complex,10.6,Estimated,10.6,No,418.8,Synthetic
4881,2025-02-10,MUT,Heera-Uran Complex,10.6,Estimated,10.6,No,395.5,Synthetic
4893,2025-02-11,MUT,Heera-Uran Complex,10.6,Estimated,10.6,No,403.6,Synthetic
4905,2025-02-12,MUT,Heera-Uran Complex,10.6,Estimated,10.6,No,388.3,Synthetic
4917,2025-02-13,MUT,Heera-Uran Complex,10.6,Estimated,10.6,No,423.7,Synthetic
4929,2025-02-14,MUT,Heera-Uran Complex,10.6,Estimated,10.6,No,417.5,Synthetic
4941,2025-02-15,MUT,Heera-Uran Complex,10.6,Estimated,10.6,No,393.6,Synthetic
4953,2025-02-16,MUT,Heera-Uran Complex,10.6,Estimated,10.6,No,397.4,Synthetic
4965,2025-02-17,MUT,Heera-Uran Complex,10.6,Estimated,10.6,No,408.2,Synthetic
4977,2025-02-18,MUT,Heera-Uran Complex,10.6,Estimated,10.6,No,389.9,Synthetic
4989,2025-02-19,MUT,Heera-Uran Complex,10.6,Estimated,10.6,No,383.3,Synthetic
5001,2025-02-20,MUT,Heera-Uran Complex,10.6,Estimated,10.6,No,400.6,Synthetic
5013,2025-02-21,MUT,Heera-Uran Complex,10.6,Estimated,10.6,No,390.7,Synthetic
5025,2025-02-22,MUT,Heera-Uran Complex,10.6,Estimated,10.6,No,391.3,Synthetic
5037,2025-02-23,MUT,Heera-Uran Complex,10.6,Estimated,10.6,No,378.8,Synthetic
5049,2025-02-24,MUT,Heera-Uran Complex,10.6,Estimated,10.6,No,368.0,Synthetic
5061,2025-02-25,MUT,Heera-Uran Complex,10.6,Estimated,10.6,No,390.1,Synthetic
5073,2025-02-26,MUT,Heera-Uran Complex,10.6,Estimated,10.6,No,397.2,Synthetic
5085,2025-02-27,MUT,Heera-Uran Complex,10.6,Estimated,10.6,No,383.5,Synthetic
5097,2025-02-28,MUT,Heera-Uran Complex,10.6,Estimated,10.6,No,402.2,Synthetic
5109,2025-03-01,MUT,Heera-Uran Complex,10.6,Estimated,10.6,No,376.8,Synthetic
5121,2025-03-02,MUT,Heera-Uran Complex,10.6,Estimated,10.6,No,372.2,Synthetic
5133,2025-03-03,MUT,Heera-Uran Complex,10.6,Estimated,10.6,No,383.0,Synthetic
5145,2025-03-04,MUT,Heera-Uran Complex,10.6,Estimated,10.6,No,382.2,Synthetic
5157,2025-03-05,MUT,Heera-Uran Complex,10.6,Estimated,10.6,No,391.4,Synthetic
5169,2025-03-06,MUT,Heera-Uran Complex,10.6,Estimated,10.6,No,373.1,Synthetic
5181,2025-03-07,MUT,Heera-Uran Complex,10.6,Estimated,10.6,No,397.0,Synthetic
5193,2025-03-08,MUT,Heera-Uran Complex,10.6,Estimated,10.6,No,403.2,Synthetic
5205,2025-03-09,MUT,Heera-Uran Complex,10.6,Estimated,10.6,No,379.7,Synthetic
5217,2025-03-10,MUT,Heera-Uran Complex,10.6,Estimated,10.6,No,393.8,Synthetic
5229,2025-03-11,MUT,Heera-Uran Complex,10.6,Estimated,10.6,No,367.0,Synthetic
5241,2025-03-12,MUT,Heera-Uran Complex,10.6,Estimated,10.6,No,390.6,Synthetic
5253,2025-03-13,MUT,Heera-Uran Complex,10.6,Estimated,10.6,No,389.7,Synthetic
5265,2025-03-14,MUT,Heera-Uran Complex,10.6,Estimated,10.6,No,387.0,Synthetic
5277,2025-03-15,MUT,Heera-Uran Complex,10.6,Estimated,10.6,No,376.5,Synthetic
5289,2025-03-16,MUT,Heera-Uran Complex,10.6,Estimated,10.6,No,342.7,Synthetic
5301,2025-03-17,MUT,Heera-Uran Complex,10.6,Estimated,10.6,No,368.3,Synthetic
5313,2025-03-18,MUT,Heera-Uran Complex,10.6,Estimated,10.6,No,367.9,Synthetic
5325,2025-03-19,MUT,Heera-Uran Complex,10.6,Estimated,10.6,No,363.3,Synthetic
5337,2025-03-20,MUT,Heera-Uran Complex,10.6,Estimated,10.6,No,375.1,Synthetic
5349,2025-03-21,MUT,Heera-Uran Complex,10.6,Estimated,10.6,No,368.5,Synthetic
5361,2025-03-22,MUT,Heera-Uran Complex,10.6,Estimated,10.6,No,363.4,Synthetic
5373,2025-03-23,MUT,Heera-Uran Complex,10.6,Estimated,10.6,No,360.2,Synthetic
5385,2025-03-24,MUT,Heera-Uran Complex,10.6,Estimated,10.6,No,363.5,Synthetic
5397,2025-03-25,MUT,Heera-Uran Complex,10.6,Estimated,10.6,No,383.3,Synthetic
5409,2025-03-26,MUT,Heera-Uran Complex,10.6,Estimated,10.6,No,362.9,Synthetic
5421,2025-03-27,MUT,Heera-Uran Complex,10.6,Estimated,10.6,No,364.0,Synthetic
5433,2025-03-28,MUT,Heera-Uran Complex,10.6,Estimated,10.6,No,364.1,Synthetic
5445,2025-03-29,MUT,Heera-Uran Complex,10.6,Estimated,10.6,No,372.3,Synthetic
5457,2025-03-30,MUT,Heera-Uran Complex,10.6,Estimated,10.6,No,373.0,Synthetic
5469,2025-03-31,MUT,Heera-Uran Complex,10.6,Estimated,10.6,No,333.8,Synthetic
5481,2025-04-01,MUT,Heera-Uran Complex,10.6,Estimated,10.6,No,378.1,Synthetic
5493,2025-04-02,MUT,Heera-Uran Complex,10.6,Estimated,10.6,No,382.1,Synthetic
5505,2025-04-03,MUT,Heera-Uran Complex,10.6,Estimated,10.6,No,354.2,Synthetic
5517,2025-04-04,MUT,Heera-Uran Complex,10.6,Estimated,10.6,No,354.5,Synthetic
5529,2025-04-05,MUT,Heera-Uran Complex,10.6,Estimated,10.6,No,359.6,Synthetic
5541,2025-04-06,MUT,Heera-Uran Complex,10.6,Estimated,10.6,No,355.7,Synthetic
5553,2025-04-07,MUT,Heera-Uran Complex,10.6,Estimated,10.6,No,365.9,Synthetic
5565,2025-04-08,MUT,Heera-Uran Complex,10.6,Estimated,10.6,No,341.7,Synthetic
5577,2025-04-09,MUT,Heera-Uran Complex,10.6,Estimated,10.6,No,350.2,Synthetic
5589,2025-04-10,MUT,Heera-Uran Complex,10.6,Estimated,10.6,No,378.4,Synthetic
5601,2025-04-11,MUT,Heera-Uran Complex,10.6,Estimated,10.6,No,351.1,Synthetic
5613,2025-04-12,MUT,Heera-Uran Complex,10.6,Estimated,10.6,No,374.1,Synthetic
5625,2025-04-13,MUT,Heera-Uran Complex,10.6,Estimated,10.6,No,363.9,Synthetic
5637,2025-04-14,MUT,Heera-Uran Complex,10.6,Estimated,10.6,No,340.0,Synthetic
5649,2025-04-15,MUT,Heera-Uran Complex,10.6,Estimated,10.6,No,365.8,Synthetic
5661,2025-04-16,MUT,Heera-Uran Complex,10.6,Estimated,10.6,No,357.1,Synthetic
5673,2025-04-17,MUT,Heera-Uran Complex,10.6,Estimated,10.6,No,352.9,Synthetic
5685,2025-04-18,MUT,Heera-Uran Complex,10.6,Estimated,10.6,No,359.9,Synthetic
5697,2025-04-19,MUT,Heera-Uran Complex,10.6,Estimated,10.6,No,361.8,Synthetic
5709,2025-04-20,MUT,Heera-Uran Complex,10.6,Estimated,10.6,No,363.7,Synthetic
5721,2025-04-21,MUT,Heera-Uran Complex,10.6,Estimated,10.6,No,368.2,Synthetic
5733,2025-04-22,MUT,Heera-Uran Complex,10.6,Estimated,10.6,No,359.4,Synthetic
5745,2025-04-23,MUT,Heera-Uran Complex,10.6,Estimated,10.6,No,339.9,Synthetic
5757,2025-04-24,MUT,Heera-Uran Complex,10.6,Estimated,10.6,No,348.9,Synthetic
5769,2025-04-25,MUT,Heera-Uran Complex,10.6,Estimated,10.6,No,384.6,Synthetic
5781,2025-04-26,MUT,Heera-Uran Complex,10.6,Estimated,10.6,No,360.5,Synthetic
5793,2025-04-27,MUT,Heera-Uran Complex,10.6,Estimated,10.6,No,377.3,Synthetic
5805,2025-04-28,MUT,Heera-Uran Complex,10.6,Estimated,10.6,No,366.5,Synthetic
5817,2025-04-29,MUT,Heera-Uran Complex,10.6,Estimated,10.6,No,353.8,Synthetic
5829,2025-04-30,MUT,Heera-Uran Complex,10.6,Estimated,10.6,No,353.8,Synthetic
5841,2025-05-01,MUT,Heera-Uran Complex,10.6,Estimated,10.6,No,349.7,Synthetic
5853,2025-05-02,MUT,Heera-Uran Complex,10.6,Estimated,10.6,No,331.4,Synthetic
5865,2025-05-03,MUT,Heera-Uran Complex,10.6,Estimated,10.6,No,349.2,Synthetic
5877,2025-05-04,MUT,Heera-Uran Complex,10.6,Estimated,10.6,No,361.2,Synthetic
5889,2025-05-05,MUT,Heera-Uran Complex,10.6,Estimated,10.6,No,341.7,Synthetic
5901,2025-05-06,MUT,Heera-Uran Complex,10.6,Estimated,10.6,No,351.7,Synthetic
5913,2025-05-07,MUT,Heera-Uran Complex,10.6,Estimated,10.6,No,355.7,Synthetic
5925,2025-05-08,MUT,Heera-Uran Complex,10.6,Estimated,10.6,No,336.9,Synthetic
5937,2025-05-09,MUT,Heera-Uran Complex,10.6,Estimated,10.6,No,341.1,Synthetic
5949,2025-05-10,MUT,Heera-Uran Complex,10.6,Estimated,10.6,No,334.7,Synthetic
5961,2025-05-11,MUT,Heera-Uran Complex,10.6,Estimated,10.6,No,336.2,Synthetic
5973,2025-05-12,MUT,Heera-Uran Complex,10.6,Estimated,10.6,No,330.9,Synthetic
5985,2025-05-13,MUT,Heera-Uran Complex,10.6,Estimated,10.6,No,334.4,Synthetic
5997,2025-05-14,MUT,Heera-Uran Complex,10.6,Estimated,10.6,No,357.7,Synthetic
6009,2025-05-15,MUT,Heera-Uran Complex,10.6,Estimated,10.6,No,333.2,Synthetic
6021,2025-05-16,MUT,Heera-Uran Complex,10.6,Estimated,10.6,No,343.4,Synthetic
6033,2025-05-17,MUT,Heera-Uran Complex,10.6,Estimated,10.6,No,336.4,Synthetic
6045,2025-05-18,MUT,Heera-Uran Complex,10.6,Estimated,10.6,No,353.1,Synthetic
6057,2025-05-19,MUT,Heera-Uran Complex,10.6,Estimated,10.6,No,353.9,Synthetic
6069,2025-05-20,MUT,Heera-Uran Complex,10.6,Estimated,10.6,No,348.7,Synthetic
6081,2025-05-21,MUT,Heera-Uran Complex,10.6,Estimated,10.6,No,342.5,Synthetic
6093,2025-05-22,MUT,Heera-Uran Complex,10.6,Estimated,10.6,No,336.5,Synthetic
6105,2025-05-23,MUT,Heera-Uran Complex,10.6,Estimated,10.6,No,326.3,Synthetic
6117,2025-05-24,MUT,Heera-Uran Complex,10.6,Estimated,10.6,No,357.5,Synthetic
6129,2025-05-25,MUT,Heera-Uran Complex,10.6,Estimated,10.6,No,329.6,Synthetic
6141,2025-05-26,MUT,Heera-Uran Complex,10.6,Estimated,10.6,No,343.5,Synthetic
6153,2025-05-27,MUT,Heera-Uran Complex,10.6,Estimated,10.6,No,346.9,Synthetic
6165,2025-05-28,MUT,Heera-Uran Complex,10.6,Estimated,10.6,No,330.1,Synthetic
6177,2025-05-29,MUT,Heera-Uran Complex,10.6,Estimated,10.6,No,345.7,Synthetic
6189,2025-05-30,MUT,Heera-Uran Complex,10.6,Estimated,10.6,No,342.4,Synthetic
6201,2025-05-31,MUT,Heera-Uran Complex,10.6,Estimated,10.6,No,351.5,Synthetic
6213,2025-06-01,MUT,Heera-Uran Complex,10.6,Estimated,10.6,No,329.0,Synthetic
6225,2025-06-02,MUT,Heera-Uran Complex,10.6,Estimated,10.6,No,320.3,Synthetic
6237,2025-06-03,MUT,Heera-Uran Complex,10.6,Estimated,10.6,No,327.6,Synthetic
6249,2025-06-04,MUT,Heera-Uran Complex,10.6,Estimated,10.6,No,334.2,Synthetic
6261,2025-06-05,MUT,Heera-Uran Complex,10.6,Estimated,10.6,No,332.2,Synthetic
6273,2025-06-06,MUT,Heera-Uran Complex,10.6,Estimated,10.6,No,327.2,Synthetic
6285,2025-06-07,MUT,Heera-Uran Complex,10.6,Estimated,10.6,No,311.6,Synthetic
6297,2025-06-08,MUT,Heera-Uran Complex,10.6,Estimated,10.6,No,334.7,Synthetic
6309,2025-06-09,MUT,Heera-Uran Complex,10.6,Estimated,10.6,No,349.0,Synthetic
6321,2025-06-10,MUT,Heera-Uran Complex,10.6,Estimated,10.6,No,333.6,Synthetic
6333,2025-06-11,MUT,Heera-Uran Complex,10.6,Estimated,10.6,No,334.5,Synthetic
6345,2025-06-12,MUT,Heera-Uran Complex,10.6,Estimated,10.6,No,333.6,Synthetic
6357,2025-06-13,MUT,Heera-Uran Complex,10.6,Estimated,10.6,No,331.4,Synthetic
6369,2025-06-14,MUT,Heera-Uran Complex,10.6,Estimated,10.6,No,336.1,Synthetic
6381,2025-06-15,MUT,Heera-Uran Complex,10.6,Estimated,10.6,No,330.3,Synthetic
6393,2025-06-16,MUT,Heera-Uran Complex,10.6,Estimated,10.6,No,322.9,Synthetic
6405,2025-06-17,MUT,Heera-Uran Complex,10.6,Estimated,10.6,No,317.7,Synthetic
6417,2025-06-18,MUT,Heera-Uran Complex,10.6,Estimated,10.6,No,322.5,Synthetic
6429,2025-06-19,MUT,Heera-Uran Complex,10.6,Estimated,10.6,No,327.5,Synthetic
6441,2025-06-20,MUT,Heera-Uran Complex,10.6,Estimated,10.6,No,320.9,Synthetic
6453,2025-06-21,MUT,Heera-Uran Complex,10.6,Estimated,10.6,No,326.5,Synthetic
6465,2025-06-22,MUT,Heera-Uran Complex,10.6,Estimated,10.6,No,327.2,Synthetic
6477,2025-06-23,MUT,Heera-Uran Complex,10.6,Estimated,10.6,No,330.5,Synthetic
6489,2025-06-24,MUT,Heera-Uran Complex,10.6,Estimated,10.6,No,334.3,Synthetic
6501,2025-06-25,MUT,Heera-Uran Complex,10.6,Estimated,10.6,No,322.2,Synthetic
6513,2025-06-26,MUT,Heera-Uran Complex,10.6,Estimated,10.6,No,308.3,Synthetic
6525,2025-06-27,MUT,Heera-Uran Complex,10.6,Estimated,10.6,No,317.1,Synthetic
6537,2025-06-28,MUT,Heera-Uran Complex,10.6,Estimated,10.6,No,320.4,Synthetic
6549,2025-06-29,MUT,Heera-Uran Complex,10.6,Estimated,10.6,No,301.9,Synthetic
6561,2025-06-30,MUT,Heera-Uran Complex,10.6,Estimated,10.6,No,332.2,Synthetic
6573,2025-07-01,MUT,Heera-Uran Complex,10.6,Estimated,10.6,No,319.8,Synthetic
6585,2025-07-02,MUT,Heera-Uran Complex,10.6,Estimated,10.6,No,321.6,Synthetic
6597,2025-07-03,MUT,Heera-Uran Complex,10.6,Estimated,10.6,No,330.5,Synthetic
6609,2025-07-04,MUT,Heera-Uran Complex,10.6,Estimated,10.6,No,311.0,Synthetic
6621,2025-07-05,MUT,Heera-Uran Complex,10.6,Estimated,10.6,No,321.9,Synthetic
6633,2025-07-06,MUT,Heera-Uran Complex,10.6,Estimated,10.6,No,314.9,Synthetic
6645,2025-07-07,MUT,Heera-Uran Complex,10.6,Estimated,10.6,No,313.8,Synthetic
6657,2025-07-08,MUT,Heera-Uran Complex,10.6,Estimated,10.6,No,307.7,Synthetic
6669,2025-07-09,MUT,Heera-Uran Complex,10.6,Estimated,10.6,No,330.2,Synthetic
6681,2025-07-10,MUT,Heera-Uran Complex,10.6,Estimated,10.6,No,310.5,Synthetic
6693,2025-07-11,MUT,Heera-Uran Complex,10.6,Estimated,10.6,No,320.1,Synthetic
6705,2025-07-12,MUT,Heera-Uran Complex,10.6,Estimated,10.6,No,295.4,Synthetic
6717,2025-07-13,MUT,Heera-Uran Complex,10.6,Estimated,10.6,No,323.6,Synthetic
6729,2025-07-14,MUT,Heera-Uran Complex,10.6,Estimated,10.6,No,321.9,Synthetic
6741,2025-07-15,MUT,Heera-Uran Complex,10.6,Estimated,10.6,No,312.5,Synthetic
6753,2025-07-16,MUT,Heera-Uran Complex,10.6,Estimated,10.6,No,309.0,Synthetic
6765,2025-07-17,MUT,Heera-Uran Complex,10.6,Estimated,10.6,No,314.4,Synthetic
6777,2025-07-18,MUT,Heera-Uran Complex,10.6,Estimated,10.6,No,331.4,Synthetic
6789,2025-07-19,MUT,Heera-Uran Complex,10.6,Estimated,10.6,No,293.3,Synthetic
6801,2025-07-20,MUT,Heera-Uran Complex,10.6,Estimated,10.6,No,316.4,Synthetic
6813,2025-07-21,MUT,Heera-Uran Complex,10.6,Estimated,10.6,No,300.3,Synthetic
6825,2025-07-22,MUT,Heera-Uran Complex,10.6,Estimated,10.6,No,308.0,Synthetic
6837,2025-07-23,MUT,Heera-Uran Complex,10.6,Estimated,10.6,No,305.5,Synthetic
6849,2025-07-24,MUT,Heera-Uran Complex,10.6,Estimated,10.6,No,303.3,Synthetic
6861,2025-07-25,MUT,Heera-Uran Complex,10.6,Estimated,10.6,No,306.7,Synthetic
6873,2025-07-26,MUT,Heera-Uran Complex,10.6,Estimated,10.6,No,295.9,Synthetic
6885,2025-07-27,MUT,Heera-Uran Complex,10.6,Estimated,10.6,No,315.3,Synthetic
6897,2025-07-28,MUT,Heera-Uran Complex,10.6,Estimated,10.6,No,288.9,Synthetic
6909,2025-07-29,MUT,Heera-Uran Complex,10.6,Estimated,10.6,No,309.8,Synthetic
6921,2025-07-30,MUT,Heera-Uran Complex,10.6,Estimated,10.6,No,301.4,Synthetic
6933,2025-07-31,MUT,Heera-Uran Complex,10.6,Estimated,10.6,No,293.3,Synthetic
6945,2025-08-01,MUT,Heera-Uran Complex,10.6,Estimated,10.6,No,305.3,Synthetic
6957,2025-08-02,MUT,Heera-Uran Complex,10.6,Estimated,10.6,No,288.8,Synthetic
6969,2025-08-03,MUT,Heera-Uran Complex,10.6,Estimated,10.6,No,302.9,Synthetic
6981,2025-08-04,MUT,Heera-Uran Complex,10.6,Estimated,10.6,No,289.2,Synthetic
6993,2025-08-05,MUT,Heera-Uran Complex,10.6,Estimated,10.6,No,305.8,Synthetic
7005,2025-08-06,MUT,Heera-Uran Complex,10.6,Estimated,10.6,No,292.8,Synthetic
7017,2025-08-07,MUT,Heera-Uran Complex,10.6,Estimated,10.6,No,296.6,Synthetic
7029,2025-08-08,MUT,Heera-Uran Complex,10.6,Estimated,10.6,No,302.8,Synthetic
7041,2025-08-09,MUT,Heera-Uran Complex,10.6,Estimated,10.6,No,292.8,Synthetic
7053,2025-08-10,MUT,Heera-Uran Complex,10.6,Estimated,10.6,No,298.7,Synthetic
7065,2025-08-11,MUT,Heera-Uran Complex,10.6,Estimated,10.6,No,285.2,Synthetic
7077,2025-08-12,MUT,Heera-Uran Complex,10.6,Estimated,10.6,No,304.0,Synthetic
7089,2025-08-13,MUT,Heera-Uran Complex,10.6,Estimated,10.6,No,313.6,Synthetic
7101,2025-08-14,MUT,Heera-Uran Complex,10.6,Estimated,10.6,No,322.3,Synthetic
7113,2025-08-15,MUT,Heera-Uran Complex,10.6,Estimated,10.6,No,297.8,Synthetic
7125,2025-08-16,MUT,Heera-Uran Complex,10.6,Estimated,10.6,No,303.5,Synthetic
7137,2025-08-17,MUT,Heera-Uran Complex,10.6,Estimated,10.6,No,280.2,Synthetic
7149,2025-08-18,MUT,Heera-Uran Complex,10.6,Estimated,10.6,No,308.9,Synthetic
7161,2025-08-19,MUT,Heera-Uran Complex,10.6,Estimated,10.6,No,302.0,Synthetic
7173,2025-08-20,MUT,Heera-Uran Complex,10.6,Estimated,10.6,No,290.4,Synthetic
7185,2025-08-21,MUT,Heera-Uran Complex,10.6,Estimated,10.6,No,305.1,Synthetic
7197,2025-08-22,MUT,Heera-Uran Complex,10.6,Estimated,10.6,No,291.5,Synthetic
7209,2025-08-23,MUT,Heera-Uran Complex,10.6,Estimated,10.6,No,289.2,Synthetic
7221,2025-08-24,MUT,Heera-Uran Complex,10.6,Estimated,10.6,No,297.0,Synthetic
7233,2025-08-25,MUT,Heera-Uran Complex,10.6,Estimated,10.6,No,283.0,Synthetic
7245,2025-08-26,MUT,Heera-Uran Complex,10.6,Estimated,10.6,No,300.9,Synthetic
7257,2025-08-27,MUT,Heera-Uran Complex,10.6,Estimated,10.6,No,282.2,Synthetic
7269,2025-08-28,MUT,Heera-Uran Complex,10.6,Estimated,10.6,No,281.8,Synthetic
7281,2025-08-29,MUT,Heera-Uran Complex,10.6,Estimated,10.6,No,282.6,Synthetic
7293,2025-08-30,MUT,Heera-Uran Complex,10.6,Estimated,10.6,No,296.7,Synthetic
7305,2025-08-31,MUT,Heera-Uran Complex,10.6,Estimated,10.6,No,284.3,Synthetic
7317,2025-09-01,MUT,Heera-Uran Complex,10.6,Estimated,10.6,No,277.5,Synthetic
7329,2025-09-02,MUT,Heera-Uran Complex,10.6,Estimated,10.6,No,283.5,Synthetic
7341,2025-09-03,MUT,Heera-Uran Complex,10.6,Estimated,10.6,No,288.0,Synthetic
7353,2025-09-04,MUT,Heera-Uran Complex,10.6,Estimated,10.6,No,277.7,Synthetic
7365,2025-09-05,MUT,Heera-Uran Complex,10.6,Estimated,10.6,No,277.5,Synthetic
7377,2025-09-06,MUT,Heera-Uran Complex,10.6,Estimated,10.6,No,305.1,Synthetic
7389,2025-09-07,MUT,Heera-Uran Complex,10.6,Estimated,10.6,No,279.1,Synthetic
7401,2025-09-08,MUT,Heera-Uran Complex,10.6,Estimated,10.6,No,283.3,Synthetic
7413,2025-09-09,MUT,Heera-Uran Complex,10.6,Estimated,10.6,No,282.5,Synthetic
7425,2025-09-10,MUT,Heera-Uran Complex,10.6,Estimated,10.6,No,281.6,Synthetic
7437,2025-09-11,MUT,Heera-Uran Complex,10.6,Estimated,10.6,No,290.0,Synthetic
7449,2025-09-12,MUT,Heera-Uran Complex,10.6,Estimated,10.6,No,292.4,Synthetic
7461,2025-09-13,MUT,Heera-Uran Complex,10.6,Estimated,10.6,No,281.2,Synthetic
7473,2025-09-14,MUT,Heera-Uran Complex,10.6,Estimated,10.6,No,272.9,Synthetic
7485,2025-09-15,MUT,Heera-Uran Complex,10.6,Estimated,10.6,No,293.8,Synthetic
7497,2025-09-16,MUT,Heera-Uran Complex,10.6,Estimated,10.6,No,281.7,Synthetic
7509,2025-09-17,MUT,Heera-Uran Complex,10.6,Estimated,10.6,No,296.7,Synthetic
7521,2025-09-18,MUT,Heera-Uran Complex,10.6,Estimated,10.6,No,262.7,Synthetic
7533,2025-09-19,MUT,Heera-Uran Complex,10.6,Estimated,10.6,No,282.9,Synthetic
7545,2025-09-20,MUT,Heera-Uran Complex,10.6,Estimated,10.6,No,296.9,Synthetic
7557,2025-09-21,MUT,Heera-Uran Complex,10.6,Estimated,10.6,No,277.4,Synthetic
7569,2025-09-22,MUT,Heera-Uran Complex,10.6,Estimated,10.6,No,278.0,Synthetic
7581,2025-09-23,MUT,Heera-Uran Complex,10.6,Estimated,10.6,No,282.0,Synthetic
7593,2025-09-24,MUT,Heera-Uran Complex,10.6,Estimated,10.6,No,274.4,Synthetic
7605,2025-09-25,MUT,Heera-Uran Complex,10.6,Estimated,10.6,No,276.0,Synthetic
7617,2025-09-26,MUT,Heera-Uran Complex,10.6,Estimated,10.6,No,275.4,Synthetic
7629,2025-09-27,MUT,Heera-Uran Complex,10.6,Estimated,10.6,No,272.5,Synthetic
7641,2025-09-28,MUT,Heera-Uran Complex,10.6,Estimated,10.6,No,287.5,Synthetic
7653,2025-09-29,MUT,Heera-Uran Complex,10.6,Estimated,10.6,No,280.7,Synthetic
7665,2025-09-30,MUT,Heera-Uran Complex,10.6,Estimated,10.6,No,278.5,Synthetic
7677,2025-10-01,MUT,Heera-Uran Complex,10.6,Estimated,10.6,No,282.7,Synthetic
7689,2025-10-02,MUT,Heera-Uran Complex,10.6,Estimated,10.6,No,273.4,Synthetic
7701,2025-10-03,MUT,Heera-Uran Complex,10.6,Estimated,10.6,No,268.8,Synthetic
7713,2025-10-04,MUT,Heera-Uran Complex,10.6,Estimated,10.6,No,269.8,Synthetic
7725,2025-10-05,MUT,Heera-Uran Complex,10.6,Estimated,10.6,No,274.3,Synthetic
7737,2025-10-06,MUT,Heera-Uran Complex,10.6,Estimated,10.6,No,265.2,Synthetic
7749,2025-10-07,MUT,Heera-Uran Complex,10.6,Estimated,10.6,No,269.4,Synthetic
7761,2025-10-08,MUT,Heera-Uran Complex,10.6,Estimated,10.6,No,268.8,Synthetic
7773,2025-10-09,MUT,Heera-Uran Complex,10.6,Estimated,10.6,No,290.0,Synthetic
7785,2025-10-10,MUT,Heera-Uran Complex,10.6,Estimated,10.6,No,249.5,Synthetic
7797,2025-10-11,MUT,Heera-Uran Complex,10.6,Estimated,10.6,No,270.3,Synthetic
7809,2025-10-12,MUT,Heera-Uran Complex,10.6,Estimated,10.6,No,285.4,Synthetic
7821,2025-10-13,MUT,Heera-Uran Complex,10.6,Estimated,10.6,No,271.9,Synthetic
7833,2025-10-14,MUT,Heera-Uran Complex,10.6,Estimated,10.6,No,276.6,Synthetic
7845,2025-10-15,MUT,Heera-Uran Complex,10.6,Estimated,10.6,No,270.9,Synthetic
7857,2025-10-16,MUT,Heera-Uran Complex,10.6,Estimated,10.6,No,264.3,Synthetic
7869,2025-10-17,MUT,Heera-Uran Complex,10.6,Estimated,10.6,No,251.1,Synthetic
7881,2025-10-18,MUT,Heera-Uran Complex,10.6,Estimated,10.6,No,270.5,Synthetic
7893,2025-10-19,MUT,Heera-Uran Complex,10.6,Estimated,10.6,No,262.2,Synthetic
7905,2025-10-20,MUT,Heera-Uran Complex,10.6,Estimated,10.6,No,261.6,Synthetic
7917,2025-10-21,MUT,Heera-Uran Complex,10.6,Estimated,10.6,No,263.6,Synthetic
7929,2025-10-22,MUT,Heera-Uran Complex,10.6,Estimated,10.6,No,281.1,Synthetic
7941,2025-10-23,MUT,Heera-Uran Complex,10.6,Estimated,10.6,No,286.0,Synthetic
7953,2025-10-24,MUT,Heera-Uran Complex,10.6,Estimated,10.6,No,268.1,Synthetic
7965,2025-10-25,MUT,Heera-Uran Complex,10.6,Estimated,10.6,No,262.2,Synthetic
7977,2025-10-26,MUT,Heera-Uran Complex,10.6,Estimated,10.6,No,256.1,Synthetic
7989,2025-10-27,MUT,Heera-Uran Complex,10.6,Estimated,10.6,No,268.8,Synthetic
8001,2025-10-28,MUT,Heera-Uran Complex,10.6,Estimated,10.6,No,278.8,Synthetic
8013,2025-10-29,MUT,Heera-Uran Complex,10.6,Estimated,10.6,No,262.3,Synthetic
8025,2025-10-30,MUT,Heera-Uran Complex,10.6,Estimated,10.6,No,245.0,Synthetic
8037,2025-10-31,MUT,Heera-Uran Complex,10.6,Estimated,10.6,No,268.7,Synthetic
8049,2025-11-01,MUT,Heera-Uran Complex,10.6,Estimated,10.6,No,270.8,Synthetic
8061,2025-11-02,MUT,Heera-Uran Complex,10.6,Estimated,10.6,No,250.1,Synthetic
8073,2025-11-03,MUT,Heera-Uran Complex,10.6,Estimated,10.6,No,263.6,Synthetic
8085,2025-11-04,MUT,Heera-Uran Complex,10.6,Estimated,10.6,No,265.4,Synthetic
8097,2025-11-05,MUT,Heera-Uran Complex,10.6,Estimated,10.6,No,260.8,Synthetic
8109,2025-11-06,MUT,Heera-Uran Complex,10.6,Estimated,10.6,No,254.8,Synthetic
8121,2025-11-07,MUT,Heera-Uran Complex,10.6,Estimated,10.6,No,268.5,Synthetic
8133,2025-11-08,MUT,Heera-Uran Complex,10.6,Estimated,10.6,No,257.0,Synthetic
8145,2025-11-09,MUT,Heera-Uran Complex,10.6,Estimated,10.6,No,248.2,Synthetic
8157,2025-11-10,MUT,Heera-Uran Complex,10.6,Estimated,10.6,No,243.4,Synthetic
8169,2025-11-11,MUT,Heera-Uran Complex,10.6,Estimated,10.6,No,268.8,Synthetic
8181,2025-11-12,MUT,Heera-Uran Complex,10.6,Estimated,10.6,No,263.4,Synthetic
8193,2025-11-13,MUT,Heera-Uran Complex,10.6,Estimated,10.6,No,258.9,Synthetic
8205,2025-11-14,MUT,Heera-Uran Complex,10.6,Actual,10.6,No,254.4,Synthetic
8217,2025-11-15,MUT,Heera-Uran Complex,9.4,Actual,9.4,No,255.1,Synthetic
8229,2025-11-16,MUT,Heera-Uran Complex,9.6,Actual,9.6,No,250.1,Synthetic
8241,2025-11-17,MUT,Heera-Uran Complex,9.6,Actual,9.6,No,254.7,Synthetic
8253,2025-11-18,MUT,Heera-Uran Complex,9.5,Actual,9.5,No,241.4,Synthetic
8265,2025-11-19,MUT,Heera-Uran Complex,7.3,Actual,7.3,No,255.0,Synthetic
8277,2025-11-20,MUT,Heera-Uran Complex,7.3,Actual,7.3,No,257.9,Synthetic
8289,2025-11-21,MUT,Heera-Uran Complex,10.7,Actual,10.7,No,259.5,Synthetic
8301,2025-11-22,MUT,Heera-Uran Complex,10.7,Actual,10.7,No,254.1,Synthetic
8313,2025-11-23,MUT,Heera-Uran Complex,8.0,Actual,8.0,No,264.2,Synthetic
8325,2025-11-24,MUT,Heera-Uran Complex,8.4,Actual,8.4,No,267.5,Synthetic
8337,2025-11-25,MUT,Heera-Uran Complex,6.5,Actual,6.5,No,267.7,Synthetic
8349,2025-11-26,MUT,Heera-Uran Complex,8.0,Actual,8.0,No,260.5,Synthetic
8361,2025-11-27,MUT,Heera-Uran Complex,8.0,Actual,8.0,No,256.5,Synthetic
8373,2025-11-28,MUT,Heera-Uran Complex,6.7,Actual,6.7,No,250.4,Synthetic
8385,2025-11-29,MUT,Heera-Uran Complex,8.0,Actual,8.0,No,261.3,Synthetic
8397,2025-11-30,MUT,Heera-Uran Complex,6.7,Actual,6.7,No,270.1,Synthetic
8409,2025-12-01,MUT,Heera-Uran Complex,7.2,Actual,7.2,No,258.7,Synthetic
8421,2025-12-02,MUT,Heera-Uran Complex,11.6,Actual,11.6,No,263.5,Synthetic
8433,2025-12-03,MUT,Heera-Uran Complex,9.9,Actual,9.9,No,239.8,Synthetic
8445,2025-12-04,MUT,Heera-Uran Complex,9.9,Actual,9.9,No,242.2,Synthetic
8457,2025-12-05,MUT,Heera-Uran Complex,6.8,Actual,6.8,No,261.6,Synthetic
8469,2025-12-06,MUT,Heera-Uran Complex,9.9,Actual,9.9,No,252.1,Synthetic
8481,2025-12-07,MUT,Heera-Uran Complex,6.8,Actual,6.8,No,264.3,Synthetic
8493,2025-12-08,MUT,Heera-Uran Complex,11.0,Actual,11.0,No,247.6,Synthetic
8505,2025-12-09,MUT,Heera-Uran Complex,8.7,Actual,8.7,No,244.2,Synthetic
8517,2025-12-10,MUT,Heera-Uran Complex,10.7,Actual,10.7,No,245.8,Synthetic
8529,2025-12-11,MUT,Heera-Uran Complex,10.7,Actual,10.7,No,235.7,Synthetic
8541,2025-12-12,MUT,Heera-Uran Complex,6.8,Actual,6.8,No,243.7,Synthetic
8553,2025-12-13,MUT,Heera-Uran Complex,6.7,Actual,6.7,No,259.4,Synthetic
8565,2025-12-14,MUT,Heera-Uran Complex,6.5,Actual,6.5,No,258.5,Synthetic
8577,2025-12-15,MUT,Heera-Uran Complex,6.5,Actual,6.5,No,254.3,Synthetic
8589,2025-12-16,MUT,Heera-Uran Complex,9.7,Actual,9.7,No,233.8,Synthetic
8601,2025-12-17,MUT,Heera-Uran Complex,10.5,Actual,10.5,No,242.4,Synthetic
8613,2025-12-18,MUT,Heera-Uran Complex,7.5,Actual,7.5,No,239.8,Synthetic
8625,2025-12-19,MUT,Heera-Uran Complex,12.5,Actual,12.5,No,249.9,Synthetic
8637,2025-12-20,MUT,Heera-Uran Complex,13.2,Actual,13.2,No,235.8,Synthetic
8649,2025-12-21,MUT,Heera-Uran Complex,9.7,Actual,9.7,No,236.7,Synthetic
8661,2025-12-22,MUT,Heera-Uran Complex,9.9,Actual,9.9,No,244.2,Synthetic
8673,2025-12-23,MUT,Heera-Uran Complex,9.5,Actual,9.5,No,239.5,Synthetic
8685,2025-12-24,MUT,Heera-Uran Complex,8.7,Actual,8.7,No,255.8,Synthetic
8697,2025-12-25,MUT,Heera-Uran Complex,7.6,Actual,7.6,No,240.7,Synthetic
8709,2025-12-26,MUT,Heera-Uran Complex,7.5,Actual,7.5,No,235.5,Synthetic
8721,2025-12-27,MUT,Heera-Uran Complex,12.1,Actual,12.1,No,223.6,Synthetic
8733,2025-12-28,MUT,Heera-Uran Complex,8.8,Actual,8.8,No,243.0,Synthetic
8745,2025-12-29,MUT,Heera-Uran Complex,9.9,Actual,9.9,No,237.3,Synthetic
8757,2025-12-30,MUT,Heera-Uran Complex,7.6,Actual,7.6,No,233.7,Synthetic
8769,2025-12-31,MUT,Heera-Uran Complex,8.1,Actual,8.1,No,251.8,Synthetic
8781,2026-01-01,MUT,Heera-Uran Complex,8.1,Actual,8.1,No,247.6,Synthetic
8793,2026-01-02,MUT,Heera-Uran Complex,8.6,Actual,8.6,No,241.5,Synthetic
8805,2026-01-03,MUT,Heera-Uran Complex,9.5,Actual,9.5,No,249.9,Synthetic
8817,2026-01-04,MUT,Heera-Uran Complex,7.3,Actual,7.3,No,247.5,Synthetic
8829,2026-01-05,MUT,Heera-Uran Complex,8.4,Actual,8.4,No,234.9,Synthetic
8841,2026-01-06,MUT,Heera-Uran Complex,7.4,Actual,7.4,No,234.3,Synthetic
8853,2026-01-07,MUT,Heera-Uran Complex,7.5,Actual,7.5,No,247.2,Synthetic
8865,2026-01-08,MUT,Heera-Uran Complex,7.5,Actual,7.5,No,243.8,Synthetic
8877,2026-01-09,MUT,Heera-Uran Complex,12.8,Actual,12.8,No,234.4,Synthetic
8889,2026-01-10,MUT,Heera-Uran Complex,8.8,Actual,8.8,No,232.3,Synthetic
8901,2026-01-11,MUT,Heera-Uran Complex,7.7,Actual,7.7,No,243.9,Synthetic
8913,2026-01-12,MUT,Heera-Uran Complex,7.7,Actual,7.7,No,233.7,Synthetic
8925,2026-01-13,MUT,Heera-Uran Complex,7.6,Actual,7.6,No,238.2,Synthetic
8937,2026-01-14,MUT,Heera-Uran Complex,7.9,Actual,7.9,No,248.5,Synthetic
8949,2026-01-15,MUT,Heera-Uran Complex,9.3,Actual,9.3,No,231.2,Synthetic
8961,2026-01-16,MUT,Heera-Uran Complex,8.8,Actual,8.8,No,225.0,Synthetic
8973,2026-01-17,MUT,Heera-Uran Complex,11.3,Actual,11.3,No,225.1,Synthetic
8985,2026-01-18,MUT,Heera-Uran Complex,9.0,Actual,9.0,No,242.2,Synthetic
8997,2026-01-19,MUT,Heera-Uran Complex,9.5,Actual,9.5,No,235.9,Synthetic
9009,2026-01-20,MUT,Heera-Uran Complex,9.3,Actual,9.3,No,233.1,Synthetic
9021,2026-01-21,MUT,Heera-Uran Complex,11.0,Actual,11.0,No,227.8,Synthetic
9033,2026-01-22,MUT,Heera-Uran Complex,9.5,Actual,9.5,No,236.4,Synthetic
9045,2026-01-23,MUT,Heera-Uran Complex,7.8,Actual,7.8,No,229.0,Synthetic
9057,2026-01-24,MUT,Heera-Uran Complex,9.7,Actual,9.7,No,234.2,Synthetic
9069,2026-01-25,MUT,Heera-Uran Complex,9.3,Actual,9.3,No,227.1,Synthetic
9081,2026-01-26,MUT,Heera-Uran Complex,8.9,Actual,8.9,No,226.2,Synthetic
9093,2026-01-27,MUT,Heera-Uran Complex,8.9,Actual,8.9,No,227.6,Synthetic
9105,2026-01-28,MUT,Heera-Uran Complex,9.3,Actual,9.3,No,228.5,Synthetic
9117,2026-01-29,MUT,Heera-Uran Complex,8.0,Actual,8.0,No,232.2,Synthetic
9129,2026-01-30,MUT,Heera-Uran Complex,9.7,Actual,9.7,No,231.5,Synthetic
9141,2026-01-31,MUT,Heera-Uran Complex,8.2,Actual,8.2,No,205.9,Synthetic
9153,2026-02-01,MUT,Heera-Uran Complex,8.2,Actual,8.2,No,225.6,Synthetic
9165,2026-02-02,MUT,Heera-Uran Complex,7.6,Actual,7.6,No,228.9,Synthetic
9177,2026-02-03,MUT,Heera-Uran Complex,4.6,Actual,4.6,No,245.9,Synthetic
9189,2026-02-04,MUT,Heera-Uran Complex,4.8,Actual,4.8,No,227.0,Synthetic
9201,2026-02-05,MUT,Heera-Uran Complex,6.3,Actual,6.3,No,233.4,Synthetic
9213,2026-02-06,MUT,Heera-Uran Complex,6.7,Actual,6.7,No,241.8,Synthetic
9225,2026-02-07,MUT,Heera-Uran Complex,7.2,Actual,7.2,No,221.3,Synthetic
9237,2026-02-08,MUT,Heera-Uran Complex,6.9,Actual,6.9,No,233.1,Synthetic
9249,2026-02-09,MUT,Heera-Uran Complex,6.9,Actual,6.9,No,224.5,Synthetic
9261,2026-02-10,MUT,Heera-Uran Complex,9.1,Actual,9.1,No,223.4,Synthetic
9273,2026-02-11,MUT,Heera-Uran Complex,8.5,Actual,8.5,No,221.8,Synthetic
9285,2026-02-12,MUT,Heera-Uran Complex,8.1,Actual,8.1,No,222.4,Synthetic
9297,2026-02-13,MUT,Heera-Uran Complex,8.1,Actual,8.1,No,245.6,Synthetic
9309,2026-02-14,MUT,Heera-Uran Complex,6.5,Actual,6.5,No,234.6,Synthetic
9321,2026-02-15,MUT,Heera-Uran Complex,10.5,Actual,10.5,No,230.6,Synthetic
9333,2026-02-16,MUT,Heera-Uran Complex,8.0,Actual,8.0,No,229.5,Synthetic
9345,2026-02-17,MUT,Heera-Uran Complex,7.1,Actual,7.1,No,216.0,Synthetic
9357,2026-02-18,MUT,Heera-Uran Complex,11.2,Actual,11.2,No,223.9,Synthetic
9369,2026-02-19,MUT,Heera-Uran Complex,7.1,Actual,7.1,No,233.5,Synthetic
9381,2026-02-20,MUT,Heera-Uran Complex,11.2,Actual,11.2,No,214.9,Synthetic
9393,2026-02-21,MUT,Heera-Uran Complex,9.7,Actual,9.7,No,228.6,Synthetic
9405,2026-02-22,MUT,Heera-Uran Complex,14.7,Actual,14.7,No,219.9,Synthetic
9417,2026-02-23,MUT,Heera-Uran Complex,10.7,Actual,10.7,No,232.4,Synthetic
9429,2026-02-24,MUT,Heera-Uran Complex,9.1,Actual,9.1,No,219.1,Synthetic
10,2024-01-01,NQO,Mumbai High Complex,4.4,Actual,4.4,No,910.2,Synthetic
22,2024-01-02,NQO,Mumbai High Complex,4.5,Actual,4.5,No,929.7,Synthetic
34,2024-01-03,NQO,Mumbai High Complex,4.4,Actual,4.4,No,980.2,Synthetic
46,2024-01-04,NQO,Mumbai High Complex,4.5,Actual,4.5,No,887.0,Synthetic
58,2024-01-05,NQO,Mumbai High Complex,4.4,Actual,4.4,No,880.0,Synthetic
70,2024-01-06,NQO,Mumbai High Complex,4.5,Actual,4.5,No,939.5,Synthetic
82,2024-01-07,NQO,Mumbai High Complex,4.4,Actual,4.4,No,924.3,Synthetic
94,2024-01-08,NQO,Mumbai High Complex,4.5,Actual,4.5,No,935.7,Synthetic
106,2024-01-09,NQO,Mumbai High Complex,4.8,Actual,4.8,No,959.6,Synthetic
118,2024-01-10,NQO,Mumbai High Complex,4.5,Actual,4.5,No,918.5,Synthetic
130,2024-01-11,NQO,Mumbai High Complex,4.5,Actual,4.5,No,880.8,Synthetic
142,2024-01-12,NQO,Mumbai High Complex,4.4,Actual,4.4,No,990.2,Synthetic
154,2024-01-13,NQO,Mumbai High Complex,4.5,Actual,4.5,No,903.9,Synthetic
166,2024-01-14,NQO,Mumbai High Complex,4.5,Actual,4.5,No,901.4,Synthetic
178,2024-01-15,NQO,Mumbai High Complex,4.5,Actual,4.5,No,961.1,Synthetic
190,2024-01-16,NQO,Mumbai High Complex,4.3,Actual,4.3,No,919.8,Synthetic
202,2024-01-17,NQO,Mumbai High Complex,4.5,Actual,4.5,No,927.0,Synthetic
214,2024-01-18,NQO,Mumbai High Complex,4.2,Actual,4.2,No,943.1,Synthetic
226,2024-01-19,NQO,Mumbai High Complex,4.4,Actual,4.4,No,958.0,Synthetic
238,2024-01-20,NQO,Mumbai High Complex,4.5,Actual,4.5,No,917.3,Synthetic
250,2024-01-21,NQO,Mumbai High Complex,4.5,Actual,4.5,No,968.0,Synthetic
262,2024-01-22,NQO,Mumbai High Complex,4.2,Actual,4.2,No,867.3,Synthetic
274,2024-01-23,NQO,Mumbai High Complex,4.4,Actual,4.4,No,945.9,Synthetic
286,2024-01-24,NQO,Mumbai High Complex,4.4,Actual,4.4,No,900.9,Synthetic
298,2024-01-25,NQO,Mumbai High Complex,4.3,Actual,4.3,No,962.0,Synthetic
310,2024-01-26,NQO,Mumbai High Complex,4.5,Actual,4.5,No,926.1,Synthetic
322,2024-01-27,NQO,Mumbai High Complex,4.6,Actual,4.6,No,902.3,Synthetic
334,2024-01-28,NQO,Mumbai High Complex,4.8,Actual,4.8,No,937.4,Synthetic
346,2024-01-29,NQO,Mumbai High Complex,4.7,Actual,4.7,No,943.5,Synthetic
358,2024-01-30,NQO,Mumbai High Complex,4.8,Actual,4.8,No,935.3,Synthetic
370,2024-01-31,NQO,Mumbai High Complex,4.7,Actual,4.7,No,889.1,Synthetic
382,2024-02-01,NQO,Mumbai High Complex,4.9,Actual,4.9,No,902.4,Synthetic
394,2024-02-02,NQO,Mumbai High Complex,4.7,Actual,4.7,No,915.9,Synthetic
406,2024-02-03,NQO,Mumbai High Complex,4.8,Actual,4.8,No,913.6,Synthetic
418,2024-02-04,NQO,Mumbai High Complex,4.7,Actual,4.7,No,935.1,Synthetic
430,2024-02-05,NQO,Mumbai High Complex,4.6,Actual,4.6,No,859.0,Synthetic
442,2024-02-06,NQO,Mumbai High Complex,4.4,Actual,4.4,No,923.8,Synthetic
454,2024-02-07,NQO,Mumbai High Complex,4.5,Actual,4.5,No,905.4,Synthetic
466,2024-02-08,NQO,Mumbai High Complex,4.5,Actual,4.5,No,889.7,Synthetic
478,2024-02-09,NQO,Mumbai High Complex,4.6,Actual,4.6,No,891.1,Synthetic
490,2024-02-10,NQO,Mumbai High Complex,4.5,Actual,4.5,No,905.3,Synthetic
502,2024-02-11,NQO,Mumbai High Complex,4.6,Actual,4.6,No,811.6,Synthetic
514,2024-02-12,NQO,Mumbai High Complex,4.5,Actual,4.5,No,890.6,Synthetic
526,2024-02-13,NQO,Mumbai High Complex,4.4,Actual,4.4,No,885.6,Synthetic
538,2024-02-14,NQO,Mumbai High Complex,4.6,Actual,4.6,No,922.3,Synthetic
550,2024-02-15,NQO,Mumbai High Complex,4.6,Actual,4.6,No,885.1,Synthetic
562,2024-02-16,NQO,Mumbai High Complex,4.5,Actual,4.5,No,901.0,Synthetic
574,2024-02-17,NQO,Mumbai High Complex,4.4,Actual,4.4,No,948.6,Synthetic
586,2024-02-18,NQO,Mumbai High Complex,4.6,Actual,4.6,No,931.9,Synthetic
598,2024-02-19,NQO,Mumbai High Complex,4.5,Actual,4.5,No,929.2,Synthetic
610,2024-02-20,NQO,Mumbai High Complex,4.9,Actual,4.9,No,888.4,Synthetic
622,2024-02-21,NQO,Mumbai High Complex,5.2,Actual,5.2,No,914.3,Synthetic
634,2024-02-22,NQO,Mumbai High Complex,5.2,Actual,5.2,No,892.7,Synthetic
646,2024-02-23,NQO,Mumbai High Complex,4.5,Actual,4.5,No,896.5,Synthetic
658,2024-02-24,NQO,Mumbai High Complex,4.7,Actual,4.7,No,911.1,Synthetic
670,2024-02-25,NQO,Mumbai High Complex,4.8,Actual,4.8,No,882.7,Synthetic
682,2024-02-26,NQO,Mumbai High Complex,4.8,Actual,4.8,No,938.4,Synthetic
694,2024-02-27,NQO,Mumbai High Complex,4.5,Actual,4.5,No,894.6,Synthetic
706,2024-02-28,NQO,Mumbai High Complex,4.6,Actual,4.6,No,914.4,Synthetic
718,2024-02-29,NQO,Mumbai High Complex,4.6,Actual,4.6,No,936.2,Synthetic
730,2024-03-01,NQO,Mumbai High Complex,4.7,Actual,4.7,No,923.5,Synthetic
742,2024-03-02,NQO,Mumbai High Complex,4.6,Actual,4.6,No,857.7,Synthetic
754,2024-03-03,NQO,Mumbai High Complex,4.5,Actual,4.5,No,907.3,Synthetic
766,2024-03-04,NQO,Mumbai High Complex,4.6,Actual,4.6,No,917.0,Synthetic
778,2024-03-05,NQO,Mumbai High Complex,4.6,Actual,4.6,No,917.3,Synthetic
790,2024-03-06,NQO,Mumbai High Complex,4.5,Actual,4.5,No,863.4,Synthetic
802,2024-03-07,NQO,Mumbai High Complex,4.6,Actual,4.6,No,874.4,Synthetic
814,2024-03-08,NQO,Mumbai High Complex,4.5,Actual,4.5,No,918.4,Synthetic
826,2024-03-09,NQO,Mumbai High Complex,4.6,Actual,4.6,No,870.2,Synthetic
838,2024-03-10,NQO,Mumbai High Complex,4.5,Actual,4.5,No,882.4,Synthetic
850,2024-03-11,NQO,Mumbai High Complex,4.6,Actual,4.6,No,931.2,Synthetic
862,2024-03-12,NQO,Mumbai High Complex,4.7,Actual,4.7,No,886.7,Synthetic
874,2024-03-13,NQO,Mumbai High Complex,4.5,Actual,4.5,No,868.9,Synthetic
886,2024-03-14,NQO,Mumbai High Complex,4.6,Actual,4.6,No,863.7,Synthetic
898,2024-03-15,NQO,Mumbai High Complex,4.8,Actual,4.8,No,894.2,Synthetic
910,2024-03-16,NQO,Mumbai High Complex,4.7,Actual,4.7,No,849.7,Synthetic
922,2024-03-17,NQO,Mumbai High Complex,4.7,Actual,4.7,No,877.9,Synthetic
934,2024-03-18,NQO,Mumbai High Complex,4.6,Actual,4.6,No,893.1,Synthetic
946,2024-03-19,NQO,Mumbai High Complex,4.7,Actual,4.7,No,917.4,Synthetic
958,2024-03-20,NQO,Mumbai High Complex,4.3,Actual,4.3,No,902.0,Synthetic
970,2024-03-21,NQO,Mumbai High Complex,4.5,Actual,4.5,No,863.7,Synthetic
982,2024-03-22,NQO,Mumbai High Complex,4.6,Actual,4.6,No,912.6,Synthetic
994,2024-03-23,NQO,Mumbai High Complex,4.8,Actual,4.8,No,871.8,Synthetic
1006,2024-03-24,NQO,Mumbai High Complex,4.6,Actual,4.6,No,847.4,Synthetic
1018,2024-03-25,NQO,Mumbai High Complex,4.8,Actual,4.8,No,873.8,Synthetic
1030,2024-03-26,NQO,Mumbai High Complex,4.6,Actual,4.6,No,916.5,Synthetic
1042,2024-03-27,NQO,Mumbai High Complex,5.0,Actual,5.0,No,880.3,Synthetic
1054,2024-03-28,NQO,Mumbai High Complex,4.9,Actual,4.9,No,876.1,Synthetic
1066,2024-03-29,NQO,Mumbai High Complex,5.0,Actual,5.0,No,917.5,Synthetic
1078,2024-03-30,NQO,Mumbai High Complex,5.0,Actual,5.0,No,836.3,Synthetic
1090,2024-03-31,NQO,Mumbai High Complex,4.9,Actual,4.9,No,839.9,Synthetic
1102,2024-04-01,NQO,Mumbai High Complex,5.0,Actual,5.0,No,830.2,Synthetic
1114,2024-04-02,NQO,Mumbai High Complex,5.0,Actual,5.0,No,881.5,Synthetic
1126,2024-04-03,NQO,Mumbai High Complex,4.9,Actual,4.9,No,875.9,Synthetic
1138,2024-04-04,NQO,Mumbai High Complex,5.1,Actual,5.1,No,910.1,Synthetic
1150,2024-04-05,NQO,Mumbai High Complex,4.8,Actual,4.8,No,877.0,Synthetic
1162,2024-04-06,NQO,Mumbai High Complex,5.0,Actual,5.0,No,858.5,Synthetic
1174,2024-04-07,NQO,Mumbai High Complex,4.9,Actual,4.9,No,868.8,Synthetic
1186,2024-04-08,NQO,Mumbai High Complex,5.0,Actual,5.0,No,870.7,Synthetic
1198,2024-04-09,NQO,Mumbai High Complex,5.1,Actual,5.1,No,823.0,Synthetic
1210,2024-04-10,NQO,Mumbai High Complex,4.9,Actual,4.9,No,937.2,Synthetic
1222,2024-04-11,NQO,Mumbai High Complex,4.8,Actual,4.8,No,880.0,Synthetic
1234,2024-04-12,NQO,Mumbai High Complex,5.2,Actual,5.2,No,869.3,Synthetic
1246,2024-04-13,NQO,Mumbai High Complex,5.2,Actual,5.2,No,879.1,Synthetic
1258,2024-04-14,NQO,Mumbai High Complex,5.1,Actual,5.1,No,881.3,Synthetic
1270,2024-04-15,NQO,Mumbai High Complex,5.0,Actual,5.0,No,859.1,Synthetic
1282,2024-04-16,NQO,Mumbai High Complex,5.3,Actual,5.3,No,844.3,Synthetic
1294,2024-04-17,NQO,Mumbai High Complex,5.0,Actual,5.0,No,876.9,Synthetic
1306,2024-04-18,NQO,Mumbai High Complex,5.1,Actual,5.1,No,870.2,Synthetic
1318,2024-04-19,NQO,Mumbai High Complex,5.3,Actual,5.3,No,837.7,Synthetic
1330,2024-04-20,NQO,Mumbai High Complex,5.2,Actual,5.2,No,894.9,Synthetic
1342,2024-04-21,NQO,Mumbai High Complex,5.0,Actual,5.0,No,866.2,Synthetic
1354,2024-04-22,NQO,Mumbai High Complex,5.2,Actual,5.2,No,875.8,Synthetic
1366,2024-04-23,NQO,Mumbai High Complex,5.1,Actual,5.1,No,892.6,Synthetic
1378,2024-04-24,NQO,Mumbai High Complex,5.0,Actual,5.0,No,857.2,Synthetic
1390,2024-04-25,NQO,Mumbai High Complex,5.1,Actual,5.1,No,863.6,Synthetic
1402,2024-04-26,NQO,Mumbai High Complex,5.2,Actual,5.2,No,875.0,Synthetic
1414,2024-04-27,NQO,Mumbai High Complex,5.0,Actual,5.0,No,836.0,Synthetic
1426,2024-04-28,NQO,Mumbai High Complex,5.2,Actual,5.2,No,854.3,Synthetic
1438,2024-04-29,NQO,Mumbai High Complex,5.1,Actual,5.1,No,855.9,Synthetic
1450,2024-04-30,NQO,Mumbai High Complex,5.2,Actual,5.2,No,827.1,Synthetic
1462,2024-05-01,NQO,Mumbai High Complex,5.1,Actual,5.1,No,910.6,Synthetic
1474,2024-05-02,NQO,Mumbai High Complex,5.2,Actual,5.2,No,814.3,Synthetic
1486,2024-05-03,NQO,Mumbai High Complex,5.3,Actual,5.3,No,816.0,Synthetic
1498,2024-05-04,NQO,Mumbai High Complex,5.0,Actual,5.0,No,883.3,Synthetic
1510,2024-05-05,NQO,Mumbai High Complex,5.2,Actual,5.2,No,866.3,Synthetic
1522,2024-05-06,NQO,Mumbai High Complex,5.0,Actual,5.0,No,822.4,Synthetic
1534,2024-05-07,NQO,Mumbai High Complex,5.1,Actual,5.1,No,862.8,Synthetic
1546,2024-05-08,NQO,Mumbai High Complex,5.0,Actual,5.0,No,884.4,Synthetic
1558,2024-05-09,NQO,Mumbai High Complex,5.2,Actual,5.2,No,844.7,Synthetic
1570,2024-05-10,NQO,Mumbai High Complex,5.1,Actual,5.1,No,911.2,Synthetic
1582,2024-05-11,NQO,Mumbai High Complex,5.2,Actual,5.2,No,800.5,Synthetic
1594,2024-05-12,NQO,Mumbai High Complex,5.1,Actual,5.1,No,861.5,Synthetic
1606,2024-05-13,NQO,Mumbai High Complex,5.4,Actual,5.4,No,871.3,Synthetic
1618,2024-05-14,NQO,Mumbai High Complex,5.1,Actual,5.1,No,865.1,Synthetic
1630,2024-05-15,NQO,Mumbai High Complex,5.2,Actual,5.2,No,836.3,Synthetic
1642,2024-05-16,NQO,Mumbai High Complex,5.0,Actual,5.0,No,834.4,Synthetic
1654,2024-05-17,NQO,Mumbai High Complex,5.3,Actual,5.3,No,850.8,Synthetic
1666,2024-05-18,NQO,Mumbai High Complex,5.0,Actual,5.0,No,861.0,Synthetic
1678,2024-05-19,NQO,Mumbai High Complex,5.4,Actual,5.4,No,853.0,Synthetic
1690,2024-05-20,NQO,Mumbai High Complex,5.1,Actual,5.1,No,864.8,Synthetic
1702,2024-05-21,NQO,Mumbai High Complex,5.3,Actual,5.3,No,811.4,Synthetic
1714,2024-05-22,NQO,Mumbai High Complex,5.3,Actual,5.3,No,830.6,Synthetic
1726,2024-05-23,NQO,Mumbai High Complex,5.1,Actual,5.1,No,813.0,Synthetic
1738,2024-05-24,NQO,Mumbai High Complex,5.3,Actual,5.3,No,825.3,Synthetic
1750,2024-05-25,NQO,Mumbai High Complex,5.2,Actual,5.2,No,860.2,Synthetic
1762,2024-05-26,NQO,Mumbai High Complex,5.0,Actual,5.0,No,837.8,Synthetic
1774,2024-05-27,NQO,Mumbai High Complex,5.3,Actual,5.3,No,898.1,Synthetic
1786,2024-05-28,NQO,Mumbai High Complex,5.4,Actual,5.4,No,836.7,Synthetic
1798,2024-05-29,NQO,Mumbai High Complex,5.4,Actual,5.4,No,832.7,Synthetic
1810,2024-05-30,NQO,Mumbai High Complex,5.3,Actual,5.3,No,833.6,Synthetic
1822,2024-05-31,NQO,Mumbai High Complex,5.2,Actual,5.2,No,814.9,Synthetic
1834,2024-06-01,NQO,Mumbai High Complex,5.1,Actual,5.1,No,829.2,Synthetic
1846,2024-06-02,NQO,Mumbai High Complex,5.5,Actual,5.5,No,856.1,Synthetic
1858,2024-06-03,NQO,Mumbai High Complex,5.2,Actual,5.2,No,831.7,Synthetic
1870,2024-06-04,NQO,Mumbai High Complex,5.4,Actual,5.4,No,807.5,Synthetic
1882,2024-06-05,NQO,Mumbai High Complex,5.1,Actual,5.1,No,805.0,Synthetic
1894,2024-06-06,NQO,Mumbai High Complex,5.3,Actual,5.3,No,815.2,Synthetic
1906,2024-06-07,NQO,Mumbai High Complex,5.2,Actual,5.2,No,828.0,Synthetic
1918,2024-06-08,NQO,Mumbai High Complex,5.4,Actual,5.4,No,854.1,Synthetic
1930,2024-06-09,NQO,Mumbai High Complex,5.1,Actual,5.1,No,792.1,Synthetic
1942,2024-06-10,NQO,Mumbai High Complex,5.3,Actual,5.3,No,815.8,Synthetic
1954,2024-06-11,NQO,Mumbai High Complex,4.9,Actual,4.9,No,828.5,Synthetic
1966,2024-06-12,NQO,Mumbai High Complex,4.8,Actual,4.8,No,779.4,Synthetic
1978,2024-06-13,NQO,Mumbai High Complex,4.8,Actual,4.8,No,803.5,Synthetic
1990,2024-06-14,NQO,Mumbai High Complex,4.8,Actual,4.8,No,806.7,Synthetic
2002,2024-06-15,NQO,Mumbai High Complex,4.5,Actual,4.5,No,804.5,Synthetic
2014,2024-06-16,NQO,Mumbai High Complex,4.6,Actual,4.6,No,827.8,Synthetic
2026,2024-06-17,NQO,Mumbai High Complex,4.7,Actual,4.7,No,818.0,Synthetic
2038,2024-06-18,NQO,Mumbai High Complex,4.5,Actual,4.5,No,808.5,Synthetic
2050,2024-06-19,NQO,Mumbai High Complex,4.5,Actual,4.5,No,832.1,Synthetic
2062,2024-06-20,NQO,Mumbai High Complex,4.5,Actual,4.5,No,863.4,Synthetic
2074,2024-06-21,NQO,Mumbai High Complex,4.7,Actual,4.7,No,859.6,Synthetic
2086,2024-06-22,NQO,Mumbai High Complex,8.9,Actual,8.9,No,753.2,Synthetic
2098,2024-06-23,NQO,Mumbai High Complex,4.4,Actual,4.4,No,833.6,Synthetic
2110,2024-06-24,NQO,Mumbai High Complex,4.2,Actual,4.2,No,815.3,Synthetic
2122,2024-06-25,NQO,Mumbai High Complex,4.2,Actual,4.2,No,822.9,Synthetic
2134,2024-06-26,NQO,Mumbai High Complex,4.3,Actual,4.3,No,808.2,Synthetic
2146,2024-06-27,NQO,Mumbai High Complex,4.3,Actual,4.3,No,820.2,Synthetic
2158,2024-06-28,NQO,Mumbai High Complex,4.4,Actual,4.4,No,819.9,Synthetic
2170,2024-06-29,NQO,Mumbai High Complex,4.4,Actual,4.4,No,801.4,Synthetic
2182,2024-06-30,NQO,Mumbai High Complex,4.4,Actual,4.4,No,793.0,Synthetic
2194,2024-07-01,NQO,Mumbai High Complex,4.4,Actual,4.4,No,803.3,Synthetic
2206,2024-07-02,NQO,Mumbai High Complex,4.4,Actual,4.4,No,819.3,Synthetic
2218,2024-07-03,NQO,Mumbai High Complex,4.4,Actual,4.4,No,827.5,Synthetic
2230,2024-07-04,NQO,Mumbai High Complex,4.4,Actual,4.4,No,833.1,Synthetic
2242,2024-07-05,NQO,Mumbai High Complex,4.4,Actual,4.4,No,799.6,Synthetic
2254,2024-07-06,NQO,Mumbai High Complex,4.4,Actual,4.4,No,817.9,Synthetic
2266,2024-07-07,NQO,Mumbai High Complex,4.4,Actual,4.4,No,833.7,Synthetic
2278,2024-07-08,NQO,Mumbai High Complex,4.4,Actual,4.4,No,838.0,Synthetic
2290,2024-07-09,NQO,Mumbai High Complex,5.0,Actual,5.0,No,804.9,Synthetic
2302,2024-07-10,NQO,Mumbai High Complex,4.8,Actual,4.8,No,801.2,Synthetic
2314,2024-07-11,NQO,Mumbai High Complex,4.8,Actual,4.8,No,810.6,Synthetic
2326,2024-07-12,NQO,Mumbai High Complex,4.8,Actual,4.8,No,777.5,Synthetic
2338,2024-07-13,NQO,Mumbai High Complex,4.2,Actual,4.2,No,802.7,Synthetic
2350,2024-07-14,NQO,Mumbai High Complex,4.2,Actual,4.2,No,824.8,Synthetic
2362,2024-07-15,NQO,Mumbai High Complex,4.2,Actual,4.2,No,821.6,Synthetic
2374,2024-07-16,NQO,Mumbai High Complex,3.5,Actual,3.5,No,802.1,Synthetic
2386,2024-07-17,NQO,Mumbai High Complex,3.5,Actual,3.5,No,813.3,Synthetic
2398,2024-07-18,NQO,Mumbai High Complex,3.7,Actual,3.7,No,786.5,Synthetic
2410,2024-07-19,NQO,Mumbai High Complex,3.8,Actual,3.8,No,822.3,Synthetic
2422,2024-07-20,NQO,Mumbai High Complex,3.9,Actual,3.9,No,802.4,Synthetic
2434,2024-07-21,NQO,Mumbai High Complex,4.0,Actual,4.0,No,796.5,Synthetic
2446,2024-07-22,NQO,Mumbai High Complex,4.0,Actual,4.0,No,793.8,Synthetic
2458,2024-07-23,NQO,Mumbai High Complex,3.9,Actual,3.9,No,800.8,Synthetic
2470,2024-07-24,NQO,Mumbai High Complex,3.9,Actual,3.9,No,790.9,Synthetic
2482,2024-07-25,NQO,Mumbai High Complex,3.9,Actual,3.9,No,816.9,Synthetic
2494,2024-07-26,NQO,Mumbai High Complex,3.7,Actual,3.7,No,791.8,Synthetic
2506,2024-07-27,NQO,Mumbai High Complex,3.7,Actual,3.7,No,838.9,Synthetic
2518,2024-07-28,NQO,Mumbai High Complex,3.7,Actual,3.7,No,835.2,Synthetic
2530,2024-07-29,NQO,Mumbai High Complex,3.7,Actual,3.7,No,778.0,Synthetic
2542,2024-07-30,NQO,Mumbai High Complex,3.7,Actual,3.7,No,800.4,Synthetic
2554,2024-07-31,NQO,Mumbai High Complex,3.7,Actual,3.7,No,782.6,Synthetic
2566,2024-08-01,NQO,Mumbai High Complex,3.7,Actual,3.7,No,789.7,Synthetic
2578,2024-08-02,NQO,Mumbai High Complex,3.9,Actual,3.9,No,843.8,Synthetic
2590,2024-08-03,NQO,Mumbai High Complex,3.9,Actual,3.9,No,788.0,Synthetic
2602,2024-08-04,NQO,Mumbai High Complex,3.9,Actual,3.9,No,803.3,Synthetic
2614,2024-08-05,NQO,Mumbai High Complex,4.1,Actual,4.1,No,806.1,Synthetic
2626,2024-08-06,NQO,Mumbai High Complex,4.1,Actual,4.1,No,768.8,Synthetic
2638,2024-08-07,NQO,Mumbai High Complex,4.1,Actual,4.1,No,771.6,Synthetic
2650,2024-08-08,NQO,Mumbai High Complex,4.6,Actual,4.6,No,760.5,Synthetic
2662,2024-08-09,NQO,Mumbai High Complex,4.4,Actual,4.4,No,768.3,Synthetic
2674,2024-08-10,NQO,Mumbai High Complex,4.5,Actual,4.5,No,720.8,Synthetic
2686,2024-08-11,NQO,Mumbai High Complex,4.5,Actual,4.5,No,800.5,Synthetic
2698,2024-08-12,NQO,Mumbai High Complex,4.6,Actual,4.6,No,835.0,Synthetic
2710,2024-08-13,NQO,Mumbai High Complex,4.7,Actual,4.7,No,789.0,Synthetic
2722,2024-08-14,NQO,Mumbai High Complex,4.7,Actual,4.7,No,751.5,Synthetic
2734,2024-08-15,NQO,Mumbai High Complex,4.7,Actual,4.7,No,769.1,Synthetic
2746,2024-08-16,NQO,Mumbai High Complex,4.7,Actual,4.7,No,772.8,Synthetic
2758,2024-08-17,NQO,Mumbai High Complex,4.9,Actual,4.9,No,758.2,Synthetic
2770,2024-08-18,NQO,Mumbai High Complex,4.9,Actual,4.9,No,801.6,Synthetic
2782,2024-08-19,NQO,Mumbai High Complex,4.9,Actual,4.9,No,799.8,Synthetic
2794,2024-08-20,NQO,Mumbai High Complex,4.9,Actual,4.9,No,753.2,Synthetic
2806,2024-08-21,NQO,Mumbai High Complex,4.9,Actual,4.9,No,796.6,Synthetic
2818,2024-08-22,NQO,Mumbai High Complex,4.9,Actual,4.9,No,814.7,Synthetic
2830,2024-08-23,NQO,Mumbai High Complex,4.3,Actual,4.3,No,825.6,Synthetic
2842,2024-08-24,NQO,Mumbai High Complex,4.6,Actual,4.6,No,846.0,Synthetic
2854,2024-08-25,NQO,Mumbai High Complex,4.5,Actual,4.5,No,757.8,Synthetic
2866,2024-08-26,NQO,Mumbai High Complex,4.4,Actual,4.4,No,844.7,Synthetic
2878,2024-08-27,NQO,Mumbai High Complex,4.4,Actual,4.4,No,769.8,Synthetic
2890,2024-08-28,NQO,Mumbai High Complex,4.4,Actual,4.4,No,763.6,Synthetic
2902,2024-08-29,NQO,Mumbai High Complex,4.6,Actual,4.6,No,783.6,Synthetic
2914,2024-08-30,NQO,Mumbai High Complex,4.5,Actual,4.5,No,762.2,Synthetic
2926,2024-08-31,NQO,Mumbai High Complex,4.2,Actual,4.2,No,785.8,Synthetic
2938,2024-09-01,NQO,Mumbai High Complex,4.2,Actual,4.2,No,745.1,Synthetic
2950,2024-09-02,NQO,Mumbai High Complex,4.3,Actual,4.3,No,769.3,Synthetic
2962,2024-09-03,NQO,Mumbai High Complex,4.2,Actual,4.2,No,804.5,Synthetic
2974,2024-09-04,NQO,Mumbai High Complex,4.2,Actual,4.2,No,772.7,Synthetic
2986,2024-09-05,NQO,Mumbai High Complex,4.1,Actual,4.1,No,777.1,Synthetic
2998,2024-09-06,NQO,Mumbai High Complex,4.5,Actual,4.5,No,782.5,Synthetic
3010,2024-09-07,NQO,Mumbai High Complex,6.0,Actual,6.0,No,791.2,Synthetic
3022,2024-09-08,NQO,Mumbai High Complex,4.0,Actual,4.0,No,734.1,Synthetic
3034,2024-09-09,NQO,Mumbai High Complex,4.1,Actual,4.1,No,784.9,Synthetic
3046,2024-09-10,NQO,Mumbai High Complex,4.1,Actual,4.1,No,764.6,Synthetic
3058,2024-09-11,NQO,Mumbai High Complex,4.1,Actual,4.1,No,774.0,Synthetic
3070,2024-09-12,NQO,Mumbai High Complex,4.5,Actual,4.5,No,792.2,Synthetic
3082,2024-09-13,NQO,Mumbai High Complex,4.5,Actual,4.5,No,739.7,Synthetic
3094,2024-09-14,NQO,Mumbai High Complex,4.5,Actual,4.5,No,743.3,Synthetic
3106,2024-09-15,NQO,Mumbai High Complex,4.4,Actual,4.4,No,721.9,Synthetic
3118,2024-09-16,NQO,Mumbai High Complex,4.6,Actual,4.6,No,752.3,Synthetic
3130,2024-09-17,NQO,Mumbai High Complex,4.6,Actual,4.6,No,794.8,Synthetic
3142,2024-09-18,NQO,Mumbai High Complex,4.5,Actual,4.5,No,761.4,Synthetic
3154,2024-09-19,NQO,Mumbai High Complex,4.5,Actual,4.5,No,732.8,Synthetic
3166,2024-09-20,NQO,Mumbai High Complex,4.3,Actual,4.3,No,752.7,Synthetic
3178,2024-09-21,NQO,Mumbai High Complex,4.5,Actual,4.5,No,728.3,Synthetic
3190,2024-09-22,NQO,Mumbai High Complex,4.5,Actual,4.5,No,736.0,Synthetic
3202,2024-09-23,NQO,Mumbai High Complex,4.5,Actual,4.5,No,770.0,Synthetic
3214,2024-09-24,NQO,Mumbai High Complex,4.5,Actual,4.5,No,733.7,Synthetic
3226,2024-09-25,NQO,Mumbai High Complex,4.5,Actual,4.5,No,785.3,Synthetic
3238,2024-09-26,NQO,Mumbai High Complex,4.5,Actual,4.5,No,757.7,Synthetic
3250,2024-09-27,NQO,Mumbai High Complex,4.5,Actual,4.5,No,760.6,Synthetic
3262,2024-09-28,NQO,Mumbai High Complex,4.1,Actual,4.1,No,753.4,Synthetic
3274,2024-09-29,NQO,Mumbai High Complex,4.2,Actual,4.2,No,776.3,Synthetic
3286,2024-09-30,NQO,Mumbai High Complex,4.5,Actual,4.5,No,774.7,Synthetic
3298,2024-10-01,NQO,Mumbai High Complex,4.5,Actual,4.5,No,763.9,Synthetic
3310,2024-10-02,NQO,Mumbai High Complex,4.4,Actual,4.4,No,768.9,Synthetic
3322,2024-10-03,NQO,Mumbai High Complex,4.3,Actual,4.3,No,751.1,Synthetic
3334,2024-10-04,NQO,Mumbai High Complex,4.2,Actual,4.2,No,768.0,Synthetic
3346,2024-10-05,NQO,Mumbai High Complex,4.2,Actual,4.2,No,747.5,Synthetic
3358,2024-10-06,NQO,Mumbai High Complex,4.2,Actual,4.2,No,754.6,Synthetic
3370,2024-10-07,NQO,Mumbai High Complex,4.4,Actual,4.4,No,746.9,Synthetic
3382,2024-10-08,NQO,Mumbai High Complex,4.4,Actual,4.4,No,742.2,Synthetic
3394,2024-10-09,NQO,Mumbai High Complex,4.4,Actual,4.4,No,736.3,Synthetic
3406,2024-10-10,NQO,Mumbai High Complex,4.5,Actual,4.5,No,761.4,Synthetic
3418,2024-10-11,NQO,Mumbai High Complex,4.5,Actual,4.5,No,779.8,Synthetic
3430,2024-10-12,NQO,Mumbai High Complex,4.5,Actual,4.5,No,776.0,Synthetic
3442,2024-10-13,NQO,Mumbai High Complex,4.5,Actual,4.5,No,720.8,Synthetic
3454,2024-10-14,NQO,Mumbai High Complex,4.5,Actual,4.5,No,777.4,Synthetic
3466,2024-10-15,NQO,Mumbai High Complex,4.5,Actual,4.5,No,740.7,Synthetic
3478,2024-10-16,NQO,Mumbai High Complex,4.5,Actual,4.5,No,760.8,Synthetic
3490,2024-10-17,NQO,Mumbai High Complex,4.5,Actual,4.5,No,726.4,Synthetic
3502,2024-10-18,NQO,Mumbai High Complex,4.5,Actual,4.5,No,749.3,Synthetic
3514,2024-10-19,NQO,Mumbai High Complex,4.5,Actual,4.5,No,752.5,Synthetic
3526,2024-10-20,NQO,Mumbai High Complex,5.2,Actual,5.2,No,708.9,Synthetic
3538,2024-10-21,NQO,Mumbai High Complex,5.2,Actual,5.2,No,754.9,Synthetic
3550,2024-10-22,NQO,Mumbai High Complex,5.8,Actual,5.8,No,768.1,Synthetic
3562,2024-10-23,NQO,Mumbai High Complex,5.8,Actual,5.8,No,733.8,Synthetic
3574,2024-10-24,NQO,Mumbai High Complex,3.8,Actual,3.8,No,775.9,Synthetic
3586,2024-10-25,NQO,Mumbai High Complex,3.8,Actual,3.8,No,740.6,Synthetic
3598,2024-10-26,NQO,Mumbai High Complex,3.8,Actual,3.8,No,763.3,Synthetic
3610,2024-10-27,NQO,Mumbai High Complex,3.9,Actual,3.9,No,693.8,Synthetic
3622,2024-10-28,NQO,Mumbai High Complex,3.9,Actual,3.9,No,796.6,Synthetic
3634,2024-10-29,NQO,Mumbai High Complex,4.3,Actual,4.3,No,773.6,Synthetic
3646,2024-10-30,NQO,Mumbai High Complex,4.3,Actual,4.3,No,733.5,Synthetic
3658,2024-10-31,NQO,Mumbai High Complex,4.3,Actual,4.3,No,695.5,Synthetic
3670,2024-11-01,NQO,Mumbai High Complex,4.3,Actual,4.3,No,745.0,Synthetic
3682,2024-11-02,NQO,Mumbai High Complex,4.4,Actual,4.4,No,705.7,Synthetic
3694,2024-11-03,NQO,Mumbai High Complex,4.2,Actual,4.2,No,747.7,Synthetic
3706,2024-11-04,NQO,Mumbai High Complex,4.1,Actual,4.1,No,746.8,Synthetic
3718,2024-11-05,NQO,Mumbai High Complex,4.1,Actual,4.1,No,716.3,Synthetic
3730,2024-11-06,NQO,Mumbai High Complex,4.3,Actual,4.3,No,760.5,Synthetic
3742,2024-11-07,NQO,Mumbai High Complex,4.2,Actual,4.2,No,753.3,Synthetic
3754,2024-11-08,NQO,Mumbai High Complex,4.2,Actual,4.2,No,756.5,Synthetic
3766,2024-11-09,NQO,Mumbai High Complex,4.2,Actual,4.2,No,734.6,Synthetic
3778,2024-11-10,NQO,Mumbai High Complex,4.2,Actual,4.2,No,702.6,Synthetic
3790,2024-11-11,NQO,Mumbai High Complex,4.2,Actual,4.2,No,754.7,Synthetic
3802,2024-11-12,NQO,Mumbai High Complex,4.2,Actual,4.2,No,726.7,Synthetic
3814,2024-11-13,NQO,Mumbai High Complex,4.2,Actual,4.2,No,701.5,Synthetic
3826,2024-11-14,NQO,Mumbai High Complex,4.2,Actual,4.2,No,761.1,Synthetic
3838,2024-11-15,NQO,Mumbai High Complex,3.8,Actual,3.8,No,778.7,Synthetic
3850,2024-11-16,NQO,Mumbai High Complex,3.8,Actual,3.8,No,731.0,Synthetic
3862,2024-11-17,NQO,Mumbai High Complex,3.8,Actual,3.8,No,778.7,Synthetic
3874,2024-11-18,NQO,Mumbai High Complex,3.8,Actual,3.8,No,732.8,Synthetic
3886,2024-11-19,NQO,Mumbai High Complex,3.8,Actual,3.8,No,721.9,Synthetic
3898,2024-11-20,NQO,Mumbai High Complex,4.0,Actual,4.0,No,715.0,Synthetic
3910,2024-11-21,NQO,Mumbai High Complex,4.0,Actual,4.0,No,764.0,Synthetic
3922,2024-11-22,NQO,Mumbai High Complex,4.1,Actual,4.1,No,710.2,Synthetic
3934,2024-11-23,NQO,Mumbai High Complex,4.1,Actual,4.1,No,742.7,Synthetic
3946,2024-11-24,NQO,Mumbai High Complex,4.1,Actual,4.1,No,713.9,Synthetic
3958,2024-11-25,NQO,Mumbai High Complex,3.8,Actual,3.8,No,716.7,Synthetic
3970,2024-11-26,NQO,Mumbai High Complex,4.1,Actual,4.1,No,747.3,Synthetic
3982,2024-11-27,NQO,Mumbai High Complex,4.1,Actual,4.1,No,716.1,Synthetic
3994,2024-11-28,NQO,Mumbai High Complex,5.6,Actual,5.6,No,708.9,Synthetic
4006,2024-11-29,NQO,Mumbai High Complex,4.5,Actual,4.5,No,746.1,Synthetic
4018,2024-11-30,NQO,Mumbai High Complex,4.5,Actual,4.5,No,755.5,Synthetic
4030,2024-12-01,NQO,Mumbai High Complex,4.5,Actual,4.5,No,734.3,Synthetic
4042,2024-12-02,NQO,Mumbai High Complex,5.0,Actual,5.0,No,703.7,Synthetic
4054,2024-12-03,NQO,Mumbai High Complex,5.0,Actual,5.0,No,706.2,Synthetic
4066,2024-12-04,NQO,Mumbai High Complex,5.0,Actual,5.0,No,718.4,Synthetic
4078,2024-12-05,NQO,Mumbai High Complex,5.0,Actual,5.0,No,723.0,Synthetic
4090,2024-12-06,NQO,Mumbai High Complex,3.9,Actual,3.9,No,698.6,Synthetic
4102,2024-12-07,NQO,Mumbai High Complex,3.9,Actual,3.9,No,735.0,Synthetic
4114,2024-12-08,NQO,Mumbai High Complex,3.9,Actual,3.9,No,720.7,Synthetic
4126,2024-12-09,NQO,Mumbai High Complex,3.9,Actual,3.9,No,681.3,Synthetic
4138,2024-12-10,NQO,Mumbai High Complex,3.9,Actual,3.9,No,697.7,Synthetic
4150,2024-12-11,NQO,Mumbai High Complex,3.9,Actual,3.9,No,706.3,Synthetic
4162,2024-12-12,NQO,Mumbai High Complex,3.9,Actual,3.9,No,715.0,Synthetic
4174,2024-12-13,NQO,Mumbai High Complex,4.1,Actual,4.1,No,755.7,Synthetic
4186,2024-12-14,NQO,Mumbai High Complex,4.1,Actual,4.1,No,719.7,Synthetic
4198,2024-12-15,NQO,Mumbai High Complex,4.0,Actual,4.0,No,696.4,Synthetic
4210,2024-12-16,NQO,Mumbai High Complex,4.0,Actual,4.0,No,718.6,Synthetic
4222,2024-12-17,NQO,Mumbai High Complex,4.0,Actual,4.0,No,705.8,Synthetic
4234,2024-12-18,NQO,Mumbai High Complex,4.0,Actual,4.0,No,719.7,Synthetic
4246,2024-12-19,NQO,Mumbai High Complex,4.2,Actual,4.2,No,723.7,Synthetic
4258,2024-12-20,NQO,Mumbai High Complex,4.2,Actual,4.2,No,736.6,Synthetic
4270,2024-12-21,NQO,Mumbai High Complex,4.2,Actual,4.2,No,709.7,Synthetic
4282,2024-12-22,NQO,Mumbai High Complex,4.2,Actual,4.2,No,744.6,Synthetic
4294,2024-12-23,NQO,Mumbai High Complex,3.8,Actual,3.8,No,730.0,Synthetic
4306,2024-12-24,NQO,Mumbai High Complex,3.8,Actual,3.8,No,695.1,Synthetic
4318,2024-12-25,NQO,Mumbai High Complex,4.2,Actual,4.2,No,754.9,Synthetic
4330,2024-12-26,NQO,Mumbai High Complex,4.2,Actual,4.2,No,714.3,Synthetic
4342,2024-12-27,NQO,Mumbai High Complex,4.6,Actual,4.6,No,687.6,Synthetic
4354,2024-12-28,NQO,Mumbai High Complex,4.6,Actual,4.6,No,739.6,Synthetic
4366,2024-12-29,NQO,Mumbai High Complex,4.8,Actual,4.8,No,747.2,Synthetic
4378,2024-12-30,NQO,Mumbai High Complex,4.0,Actual,4.0,No,705.2,Synthetic
4390,2024-12-31,NQO,Mumbai High Complex,4.5,Actual,4.5,No,692.8,Synthetic
4402,2025-01-01,NQO,Mumbai High Complex,4.5,Actual,4.5,No,699.2,Synthetic
4414,2025-01-02,NQO,Mumbai High Complex,4.3,Actual,4.3,No,718.1,Synthetic
4426,2025-01-03,NQO,Mumbai High Complex,4.3,Actual,4.3,No,729.4,Synthetic
4438,2025-01-04,NQO,Mumbai High Complex,4.3,Actual,4.3,No,714.0,Synthetic
4450,2025-01-05,NQO,Mumbai High Complex,4.3,Actual,4.3,No,703.5,Synthetic
4462,2025-01-06,NQO,Mumbai High Complex,4.0,Actual,4.0,No,733.6,Synthetic
4474,2025-01-07,NQO,Mumbai High Complex,4.0,Actual,4.0,No,694.9,Synthetic
4486,2025-01-08,NQO,Mumbai High Complex,4.3,Actual,4.3,No,721.4,Synthetic
4498,2025-01-09,NQO,Mumbai High Complex,4.3,Actual,4.3,No,693.1,Synthetic
4510,2025-01-10,NQO,Mumbai High Complex,4.3,Actual,4.3,No,707.6,Synthetic
4522,2025-01-11,NQO,Mumbai High Complex,3.9,Actual,3.9,No,697.2,Synthetic
4534,2025-01-12,NQO,Mumbai High Complex,3.9,Actual,3.9,No,697.9,Synthetic
4546,2025-01-13,NQO,Mumbai High Complex,3.9,Actual,3.9,No,690.6,Synthetic
4558,2025-01-14,NQO,Mumbai High Complex,3.9,Actual,3.9,No,726.1,Synthetic
4570,2025-01-15,NQO,Mumbai High Complex,3.3,Actual,3.3,No,684.4,Synthetic
4582,2025-01-16,NQO,Mumbai High Complex,3.3,Actual,3.3,No,683.7,Synthetic
4594,2025-01-17,NQO,Mumbai High Complex,3.3,Actual,3.3,No,743.1,Synthetic
4606,2025-01-18,NQO,Mumbai High Complex,3.3,Actual,3.3,No,718.6,Synthetic
4618,2025-01-19,NQO,Mumbai High Complex,3.3,Actual,3.3,No,647.6,Synthetic
4630,2025-01-20,NQO,Mumbai High Complex,3.3,Actual,3.3,No,685.2,Synthetic
4642,2025-01-21,NQO,Mumbai High Complex,3.3,Actual,3.3,No,658.6,Synthetic
4654,2025-01-22,NQO,Mumbai High Complex,3.3,Actual,3.3,No,676.0,Synthetic
4666,2025-01-23,NQO,Mumbai High Complex,3.3,Actual,3.3,No,629.8,Synthetic
4678,2025-01-24,NQO,Mumbai High Complex,3.3,Actual,3.3,No,691.9,Synthetic
4690,2025-01-25,NQO,Mumbai High Complex,3.3,Actual,3.3,No,670.4,Synthetic
4702,2025-01-26,NQO,Mumbai High Complex,3.3,Actual,3.3,No,694.9,Synthetic
4714,2025-01-27,NQO,Mumbai High Complex,3.3,Actual,3.3,No,659.3,Synthetic
4726,2025-01-28,NQO,Mumbai High Complex,3.3,Actual,3.3,No,694.3,Synthetic
4738,2025-01-29,NQO,Mumbai High Complex,3.3,Actual,3.3,No,683.4,Synthetic
4750,2025-01-30,NQO,Mumbai High Complex,3.3,Actual,3.3,No,722.6,Synthetic
4762,2025-01-31,NQO,Mumbai High Complex,3.0,Actual,3.0,No,721.4,Synthetic
4774,2025-02-01,NQO,Mumbai High Complex,2.9,Actual,2.9,No,708.2,Synthetic
4786,2025-02-02,NQO,Mumbai High Complex,2.9,Actual,2.9,No,684.6,Synthetic
4798,2025-02-03,NQO,Mumbai High Complex,3.2,Actual,3.2,No,730.7,Synthetic
4810,2025-02-04,NQO,Mumbai High Complex,3.2,Actual,3.2,No,657.0,Synthetic
4822,2025-02-05,NQO,Mumbai High Complex,2.5,Actual,2.5,No,662.1,Synthetic
4834,2025-02-06,NQO,Mumbai High Complex,2.5,Actual,2.5,No,688.9,Synthetic
4846,2025-02-07,NQO,Mumbai High Complex,2.4,Actual,2.4,No,737.2,Synthetic
4858,2025-02-08,NQO,Mumbai High Complex,2.8,Actual,2.8,No,684.2,Synthetic
4870,2025-02-09,NQO,Mumbai High Complex,2.8,Actual,2.8,No,684.1,Synthetic
4882,2025-02-10,NQO,Mumbai High Complex,3.1,Actual,3.1,No,656.5,Synthetic
4894,2025-02-11,NQO,Mumbai High Complex,3.1,Actual,3.1,No,705.1,Synthetic
4906,2025-02-12,NQO,Mumbai High Complex,2.9,Actual,2.9,No,705.5,Synthetic
4918,2025-02-13,NQO,Mumbai High Complex,2.8,Actual,2.8,No,701.9,Synthetic
4930,2025-02-14,NQO,Mumbai High Complex,3.6,Actual,3.6,No,669.2,Synthetic
4942,2025-02-15,NQO,Mumbai High Complex,3.6,Actual,3.6,No,667.1,Synthetic
4954,2025-02-16,NQO,Mumbai High Complex,3.6,Actual,3.6,No,654.6,Synthetic
4966,2025-02-17,NQO,Mumbai High Complex,3.2,Actual,3.2,No,683.7,Synthetic
4978,2025-02-18,NQO,Mumbai High Complex,3.2,Actual,3.2,No,659.4,Synthetic
4990,2025-02-19,NQO,Mumbai High Complex,3.2,Actual,3.2,No,656.8,Synthetic
5002,2025-02-20,NQO,Mumbai High Complex,3.2,Actual,3.2,No,671.7,Synthetic
5014,2025-02-21,NQO,Mumbai High Complex,3.2,Actual,3.2,No,669.8,Synthetic
5026,2025-02-22,NQO,Mumbai High Complex,3.2,Actual,3.2,No,668.3,Synthetic
5038,2025-02-23,NQO,Mumbai High Complex,3.2,Actual,3.2,No,688.2,Synthetic
5050,2025-02-24,NQO,Mumbai High Complex,3.2,Actual,3.2,No,679.8,Synthetic
5062,2025-02-25,NQO,Mumbai High Complex,3.2,Actual,3.2,No,671.8,Synthetic
5074,2025-02-26,NQO,Mumbai High Complex,3.2,Actual,3.2,No,680.8,Synthetic
5086,2025-02-27,NQO,Mumbai High Complex,3.2,Actual,3.2,No,656.4,Synthetic
5098,2025-02-28,NQO,Mumbai High Complex,3.0,Actual,3.0,No,678.9,Synthetic
5110,2025-03-01,NQO,Mumbai High Complex,3.0,Actual,3.0,No,679.3,Synthetic
5122,2025-03-02,NQO,Mumbai High Complex,3.2,Actual,3.2,No,644.5,Synthetic
5134,2025-03-03,NQO,Mumbai High Complex,3.0,Actual,3.0,No,695.3,Synthetic
5146,2025-03-04,NQO,Mumbai High Complex,3.0,Actual,3.0,No,656.8,Synthetic
5158,2025-03-05,NQO,Mumbai High Complex,3.0,Actual,3.0,No,675.9,Synthetic
5170,2025-03-06,NQO,Mumbai High Complex,2.9,Actual,2.9,No,697.5,Synthetic
5182,2025-03-07,NQO,Mumbai High Complex,3.0,Actual,3.0,No,691.7,Synthetic
5194,2025-03-08,NQO,Mumbai High Complex,3.0,Actual,3.0,No,673.2,Synthetic
5206,2025-03-09,NQO,Mumbai High Complex,3.0,Actual,3.0,No,664.7,Synthetic
5218,2025-03-10,NQO,Mumbai High Complex,3.0,Actual,3.0,No,690.5,Synthetic
5230,2025-03-11,NQO,Mumbai High Complex,2.8,Actual,2.8,No,685.2,Synthetic
5242,2025-03-12,NQO,Mumbai High Complex,2.8,Actual,2.8,No,658.7,Synthetic
5254,2025-03-13,NQO,Mumbai High Complex,2.8,Actual,2.8,No,654.6,Synthetic
5266,2025-03-14,NQO,Mumbai High Complex,2.9,Actual,2.9,No,628.0,Synthetic
5278,2025-03-15,NQO,Mumbai High Complex,3.0,Actual,3.0,No,671.8,Synthetic
5290,2025-03-16,NQO,Mumbai High Complex,2.7,Actual,2.7,No,667.7,Synthetic
5302,2025-03-17,NQO,Mumbai High Complex,3.9,Actual,3.9,No,687.0,Synthetic
5314,2025-03-18,NQO,Mumbai High Complex,3.9,Actual,3.9,No,671.0,Synthetic
5326,2025-03-19,NQO,Mumbai High Complex,3.9,Actual,3.9,No,689.8,Synthetic
5338,2025-03-20,NQO,Mumbai High Complex,3.0,Actual,3.0,No,652.2,Synthetic
5350,2025-03-21,NQO,Mumbai High Complex,3.0,Actual,3.0,No,688.3,Synthetic
5362,2025-03-22,NQO,Mumbai High Complex,2.7,Actual,2.7,No,655.6,Synthetic
5374,2025-03-23,NQO,Mumbai High Complex,2.6,Actual,2.6,No,681.5,Synthetic
5386,2025-03-24,NQO,Mumbai High Complex,2.6,Actual,2.6,No,636.3,Synthetic
5398,2025-03-25,NQO,Mumbai High Complex,2.6,Actual,2.6,No,669.6,Synthetic
5410,2025-03-26,NQO,Mumbai High Complex,2.8,Actual,2.8,No,624.1,Synthetic
5422,2025-03-27,NQO,Mumbai High Complex,2.9,Actual,2.9,No,657.5,Synthetic
5434,2025-03-28,NQO,Mumbai High Complex,2.7,Actual,2.7,No,671.7,Synthetic
5446,2025-03-29,NQO,Mumbai High Complex,2.9,Actual,2.9,No,651.4,Synthetic
5458,2025-03-30,NQO,Mumbai High Complex,2.9,Actual,2.9,No,640.3,Synthetic
5470,2025-03-31,NQO,Mumbai High Complex,2.8,Actual,2.8,No,677.8,Synthetic
5482,2025-04-01,NQO,Mumbai High Complex,2.9,Actual,2.9,No,658.1,Synthetic
5494,2025-04-02,NQO,Mumbai High Complex,2.9,Actual,2.9,No,649.9,Synthetic
5506,2025-04-03,NQO,Mumbai High Complex,3.1,Actual,3.1,No,659.2,Synthetic
5518,2025-04-04,NQO,Mumbai High Complex,2.9,Actual,2.9,No,710.6,Synthetic
5530,2025-04-05,NQO,Mumbai High Complex,2.9,Actual,2.9,No,680.8,Synthetic
5542,2025-04-06,NQO,Mumbai High Complex,2.8,Actual,2.8,No,680.8,Synthetic
5554,2025-04-07,NQO,Mumbai High Complex,2.8,Actual,2.8,No,665.9,Synthetic
5566,2025-04-08,NQO,Mumbai High Complex,2.8,Actual,2.8,No,660.1,Synthetic
5578,2025-04-09,NQO,Mumbai High Complex,2.8,Actual,2.8,No,609.1,Synthetic
5590,2025-04-10,NQO,Mumbai High Complex,2.6,Actual,2.6,No,643.1,Synthetic
5602,2025-04-11,NQO,Mumbai High Complex,2.6,Actual,2.6,No,646.5,Synthetic
5614,2025-04-12,NQO,Mumbai High Complex,2.8,Actual,2.8,No,617.9,Synthetic
5626,2025-04-13,NQO,Mumbai High Complex,2.7,Actual,2.7,No,631.9,Synthetic
5638,2025-04-14,NQO,Mumbai High Complex,2.7,Actual,2.7,No,615.2,Synthetic
5650,2025-04-15,NQO,Mumbai High Complex,2.8,Actual,2.8,No,652.4,Synthetic
5662,2025-04-16,NQO,Mumbai High Complex,2.8,Actual,2.8,No,668.7,Synthetic
5674,2025-04-17,NQO,Mumbai High Complex,2.8,Actual,2.8,No,673.8,Synthetic
5686,2025-04-18,NQO,Mumbai High Complex,2.8,Actual,2.8,No,659.7,Synthetic
5698,2025-04-19,NQO,Mumbai High Complex,2.8,Actual,2.8,No,632.3,Synthetic
5710,2025-04-20,NQO,Mumbai High Complex,2.9,Actual,2.9,No,612.5,Synthetic
5722,2025-04-21,NQO,Mumbai High Complex,0.0,Actual,0.0,No,625.4,Synthetic
5734,2025-04-22,NQO,Mumbai High Complex,2.6,Actual,2.6,No,625.5,Synthetic
5746,2025-04-23,NQO,Mumbai High Complex,3.2,Actual,3.2,No,630.3,Synthetic
5758,2025-04-24,NQO,Mumbai High Complex,3.2,Actual,3.2,No,644.0,Synthetic
5770,2025-04-25,NQO,Mumbai High Complex,3.2,Actual,3.2,No,626.9,Synthetic
5782,2025-04-26,NQO,Mumbai High Complex,3.2,Actual,3.2,No,652.6,Synthetic
5794,2025-04-27,NQO,Mumbai High Complex,3.2,Actual,3.2,No,641.0,Synthetic
5806,2025-04-28,NQO,Mumbai High Complex,3.2,Actual,3.2,No,645.2,Synthetic
5818,2025-04-29,NQO,Mumbai High Complex,3.2,Actual,3.2,No,666.5,Synthetic
5830,2025-04-30,NQO,Mumbai High Complex,3.4,Actual,3.4,No,620.5,Synthetic
5842,2025-05-01,NQO,Mumbai High Complex,3.7,Actual,3.7,No,649.7,Synthetic
5854,2025-05-02,NQO,Mumbai High Complex,3.7,Actual,3.7,No,640.9,Synthetic
5866,2025-05-03,NQO,Mumbai High Complex,3.7,Actual,3.7,No,634.2,Synthetic
5878,2025-05-04,NQO,Mumbai High Complex,3.7,Actual,3.7,No,657.1,Synthetic
5890,2025-05-05,NQO,Mumbai High Complex,3.6,Actual,3.6,No,656.9,Synthetic
5902,2025-05-06,NQO,Mumbai High Complex,3.6,Actual,3.6,No,621.3,Synthetic
5914,2025-05-07,NQO,Mumbai High Complex,3.5,Actual,3.5,No,635.8,Synthetic
5926,2025-05-08,NQO,Mumbai High Complex,3.6,Actual,3.6,No,643.8,Synthetic
5938,2025-05-09,NQO,Mumbai High Complex,3.3,Actual,3.3,No,633.8,Synthetic
5950,2025-05-10,NQO,Mumbai High Complex,3.6,Actual,3.6,No,648.6,Synthetic
5962,2025-05-11,NQO,Mumbai High Complex,3.6,Actual,3.6,No,642.3,Synthetic
5974,2025-05-12,NQO,Mumbai High Complex,3.5,Actual,3.5,No,671.8,Synthetic
5986,2025-05-13,NQO,Mumbai High Complex,3.3,Actual,3.3,No,607.7,Synthetic
5998,2025-05-14,NQO,Mumbai High Complex,3.5,Actual,3.5,No,633.4,Synthetic
6010,2025-05-15,NQO,Mumbai High Complex,3.5,Actual,3.5,No,617.9,Synthetic
6022,2025-05-16,NQO,Mumbai High Complex,3.5,Actual,3.5,No,646.3,Synthetic
6034,2025-05-17,NQO,Mumbai High Complex,3.7,Actual,3.7,No,602.8,Synthetic
6046,2025-05-18,NQO,Mumbai High Complex,3.7,Actual,3.7,No,639.6,Synthetic
6058,2025-05-19,NQO,Mumbai High Complex,3.7,Actual,3.7,No,620.6,Synthetic
6070,2025-05-20,NQO,Mumbai High Complex,3.7,Actual,3.7,No,618.1,Synthetic
6082,2025-05-21,NQO,Mumbai High Complex,3.7,Actual,3.7,No,604.1,Synthetic
6094,2025-05-22,NQO,Mumbai High Complex,3.2,Actual,3.2,No,624.0,Synthetic
6106,2025-05-23,NQO,Mumbai High Complex,3.2,Actual,3.2,No,652.9,Synthetic
6118,2025-05-24,NQO,Mumbai High Complex,3.2,Actual,3.2,No,631.3,Synthetic
6130,2025-05-25,NQO,Mumbai High Complex,3.2,Actual,3.2,No,643.2,Synthetic
6142,2025-05-26,NQO,Mumbai High Complex,3.2,Actual,3.2,No,662.3,Synthetic
6154,2025-05-27,NQO,Mumbai High Complex,3.6,Actual,3.6,No,633.8,Synthetic
6166,2025-05-28,NQO,Mumbai High Complex,3.0,Actual,3.0,No,619.9,Synthetic
6178,2025-05-29,NQO,Mumbai High Complex,3.0,Actual,3.0,No,638.8,Synthetic
6190,2025-05-30,NQO,Mumbai High Complex,3.3,Actual,3.3,No,618.2,Synthetic
6202,2025-05-31,NQO,Mumbai High Complex,3.4,Actual,3.4,No,618.1,Synthetic
6214,2025-06-01,NQO,Mumbai High Complex,3.5,Actual,3.5,No,598.1,Synthetic
6226,2025-06-02,NQO,Mumbai High Complex,3.2,Actual,3.2,No,644.7,Synthetic
6238,2025-06-03,NQO,Mumbai High Complex,3.5,Actual,3.5,No,618.5,Synthetic
6250,2025-06-04,NQO,Mumbai High Complex,3.4,Actual,3.4,No,629.0,Synthetic
6262,2025-06-05,NQO,Mumbai High Complex,3.8,Actual,3.8,No,604.3,Synthetic
6274,2025-06-06,NQO,Mumbai High Complex,3.8,Actual,3.8,No,631.3,Synthetic
6286,2025-06-07,NQO,Mumbai High Complex,3.0,Actual,3.0,No,611.2,Synthetic
6298,2025-06-08,NQO,Mumbai High Complex,3.0,Actual,3.0,No,622.3,Synthetic
6310,2025-06-09,NQO,Mumbai High Complex,3.2,Actual,3.2,No,640.2,Synthetic
6322,2025-06-10,NQO,Mumbai High Complex,3.1,Actual,3.1,No,638.4,Synthetic
6334,2025-06-11,NQO,Mumbai High Complex,3.6,Actual,3.6,No,621.0,Synthetic
6346,2025-06-12,NQO,Mumbai High Complex,3.5,Actual,3.5,No,588.3,Synthetic
6358,2025-06-13,NQO,Mumbai High Complex,3.5,Actual,3.5,No,676.5,Synthetic
6370,2025-06-14,NQO,Mumbai High Complex,3.4,Actual,3.4,No,653.1,Synthetic
6382,2025-06-15,NQO,Mumbai High Complex,3.5,Actual,3.5,No,633.2,Synthetic
6394,2025-06-16,NQO,Mumbai High Complex,3.4,Actual,3.4,No,605.6,Synthetic
6406,2025-06-17,NQO,Mumbai High Complex,3.7,Actual,3.7,No,616.0,Synthetic
6418,2025-06-18,NQO,Mumbai High Complex,3.8,Actual,3.8,No,607.2,Synthetic
6430,2025-06-19,NQO,Mumbai High Complex,3.5,Actual,3.5,No,641.2,Synthetic
6442,2025-06-20,NQO,Mumbai High Complex,4.0,Actual,4.0,No,620.4,Synthetic
6454,2025-06-21,NQO,Mumbai High Complex,4.0,Actual,4.0,No,600.6,Synthetic
6466,2025-06-22,NQO,Mumbai High Complex,3.6,Actual,3.6,No,607.3,Synthetic
6478,2025-06-23,NQO,Mumbai High Complex,3.4,Actual,3.4,No,636.9,Synthetic
6490,2025-06-24,NQO,Mumbai High Complex,3.4,Actual,3.4,No,645.2,Synthetic
6502,2025-06-25,NQO,Mumbai High Complex,3.3,Actual,3.3,No,643.8,Synthetic
6514,2025-06-26,NQO,Mumbai High Complex,3.3,Actual,3.3,No,629.0,Synthetic
6526,2025-06-27,NQO,Mumbai High Complex,3.6,Actual,3.6,No,608.9,Synthetic
6538,2025-06-28,NQO,Mumbai High Complex,3.6,Actual,3.6,No,553.4,Synthetic
6550,2025-06-29,NQO,Mumbai High Complex,3.4,Actual,3.4,No,618.7,Synthetic
6562,2025-06-30,NQO,Mumbai High Complex,3.5,Actual,3.5,No,612.4,Synthetic
6574,2025-07-01,NQO,Mumbai High Complex,3.4,Actual,3.4,No,614.8,Synthetic
6586,2025-07-02,NQO,Mumbai High Complex,3.5,Actual,3.5,No,612.4,Synthetic
6598,2025-07-03,NQO,Mumbai High Complex,3.6,Actual,3.6,No,586.3,Synthetic
6610,2025-07-04,NQO,Mumbai High Complex,3.4,Actual,3.4,No,621.0,Synthetic
6622,2025-07-05,NQO,Mumbai High Complex,3.4,Actual,3.4,No,621.9,Synthetic
6634,2025-07-06,NQO,Mumbai High Complex,3.4,Actual,3.4,No,622.3,Synthetic
6646,2025-07-07,NQO,Mumbai High Complex,3.2,Actual,3.2,No,627.4,Synthetic
6658,2025-07-08,NQO,Mumbai High Complex,3.6,Actual,3.6,No,619.2,Synthetic
6670,2025-07-09,NQO,Mumbai High Complex,3.4,Actual,3.4,No,600.9,Synthetic
6682,2025-07-10,NQO,Mumbai High Complex,3.5,Actual,3.5,No,606.3,Synthetic
6694,2025-07-11,NQO,Mumbai High Complex,3.4,Actual,3.4,No,609.1,Synthetic
6706,2025-07-12,NQO,Mumbai High Complex,3.0,Actual,3.0,No,610.3,Synthetic
6718,2025-07-13,NQO,Mumbai High Complex,3.4,Actual,3.4,No,624.6,Synthetic
6730,2025-07-14,NQO,Mumbai High Complex,3.4,Actual,3.4,No,617.7,Synthetic
6742,2025-07-15,NQO,Mumbai High Complex,3.3,Actual,3.3,No,643.6,Synthetic
6754,2025-07-16,NQO,Mumbai High Complex,3.3,Actual,3.3,No,645.4,Synthetic
6766,2025-07-17,NQO,Mumbai High Complex,3.4,Actual,3.4,No,606.0,Synthetic
6778,2025-07-18,NQO,Mumbai High Complex,3.5,Actual,3.5,No,534.2,Synthetic
6790,2025-07-19,NQO,Mumbai High Complex,3.3,Actual,3.3,No,626.3,Synthetic
6802,2025-07-20,NQO,Mumbai High Complex,3.0,Actual,3.0,No,594.6,Synthetic
6814,2025-07-21,NQO,Mumbai High Complex,3.2,Actual,3.2,No,588.8,Synthetic
6826,2025-07-22,NQO,Mumbai High Complex,3.5,Actual,3.5,No,594.6,Synthetic
6838,2025-07-23,NQO,Mumbai High Complex,3.4,Actual,3.4,No,593.6,Synthetic
6850,2025-07-24,NQO,Mumbai High Complex,3.6,Actual,3.6,No,611.5,Synthetic
6862,2025-07-25,NQO,Mumbai High Complex,3.9,Actual,3.9,No,571.0,Synthetic
6874,2025-07-26,NQO,Mumbai High Complex,3.5,Actual,3.5,No,580.5,Synthetic
6886,2025-07-27,NQO,Mumbai High Complex,3.4,Actual,3.4,No,605.9,Synthetic
6898,2025-07-28,NQO,Mumbai High Complex,3.6,Actual,3.6,No,609.8,Synthetic
6910,2025-07-29,NQO,Mumbai High Complex,3.5,Actual,3.5,No,609.9,Synthetic
6922,2025-07-30,NQO,Mumbai High Complex,3.3,Actual,3.3,No,584.5,Synthetic
6934,2025-07-31,NQO,Mumbai High Complex,3.7,Actual,3.7,No,579.3,Synthetic
6946,2025-08-01,NQO,Mumbai High Complex,3.4,Actual,3.4,No,588.3,Synthetic
6958,2025-08-02,NQO,Mumbai High Complex,4.8,Actual,4.8,No,596.4,Synthetic
6970,2025-08-03,NQO,Mumbai High Complex,4.8,Actual,4.8,No,618.1,Synthetic
6982,2025-08-04,NQO,Mumbai High Complex,2.9,Actual,2.9,No,560.9,Synthetic
6994,2025-08-05,NQO,Mumbai High Complex,3.0,Actual,3.0,No,592.8,Synthetic
7006,2025-08-06,NQO,Mumbai High Complex,3.3,Actual,3.3,No,571.5,Synthetic
7018,2025-08-07,NQO,Mumbai High Complex,3.3,Actual,3.3,No,565.3,Synthetic
7030,2025-08-08,NQO,Mumbai High Complex,3.3,Actual,3.3,No,611.6,Synthetic
7042,2025-08-09,NQO,Mumbai High Complex,3.1,Actual,3.1,No,604.3,Synthetic
7054,2025-08-10,NQO,Mumbai High Complex,3.1,Actual,3.1,No,602.1,Synthetic
7066,2025-08-11,NQO,Mumbai High Complex,3.2,Actual,3.2,No,609.7,Synthetic
7078,2025-08-12,NQO,Mumbai High Complex,3.2,Actual,3.2,No,584.3,Synthetic
7090,2025-08-13,NQO,Mumbai High Complex,3.2,Actual,3.2,No,584.6,Synthetic
7102,2025-08-14,NQO,Mumbai High Complex,3.2,Actual,3.2,No,630.7,Synthetic
7114,2025-08-15,NQO,Mumbai High Complex,3.2,Actual,3.2,No,587.0,Synthetic
7126,2025-08-16,NQO,Mumbai High Complex,3.1,Actual,3.1,No,604.3,Synthetic
7138,2025-08-17,NQO,Mumbai High Complex,3.4,Actual,3.4,No,589.9,Synthetic
7150,2025-08-18,NQO,Mumbai High Complex,3.5,Actual,3.5,No,556.3,Synthetic
7162,2025-08-19,NQO,Mumbai High Complex,3.5,Actual,3.5,No,552.4,Synthetic
7174,2025-08-20,NQO,Mumbai High Complex,3.4,Actual,3.4,No,578.1,Synthetic
7186,2025-08-21,NQO,Mumbai High Complex,3.5,Actual,3.5,No,606.2,Synthetic
7198,2025-08-22,NQO,Mumbai High Complex,3.5,Actual,3.5,No,601.0,Synthetic
7210,2025-08-23,NQO,Mumbai High Complex,3.5,Actual,3.5,No,602.7,Synthetic
7222,2025-08-24,NQO,Mumbai High Complex,3.4,Actual,3.4,No,569.1,Synthetic
7234,2025-08-25,NQO,Mumbai High Complex,3.5,Actual,3.5,No,614.1,Synthetic
7246,2025-08-26,NQO,Mumbai High Complex,3.4,Actual,3.4,No,568.6,Synthetic
7258,2025-08-27,NQO,Mumbai High Complex,3.5,Actual,3.5,No,588.5,Synthetic
7270,2025-08-28,NQO,Mumbai High Complex,3.6,Actual,3.6,No,583.8,Synthetic
7282,2025-08-29,NQO,Mumbai High Complex,3.5,Actual,3.5,No,580.8,Synthetic
7294,2025-08-30,NQO,Mumbai High Complex,3.3,Actual,3.3,No,607.5,Synthetic
7306,2025-08-31,NQO,Mumbai High Complex,3.5,Actual,3.5,No,570.6,Synthetic
7318,2025-09-01,NQO,Mumbai High Complex,3.5,Actual,3.5,No,558.9,Synthetic
7330,2025-09-02,NQO,Mumbai High Complex,3.5,Actual,3.5,No,582.3,Synthetic
7342,2025-09-03,NQO,Mumbai High Complex,3.3,Actual,3.3,No,575.2,Synthetic
7354,2025-09-04,NQO,Mumbai High Complex,3.3,Actual,3.3,No,640.6,Synthetic
7366,2025-09-05,NQO,Mumbai High Complex,3.4,Actual,3.4,No,592.7,Synthetic
7378,2025-09-06,NQO,Mumbai High Complex,3.4,Actual,3.4,No,573.3,Synthetic
7390,2025-09-07,NQO,Mumbai High Complex,3.4,Actual,3.4,No,561.6,Synthetic
7402,2025-09-08,NQO,Mumbai High Complex,3.4,Actual,3.4,No,546.8,Synthetic
7414,2025-09-09,NQO,Mumbai High Complex,3.5,Actual,3.5,No,560.9,Synthetic
7426,2025-09-10,NQO,Mumbai High Complex,3.3,Actual,3.3,No,580.9,Synthetic
7438,2025-09-11,NQO,Mumbai High Complex,3.4,Actual,3.4,No,602.9,Synthetic
7450,2025-09-12,NQO,Mumbai High Complex,3.3,Actual,3.3,No,597.5,Synthetic
7462,2025-09-13,NQO,Mumbai High Complex,3.4,Actual,3.4,No,581.2,Synthetic
7474,2025-09-14,NQO,Mumbai High Complex,3.4,Actual,3.4,No,571.2,Synthetic
7486,2025-09-15,NQO,Mumbai High Complex,3.4,Actual,3.4,No,581.0,Synthetic
7498,2025-09-16,NQO,Mumbai High Complex,3.2,Actual,3.2,No,567.5,Synthetic
7510,2025-09-17,NQO,Mumbai High Complex,3.2,Actual,3.2,No,605.7,Synthetic
7522,2025-09-18,NQO,Mumbai High Complex,3.3,Actual,3.3,No,572.0,Synthetic
7534,2025-09-19,NQO,Mumbai High Complex,3.4,Actual,3.4,No,573.0,Synthetic
7546,2025-09-20,NQO,Mumbai High Complex,3.5,Actual,3.5,No,535.6,Synthetic
7558,2025-09-21,NQO,Mumbai High Complex,3.7,Actual,3.7,No,569.2,Synthetic
7570,2025-09-22,NQO,Mumbai High Complex,3.5,Actual,3.5,No,587.2,Synthetic
7582,2025-09-23,NQO,Mumbai High Complex,3.7,Actual,3.7,No,553.4,Synthetic
7594,2025-09-24,NQO,Mumbai High Complex,3.5,Actual,3.5,No,559.0,Synthetic
7606,2025-09-25,NQO,Mumbai High Complex,3.5,Actual,3.5,No,585.0,Synthetic
7618,2025-09-26,NQO,Mumbai High Complex,3.5,Actual,3.5,No,545.7,Synthetic
7630,2025-09-27,NQO,Mumbai High Complex,3.4,Actual,3.4,No,588.9,Synthetic
7642,2025-09-28,NQO,Mumbai High Complex,3.3,Actual,3.3,No,561.6,Synthetic
7654,2025-09-29,NQO,Mumbai High Complex,3.4,Actual,3.4,No,563.3,Synthetic
7666,2025-09-30,NQO,Mumbai High Complex,3.8,Actual,3.8,No,549.0,Synthetic
7678,2025-10-01,NQO,Mumbai High Complex,3.4,Actual,3.4,No,575.5,Synthetic
7690,2025-10-02,NQO,Mumbai High Complex,3.4,Actual,3.4,No,610.5,Synthetic
7702,2025-10-03,NQO,Mumbai High Complex,3.4,Actual,3.4,No,581.4,Synthetic
7714,2025-10-04,NQO,Mumbai High Complex,3.8,Actual,3.8,No,551.7,Synthetic
7726,2025-10-05,NQO,Mumbai High Complex,3.3,Actual,3.3,No,586.9,Synthetic
7738,2025-10-06,NQO,Mumbai High Complex,3.4,Actual,3.4,No,561.4,Synthetic
7750,2025-10-07,NQO,Mumbai High Complex,3.3,Actual,3.3,No,590.0,Synthetic
7762,2025-10-08,NQO,Mumbai High Complex,3.5,Actual,3.5,No,579.2,Synthetic
7774,2025-10-09,NQO,Mumbai High Complex,3.5,Actual,3.5,No,515.2,Synthetic
7786,2025-10-10,NQO,Mumbai High Complex,3.5,Actual,3.5,No,547.6,Synthetic
7798,2025-10-11,NQO,Mumbai High Complex,3.5,Actual,3.5,No,580.2,Synthetic
7810,2025-10-12,NQO,Mumbai High Complex,4.5,Actual,4.5,No,563.1,Synthetic
7822,2025-10-13,NQO,Mumbai High Complex,5.6,Actual,5.6,No,539.6,Synthetic
7834,2025-10-14,NQO,Mumbai High Complex,4.5,Actual,4.5,No,549.0,Synthetic
7846,2025-10-15,NQO,Mumbai High Complex,5.6,Actual,5.6,No,524.0,Synthetic
7858,2025-10-16,NQO,Mumbai High Complex,5.6,Actual,5.6,No,553.8,Synthetic
7870,2025-10-17,NQO,Mumbai High Complex,5.2,Actual,5.2,No,593.0,Synthetic
7882,2025-10-18,NQO,Mumbai High Complex,5.2,Actual,5.2,No,569.1,Synthetic
7894,2025-10-19,NQO,Mumbai High Complex,5.1,Actual,5.1,No,592.1,Synthetic
7906,2025-10-20,NQO,Mumbai High Complex,5.1,Actual,5.1,No,569.8,Synthetic
7918,2025-10-21,NQO,Mumbai High Complex,5.1,Actual,5.1,No,571.8,Synthetic
7930,2025-10-22,NQO,Mumbai High Complex,4.4,Actual,4.4,No,589.4,Synthetic
7942,2025-10-23,NQO,Mumbai High Complex,4.6,Actual,4.6,No,561.7,Synthetic
7954,2025-10-24,NQO,Mumbai High Complex,4.6,Actual,4.6,No,551.8,Synthetic
7966,2025-10-25,NQO,Mumbai High Complex,4.5,Actual,4.5,No,572.0,Synthetic
7978,2025-10-26,NQO,Mumbai High Complex,3.8,Actual,3.8,No,580.8,Synthetic
7990,2025-10-27,NQO,Mumbai High Complex,3.3,Actual,3.3,No,549.6,Synthetic
8002,2025-10-28,NQO,Mumbai High Complex,3.2,Actual,3.2,No,545.5,Synthetic
8014,2025-10-29,NQO,Mumbai High Complex,3.4,Actual,3.4,No,558.8,Synthetic
8026,2025-10-30,NQO,Mumbai High Complex,3.4,Actual,3.4,No,569.9,Synthetic
8038,2025-10-31,NQO,Mumbai High Complex,3.4,Actual,3.4,No,568.9,Synthetic
8050,2025-11-01,NQO,Mumbai High Complex,3.5,Actual,3.5,No,531.1,Synthetic
8062,2025-11-02,NQO,Mumbai High Complex,3.5,Actual,3.5,No,586.2,Synthetic
8074,2025-11-03,NQO,Mumbai High Complex,3.4,Actual,3.4,No,543.6,Synthetic
8086,2025-11-04,NQO,Mumbai High Complex,3.6,Actual,3.6,No,548.8,Synthetic
8098,2025-11-05,NQO,Mumbai High Complex,3.7,Actual,3.7,No,537.5,Synthetic
8110,2025-11-06,NQO,Mumbai High Complex,3.7,Actual,3.7,No,596.7,Synthetic
8122,2025-11-07,NQO,Mumbai High Complex,3.7,Actual,3.7,No,555.6,Synthetic
8134,2025-11-08,NQO,Mumbai High Complex,3.6,Actual,3.6,No,537.4,Synthetic
8146,2025-11-09,NQO,Mumbai High Complex,3.6,Actual,3.6,No,565.3,Synthetic
8158,2025-11-10,NQO,Mumbai High Complex,3.6,Actual,3.6,No,563.3,Synthetic
8170,2025-11-11,NQO,Mumbai High Complex,3.6,Actual,3.6,No,547.0,Synthetic
8182,2025-11-12,NQO,Mumbai High Complex,3.6,Actual,3.6,No,563.5,Synthetic
8194,2025-11-13,NQO,Mumbai High Complex,3.9,Actual,3.9,No,534.7,Synthetic
8206,2025-11-14,NQO,Mumbai High Complex,3.9,Actual,3.9,No,539.8,Synthetic
8218,2025-11-15,NQO,Mumbai High Complex,3.5,Actual,3.5,No,515.6,Synthetic
8230,2025-11-16,NQO,Mumbai High Complex,3.5,Actual,3.5,No,526.5,Synthetic
8242,2025-11-17,NQO,Mumbai High Complex,3.5,Actual,3.5,No,577.5,Synthetic
8254,2025-11-18,NQO,Mumbai High Complex,4.2,Actual,4.2,No,572.1,Synthetic
8266,2025-11-19,NQO,Mumbai High Complex,4.2,Actual,4.2,No,545.9,Synthetic
8278,2025-11-20,NQO,Mumbai High Complex,4.2,Actual,4.2,No,571.5,Synthetic
8290,2025-11-21,NQO,Mumbai High Complex,3.8,Actual,3.8,No,542.5,Synthetic
8302,2025-11-22,NQO,Mumbai High Complex,3.8,Actual,3.8,No,540.7,Synthetic
8314,2025-11-23,NQO,Mumbai High Complex,4.5,Actual,4.5,No,543.0,Synthetic
8326,2025-11-24,NQO,Mumbai High Complex,4.4,Actual,4.4,No,540.0,Synthetic
8338,2025-11-25,NQO,Mumbai High Complex,4.6,Actual,4.6,No,537.5,Synthetic
8350,2025-11-26,NQO,Mumbai High Complex,5.6,Actual,5.6,No,555.9,Synthetic
8362,2025-11-27,NQO,Mumbai High Complex,4.4,Actual,4.4,No,543.1,Synthetic
8374,2025-11-28,NQO,Mumbai High Complex,4.4,Actual,4.4,No,551.8,Synthetic
8386,2025-11-29,NQO,Mumbai High Complex,4.4,Actual,4.4,No,556.6,Synthetic
8398,2025-11-30,NQO,Mumbai High Complex,4.4,Actual,4.4,No,545.7,Synthetic
8410,2025-12-01,NQO,Mumbai High Complex,4.4,Actual,4.4,No,523.3,Synthetic
8422,2025-12-02,NQO,Mumbai High Complex,4.0,Actual,4.0,No,517.9,Synthetic
8434,2025-12-03,NQO,Mumbai High Complex,4.0,Actual,4.0,No,541.8,Synthetic
8446,2025-12-04,NQO,Mumbai High Complex,5.0,Actual,5.0,No,533.1,Synthetic
8458,2025-12-05,NQO,Mumbai High Complex,5.0,Actual,5.0,No,536.9,Synthetic
8470,2025-12-06,NQO,Mumbai High Complex,5.0,Actual,5.0,No,534.8,Synthetic
8482,2025-12-07,NQO,Mumbai High Complex,5.0,Actual,5.0,No,576.0,Synthetic
8494,2025-12-08,NQO,Mumbai High Complex,4.7,Actual,4.7,No,513.7,Synthetic
8506,2025-12-09,NQO,Mumbai High Complex,4.2,Actual,4.2,No,504.2,Synthetic
8518,2025-12-10,NQO,Mumbai High Complex,4.2,Actual,4.2,No,541.1,Synthetic
8530,2025-12-11,NQO,Mumbai High Complex,4.2,Actual,4.2,No,529.3,Synthetic
8542,2025-12-12,NQO,Mumbai High Complex,4.7,Actual,4.7,No,538.4,Synthetic
8554,2025-12-13,NQO,Mumbai High Complex,4.2,Actual,4.2,No,543.8,Synthetic
8566,2025-12-14,NQO,Mumbai High Complex,4.5,Actual,4.5,No,553.7,Synthetic
8578,2025-12-15,NQO,Mumbai High Complex,4.5,Actual,4.5,No,508.6,Synthetic
8590,2025-12-16,NQO,Mumbai High Complex,4.5,Actual,4.5,No,523.4,Synthetic
8602,2025-12-17,NQO,Mumbai High Complex,4.5,Actual,4.5,No,538.7,Synthetic
8614,2025-12-18,NQO,Mumbai High Complex,4.4,Actual,4.4,No,544.0,Synthetic
8626,2025-12-19,NQO,Mumbai High Complex,4.2,Actual,4.2,No,566.9,Synthetic
8638,2025-12-20,NQO,Mumbai High Complex,4.5,Actual,4.5,No,545.8,Synthetic
8650,2025-12-21,NQO,Mumbai High Complex,4.5,Actual,4.5,No,529.3,Synthetic
8662,2025-12-22,NQO,Mumbai High Complex,4.5,Actual,4.5,No,515.6,Synthetic
8674,2025-12-23,NQO,Mumbai High Complex,4.5,Actual,4.5,No,520.4,Synthetic
8686,2025-12-24,NQO,Mumbai High Complex,4.4,Actual,4.4,No,519.8,Synthetic
8698,2025-12-25,NQO,Mumbai High Complex,4.2,Actual,4.2,No,539.8,Synthetic
8710,2025-12-26,NQO,Mumbai High Complex,4.2,Actual,4.2,No,533.0,Synthetic
8722,2025-12-27,NQO,Mumbai High Complex,4.4,Actual,4.4,No,507.0,Synthetic
8734,2025-12-28,NQO,Mumbai High Complex,4.4,Actual,4.4,No,520.6,Synthetic
8746,2025-12-29,NQO,Mumbai High Complex,4.3,Actual,4.3,No,541.3,Synthetic
8758,2025-12-30,NQO,Mumbai High Complex,4.3,Actual,4.3,No,532.5,Synthetic
8770,2025-12-31,NQO,Mumbai High Complex,4.4,Actual,4.4,No,535.2,Synthetic
8782,2026-01-01,NQO,Mumbai High Complex,4.2,Actual,4.2,No,532.5,Synthetic
8794,2026-01-02,NQO,Mumbai High Complex,4.9,Actual,4.9,No,549.5,Synthetic
8806,2026-01-03,NQO,Mumbai High Complex,5.9,Actual,5.9,No,524.3,Synthetic
8818,2026-01-04,NQO,Mumbai High Complex,4.4,Actual,4.4,No,518.5,Synthetic
8830,2026-01-05,NQO,Mumbai High Complex,4.4,Actual,4.4,No,509.8,Synthetic
8842,2026-01-06,NQO,Mumbai High Complex,4.4,Actual,4.4,No,527.7,Synthetic
8854,2026-01-07,NQO,Mumbai High Complex,4.8,Actual,4.8,No,483.9,Synthetic
8866,2026-01-08,NQO,Mumbai High Complex,4.8,Actual,4.8,No,518.9,Synthetic
8878,2026-01-09,NQO,Mumbai High Complex,4.2,Actual,4.2,No,519.9,Synthetic
8890,2026-01-10,NQO,Mumbai High Complex,4.3,Actual,4.3,No,501.0,Synthetic
8902,2026-01-11,NQO,Mumbai High Complex,4.4,Actual,4.4,No,507.1,Synthetic
8914,2026-01-12,NQO,Mumbai High Complex,4.4,Actual,4.4,No,533.9,Synthetic
8926,2026-01-13,NQO,Mumbai High Complex,4.4,Actual,4.4,No,524.5,Synthetic
8938,2026-01-14,NQO,Mumbai High Complex,4.3,Actual,4.3,No,522.3,Synthetic
8950,2026-01-15,NQO,Mumbai High Complex,4.3,Actual,4.3,No,525.1,Synthetic
8962,2026-01-16,NQO,Mumbai High Complex,4.5,Actual,4.5,No,520.8,Synthetic
8974,2026-01-17,NQO,Mumbai High Complex,4.5,Actual,4.5,No,538.2,Synthetic
8986,2026-01-18,NQO,Mumbai High Complex,4.9,Actual,4.9,No,519.2,Synthetic
8998,2026-01-19,NQO,Mumbai High Complex,4.4,Actual,4.4,No,495.7,Synthetic
9010,2026-01-20,NQO,Mumbai High Complex,4.5,Actual,4.5,No,543.0,Synthetic
9022,2026-01-21,NQO,Mumbai High Complex,4.5,Actual,4.5,No,523.0,Synthetic
9034,2026-01-22,NQO,Mumbai High Complex,4.5,Actual,4.5,No,507.7,Synthetic
9046,2026-01-23,NQO,Mumbai High Complex,4.4,Actual,4.4,No,497.3,Synthetic
9058,2026-01-24,NQO,Mumbai High Complex,4.4,Actual,4.4,No,522.4,Synthetic
9070,2026-01-25,NQO,Mumbai High Complex,4.4,Actual,4.4,No,514.1,Synthetic
9082,2026-01-26,NQO,Mumbai High Complex,4.5,Actual,4.5,No,539.5,Synthetic
9094,2026-01-27,NQO,Mumbai High Complex,4.5,Actual,4.5,No,509.4,Synthetic
9106,2026-01-28,NQO,Mumbai High Complex,4.1,Actual,4.1,No,502.6,Synthetic
9118,2026-01-29,NQO,Mumbai High Complex,4.3,Actual,4.3,No,528.4,Synthetic
9130,2026-01-30,NQO,Mumbai High Complex,4.3,Actual,4.3,No,528.4,Synthetic
9142,2026-01-31,NQO,Mumbai High Complex,4.2,Actual,4.2,No,516.6,Synthetic
9154,2026-02-01,NQO,Mumbai High Complex,4.1,Actual,4.1,No,524.3,Synthetic
9166,2026-02-02,NQO,Mumbai High Complex,4.1,Actual,4.1,No,512.9,Synthetic
9178,2026-02-03,NQO,Mumbai High Complex,4.2,Actual,4.2,No,516.4,Synthetic
9190,2026-02-04,NQO,Mumbai High Complex,4.3,Actual,4.3,No,530.0,Synthetic
9202,2026-02-05,NQO,Mumbai High Complex,4.3,Actual,4.3,No,521.3,Synthetic
9214,2026-02-06,NQO,Mumbai High Complex,4.0,Actual,4.0,No,509.5,Synthetic
9226,2026-02-07,NQO,Mumbai High Complex,4.2,Actual,4.2,No,531.9,Synthetic
9238,2026-02-08,NQO,Mumbai High Complex,4.2,Actual,4.2,No,474.5,Synthetic
9250,2026-02-09,NQO,Mumbai High Complex,4.2,Actual,4.2,No,541.8,Synthetic
9262,2026-02-10,NQO,Mumbai High Complex,4.4,Actual,4.4,No,483.3,Synthetic
9274,2026-02-11,NQO,Mumbai High Complex,4.4,Actual,4.4,No,499.4,Synthetic
9286,2026-02-12,NQO,Mumbai High Complex,4.4,Actual,4.4,No,507.9,Synthetic
9298,2026-02-13,NQO,Mumbai High Complex,4.4,Actual,4.4,No,505.9,Synthetic
9310,2026-02-14,NQO,Mumbai High Complex,4.5,Actual,4.5,No,522.8,Synthetic
9322,2026-02-15,NQO,Mumbai High Complex,4.4,Actual,4.4,No,491.2,Synthetic
9334,2026-02-16,NQO,Mumbai High Complex,4.4,Actual,4.4,No,510.9,Synthetic
9346,2026-02-17,NQO,Mumbai High Complex,4.4,Actual,4.4,No,497.7,Synthetic
9358,2026-02-18,NQO,Mumbai High Complex,4.4,Actual,4.4,No,510.6,Synthetic
9370,2026-02-19,NQO,Mumbai High Complex,4.4,Actual,4.4,No,504.7,Synthetic
9382,2026-02-20,NQO,Mumbai High Complex,4.4,Actual,4.4,No,506.7,Synthetic
9394,2026-02-21,NQO,Mumbai High Complex,4.4,Actual,4.4,No,496.6,Synthetic
9406,2026-02-22,NQO,Mumbai High Complex,4.4,Actual,4.4,No,496.8,Synthetic
9418,2026-02-23,NQO,Mumbai High Complex,4.4,Actual,4.4,No,508.5,Synthetic
9430,2026-02-24,NQO,Mumbai High Complex,4.4,Actual,4.4,No,518.0,Synthetic
11,2024-01-01,SHP,Mumbai High Complex,4.5,Actual,4.5,No,823.6,Synthetic
23,2024-01-02,SHP,Mumbai High Complex,4.7,Actual,4.7,No,814.6,Synthetic
35,2024-01-03,SHP,Mumbai High Complex,4.5,Actual,4.5,No,851.4,Synthetic
47,2024-01-04,SHP,Mumbai High Complex,4.2,Actual,4.2,No,835.3,Synthetic
59,2024-01-05,SHP,Mumbai High Complex,4.4,Actual,4.4,No,854.6,Synthetic
71,2024-01-06,SHP,Mumbai High Complex,4.6,Actual,4.6,No,809.0,Synthetic
83,2024-01-07,SHP,Mumbai High Complex,4.6,Actual,4.6,No,786.0,Synthetic
95,2024-01-08,SHP,Mumbai High Complex,4.6,Actual,4.6,No,815.7,Synthetic
107,2024-01-09,SHP,Mumbai High Complex,4.3,Actual,4.3,No,810.0,Synthetic
119,2024-01-10,SHP,Mumbai High Complex,4.9,Actual,4.9,No,823.0,Synthetic
131,2024-01-11,SHP,Mumbai High Complex,4.7,Actual,4.7,No,808.8,Synthetic
143,2024-01-12,SHP,Mumbai High Complex,5.5,Actual,5.5,No,837.8,Synthetic
155,2024-01-13,SHP,Mumbai High Complex,4.7,Actual,4.7,No,814.9,Synthetic
167,2024-01-14,SHP,Mumbai High Complex,4.9,Actual,4.9,No,823.5,Synthetic
179,2024-01-15,SHP,Mumbai High Complex,5.0,Actual,5.0,No,821.9,Synthetic
191,2024-01-16,SHP,Mumbai High Complex,4.3,Actual,4.3,No,824.8,Synthetic
203,2024-01-17,SHP,Mumbai High Complex,4.9,Actual,4.9,No,815.3,Synthetic
215,2024-01-18,SHP,Mumbai High Complex,5.0,Actual,5.0,No,826.6,Synthetic
227,2024-01-19,SHP,Mumbai High Complex,5.3,Actual,5.3,No,792.1,Synthetic
239,2024-01-20,SHP,Mumbai High Complex,5.2,Actual,5.2,No,844.7,Synthetic
251,2024-01-21,SHP,Mumbai High Complex,4.8,Actual,4.8,No,805.5,Synthetic
263,2024-01-22,SHP,Mumbai High Complex,4.9,Actual,4.9,No,777.7,Synthetic
275,2024-01-23,SHP,Mumbai High Complex,4.8,Actual,4.8,No,813.2,Synthetic
287,2024-01-24,SHP,Mumbai High Complex,4.8,Actual,4.8,No,786.8,Synthetic
299,2024-01-25,SHP,Mumbai High Complex,5.2,Actual,5.2,No,820.4,Synthetic
311,2024-01-26,SHP,Mumbai High Complex,4.9,Actual,4.9,No,857.7,Synthetic
323,2024-01-27,SHP,Mumbai High Complex,5.4,Actual,5.4,No,782.0,Synthetic
335,2024-01-28,SHP,Mumbai High Complex,5.2,Actual,5.2,No,808.5,Synthetic
347,2024-01-29,SHP,Mumbai High Complex,5.1,Actual,5.1,No,757.6,Synthetic
359,2024-01-30,SHP,Mumbai High Complex,4.9,Actual,4.9,No,810.2,Synthetic
371,2024-01-31,SHP,Mumbai High Complex,4.9,Actual,4.9,No,776.9,Synthetic
383,2024-02-01,SHP,Mumbai High Complex,4.7,Actual,4.7,No,782.8,Synthetic
395,2024-02-02,SHP,Mumbai High Complex,4.8,Actual,4.8,No,769.7,Synthetic
407,2024-02-03,SHP,Mumbai High Complex,5.7,Actual,5.7,No,808.1,Synthetic
419,2024-02-04,SHP,Mumbai High Complex,5.2,Actual,5.2,No,815.7,Synthetic
431,2024-02-05,SHP,Mumbai High Complex,5.2,Actual,5.2,No,791.0,Synthetic
443,2024-02-06,SHP,Mumbai High Complex,5.8,Actual,5.8,No,766.2,Synthetic
455,2024-02-07,SHP,Mumbai High Complex,5.3,Actual,5.3,No,825.1,Synthetic
467,2024-02-08,SHP,Mumbai High Complex,5.7,Actual,5.7,No,766.9,Synthetic
479,2024-02-09,SHP,Mumbai High Complex,4.4,Actual,4.4,No,737.9,Synthetic
491,2024-02-10,SHP,Mumbai High Complex,4.9,Actual,4.9,No,796.4,Synthetic
503,2024-02-11,SHP,Mumbai High Complex,4.1,Actual,4.1,No,761.8,Synthetic
515,2024-02-12,SHP,Mumbai High Complex,4.6,Actual,4.6,No,807.7,Synthetic
527,2024-02-13,SHP,Mumbai High Complex,4.2,Actual,4.2,No,776.0,Synthetic
539,2024-02-14,SHP,Mumbai High Complex,4.6,Actual,4.6,No,796.1,Synthetic
551,2024-02-15,SHP,Mumbai High Complex,4.7,Actual,4.7,No,813.1,Synthetic
563,2024-02-16,SHP,Mumbai High Complex,4.1,Actual,4.1,No,753.4,Synthetic
575,2024-02-17,SHP,Mumbai High Complex,4.2,Actual,4.2,No,766.8,Synthetic
587,2024-02-18,SHP,Mumbai High Complex,4.5,Actual,4.5,No,775.7,Synthetic
599,2024-02-19,SHP,Mumbai High Complex,4.7,Actual,4.7,No,811.2,Synthetic
611,2024-02-20,SHP,Mumbai High Complex,4.5,Actual,4.5,No,759.7,Synthetic
623,2024-02-21,SHP,Mumbai High Complex,4.4,Actual,4.4,No,760.5,Synthetic
635,2024-02-22,SHP,Mumbai High Complex,4.3,Actual,4.3,No,784.6,Synthetic
647,2024-02-23,SHP,Mumbai High Complex,4.5,Actual,4.5,No,758.0,Synthetic
659,2024-02-24,SHP,Mumbai High Complex,4.5,Actual,4.5,No,773.7,Synthetic
671,2024-02-25,SHP,Mumbai High Complex,4.3,Actual,4.3,No,734.0,Synthetic
683,2024-02-26,SHP,Mumbai High Complex,4.2,Actual,4.2,No,820.1,Synthetic
695,2024-02-27,SHP,Mumbai High Complex,4.5,Actual,4.5,No,735.5,Synthetic
707,2024-02-28,SHP,Mumbai High Complex,4.3,Actual,4.3,No,758.8,Synthetic
719,2024-02-29,SHP,Mumbai High Complex,5.1,Actual,5.1,No,760.8,Synthetic
731,2024-03-01,SHP,Mumbai High Complex,4.9,Actual,4.9,No,804.9,Synthetic
743,2024-03-02,SHP,Mumbai High Complex,4.7,Actual,4.7,No,730.6,Synthetic
755,2024-03-03,SHP,Mumbai High Complex,4.6,Actual,4.6,No,805.3,Synthetic
767,2024-03-04,SHP,Mumbai High Complex,4.3,Actual,4.3,No,777.4,Synthetic
779,2024-03-05,SHP,Mumbai High Complex,4.0,Actual,4.0,No,769.8,Synthetic
791,2024-03-06,SHP,Mumbai High Complex,4.2,Actual,4.2,No,735.8,Synthetic
803,2024-03-07,SHP,Mumbai High Complex,4.4,Actual,4.4,No,769.1,Synthetic
815,2024-03-08,SHP,Mumbai High Complex,4.7,Actual,4.7,No,737.3,Synthetic
827,2024-03-09,SHP,Mumbai High Complex,5.1,Actual,5.1,No,779.3,Synthetic
839,2024-03-10,SHP,Mumbai High Complex,5.6,Actual,5.6,No,725.7,Synthetic
851,2024-03-11,SHP,Mumbai High Complex,4.2,Actual,4.2,No,749.7,Synthetic
863,2024-03-12,SHP,Mumbai High Complex,3.7,Actual,3.7,No,740.6,Synthetic
875,2024-03-13,SHP,Mumbai High Complex,3.9,Actual,3.9,No,728.9,Synthetic
887,2024-03-14,SHP,Mumbai High Complex,4.4,Actual,4.4,No,764.5,Synthetic
899,2024-03-15,SHP,Mumbai High Complex,4.8,Actual,4.8,No,757.0,Synthetic
911,2024-03-16,SHP,Mumbai High Complex,4.7,Actual,4.7,No,771.2,Synthetic
923,2024-03-17,SHP,Mumbai High Complex,4.7,Actual,4.7,No,703.4,Synthetic
935,2024-03-18,SHP,Mumbai High Complex,4.5,Actual,4.5,No,766.4,Synthetic
947,2024-03-19,SHP,Mumbai High Complex,4.1,Actual,4.1,No,799.1,Synthetic
959,2024-03-20,SHP,Mumbai High Complex,4.2,Actual,4.2,No,731.6,Synthetic
971,2024-03-21,SHP,Mumbai High Complex,4.0,Actual,4.0,No,783.5,Synthetic
983,2024-03-22,SHP,Mumbai High Complex,4.3,Actual,4.3,No,733.1,Synthetic
995,2024-03-23,SHP,Mumbai High Complex,4.6,Actual,4.6,No,706.2,Synthetic
1007,2024-03-24,SHP,Mumbai High Complex,4.8,Actual,4.8,No,727.8,Synthetic
1019,2024-03-25,SHP,Mumbai High Complex,5.1,Actual,5.1,No,755.1,Synthetic
1031,2024-03-26,SHP,Mumbai High Complex,5.1,Actual,5.1,No,712.6,Synthetic
1043,2024-03-27,SHP,Mumbai High Complex,4.3,Actual,4.3,No,719.9,Synthetic
1055,2024-03-28,SHP,Mumbai High Complex,5.1,Actual,5.1,No,741.6,Synthetic
1067,2024-03-29,SHP,Mumbai High Complex,4.2,Actual,4.2,No,731.3,Synthetic
1079,2024-03-30,SHP,Mumbai High Complex,4.4,Actual,4.4,No,742.0,Synthetic
1091,2024-03-31,SHP,Mumbai High Complex,4.4,Actual,4.4,No,733.3,Synthetic
1103,2024-04-01,SHP,Mumbai High Complex,3.8,Actual,3.8,No,739.9,Synthetic
1115,2024-04-02,SHP,Mumbai High Complex,4.3,Actual,4.3,No,716.8,Synthetic
1127,2024-04-03,SHP,Mumbai High Complex,4.4,Actual,4.4,No,729.7,Synthetic
1139,2024-04-04,SHP,Mumbai High Complex,4.5,Actual,4.5,No,703.0,Synthetic
1151,2024-04-05,SHP,Mumbai High Complex,4.7,Actual,4.7,No,749.0,Synthetic
1163,2024-04-06,SHP,Mumbai High Complex,4.2,Actual,4.2,No,708.3,Synthetic
1175,2024-04-07,SHP,Mumbai High Complex,5.0,Actual,5.0,No,741.9,Synthetic
1187,2024-04-08,SHP,Mumbai High Complex,4.8,Actual,4.8,No,712.3,Synthetic
1199,2024-04-09,SHP,Mumbai High Complex,4.5,Actual,4.5,No,721.7,Synthetic
1211,2024-04-10,SHP,Mumbai High Complex,4.8,Actual,4.8,No,704.4,Synthetic
1223,2024-04-11,SHP,Mumbai High Complex,5.1,Actual,5.1,No,691.0,Synthetic
1235,2024-04-12,SHP,Mumbai High Complex,4.3,Actual,4.3,No,677.4,Synthetic
1247,2024-04-13,SHP,Mumbai High Complex,4.6,Actual,4.6,No,689.9,Synthetic
1259,2024-04-14,SHP,Mumbai High Complex,3.3,Actual,3.3,No,709.6,Synthetic
1271,2024-04-15,SHP,Mumbai High Complex,3.3,Actual,3.3,No,720.0,Synthetic
1283,2024-04-16,SHP,Mumbai High Complex,3.8,Actual,3.8,No,733.9,Synthetic
1295,2024-04-17,SHP,Mumbai High Complex,4.9,Actual,4.9,No,697.4,Synthetic
1307,2024-04-18,SHP,Mumbai High Complex,5.6,Actual,5.6,No,684.3,Synthetic
1319,2024-04-19,SHP,Mumbai High Complex,5.3,Actual,5.3,No,672.6,Synthetic
1331,2024-04-20,SHP,Mumbai High Complex,5.4,Actual,5.4,No,711.6,Synthetic
1343,2024-04-21,SHP,Mumbai High Complex,5.0,Actual,5.0,No,731.1,Synthetic
1355,2024-04-22,SHP,Mumbai High Complex,5.2,Actual,5.2,No,726.7,Synthetic
1367,2024-04-23,SHP,Mumbai High Complex,5.4,Actual,5.4,No,713.0,Synthetic
1379,2024-04-24,SHP,Mumbai High Complex,6.1,Actual,6.1,No,707.6,Synthetic
1391,2024-04-25,SHP,Mumbai High Complex,4.4,Actual,4.4,No,735.6,Synthetic
1403,2024-04-26,SHP,Mumbai High Complex,3.9,Actual,3.9,No,707.8,Synthetic
1415,2024-04-27,SHP,Mumbai High Complex,4.3,Actual,4.3,No,711.6,Synthetic
1427,2024-04-28,SHP,Mumbai High Complex,4.2,Actual,4.2,No,690.7,Synthetic
1439,2024-04-29,SHP,Mumbai High Complex,4.5,Actual,4.5,No,666.7,Synthetic
1451,2024-04-30,SHP,Mumbai High Complex,5.1,Actual,5.1,No,677.5,Synthetic
1463,2024-05-01,SHP,Mumbai High Complex,4.4,Actual,4.4,No,693.1,Synthetic
1475,2024-05-02,SHP,Mumbai High Complex,4.5,Actual,4.5,No,693.1,Synthetic
1487,2024-05-03,SHP,Mumbai High Complex,4.3,Actual,4.3,No,731.5,Synthetic
1499,2024-05-04,SHP,Mumbai High Complex,5.7,Actual,5.7,No,686.7,Synthetic
1511,2024-05-05,SHP,Mumbai High Complex,5.2,Actual,5.2,No,710.1,Synthetic
1523,2024-05-06,SHP,Mumbai High Complex,5.1,Actual,5.1,No,676.2,Synthetic
1535,2024-05-07,SHP,Mumbai High Complex,4.8,Actual,4.8,No,678.8,Synthetic
1547,2024-05-08,SHP,Mumbai High Complex,5.0,Actual,5.0,No,656.1,Synthetic
1559,2024-05-09,SHP,Mumbai High Complex,5.3,Actual,5.3,No,666.0,Synthetic
1571,2024-05-10,SHP,Mumbai High Complex,5.0,Actual,5.0,No,692.0,Synthetic
1583,2024-05-11,SHP,Mumbai High Complex,4.7,Actual,4.7,No,681.5,Synthetic
1595,2024-05-12,SHP,Mumbai High Complex,5.1,Actual,5.1,No,697.9,Synthetic
1607,2024-05-13,SHP,Mumbai High Complex,4.7,Actual,4.7,No,682.9,Synthetic
1619,2024-05-14,SHP,Mumbai High Complex,4.3,Actual,4.3,No,672.4,Synthetic
1631,2024-05-15,SHP,Mumbai High Complex,4.5,Actual,4.5,No,721.5,Synthetic
1643,2024-05-16,SHP,Mumbai High Complex,5.1,Actual,5.1,No,672.5,Synthetic
1655,2024-05-17,SHP,Mumbai High Complex,5.3,Actual,5.3,No,696.1,Synthetic
1667,2024-05-18,SHP,Mumbai High Complex,5.0,Actual,5.0,No,664.6,Synthetic
1679,2024-05-19,SHP,Mumbai High Complex,4.8,Actual,4.8,No,686.7,Synthetic
1691,2024-05-20,SHP,Mumbai High Complex,5.0,Actual,5.0,No,689.2,Synthetic
1703,2024-05-21,SHP,Mumbai High Complex,4.5,Actual,4.5,No,675.6,Synthetic
1715,2024-05-22,SHP,Mumbai High Complex,4.2,Actual,4.2,No,624.1,Synthetic
1727,2024-05-23,SHP,Mumbai High Complex,4.3,Actual,4.3,No,670.4,Synthetic
1739,2024-05-24,SHP,Mumbai High Complex,4.9,Actual,4.9,No,691.3,Synthetic
1751,2024-05-25,SHP,Mumbai High Complex,4.3,Actual,4.3,No,678.5,Synthetic
1763,2024-05-26,SHP,Mumbai High Complex,4.8,Actual,4.8,No,673.9,Synthetic
1775,2024-05-27,SHP,Mumbai High Complex,5.0,Actual,5.0,No,628.9,Synthetic
1787,2024-05-28,SHP,Mumbai High Complex,4.2,Actual,4.2,No,650.8,Synthetic
1799,2024-05-29,SHP,Mumbai High Complex,4.2,Actual,4.2,No,672.3,Synthetic
1811,2024-05-30,SHP,Mumbai High Complex,4.8,Actual,4.8,No,669.0,Synthetic
1823,2024-05-31,SHP,Mumbai High Complex,4.9,Actual,4.9,No,683.4,Synthetic
1835,2024-06-01,SHP,Mumbai High Complex,4.7,Actual,4.7,No,656.3,Synthetic
1847,2024-06-02,SHP,Mumbai High Complex,4.3,Actual,4.3,No,667.6,Synthetic
1859,2024-06-03,SHP,Mumbai High Complex,4.9,Actual,4.9,No,656.6,Synthetic
1871,2024-06-04,SHP,Mumbai High Complex,5.0,Actual,5.0,No,635.5,Synthetic
1883,2024-06-05,SHP,Mumbai High Complex,4.8,Actual,4.8,No,610.3,Synthetic
1895,2024-06-06,SHP,Mumbai High Complex,4.8,Actual,4.8,No,662.0,Synthetic
1907,2024-06-07,SHP,Mumbai High Complex,5.0,Actual,5.0,No,655.2,Synthetic
1919,2024-06-08,SHP,Mumbai High Complex,4.2,Actual,4.2,No,641.6,Synthetic
1931,2024-06-09,SHP,Mumbai High Complex,4.4,Actual,4.4,No,620.3,Synthetic
1943,2024-06-10,SHP,Mumbai High Complex,4.2,Actual,4.2,No,664.0,Synthetic
1955,2024-06-11,SHP,Mumbai High Complex,4.1,Actual,4.1,No,645.8,Synthetic
1967,2024-06-12,SHP,Mumbai High Complex,4.4,Actual,4.4,No,659.7,Synthetic
1979,2024-06-13,SHP,Mumbai High Complex,4.9,Actual,4.9,No,682.2,Synthetic
1991,2024-06-14,SHP,Mumbai High Complex,4.4,Actual,4.4,No,605.3,Synthetic
2003,2024-06-15,SHP,Mumbai High Complex,4.8,Actual,4.8,No,630.8,Synthetic
2015,2024-06-16,SHP,Mumbai High Complex,5.0,Actual,5.0,No,638.6,Synthetic
2027,2024-06-17,SHP,Mumbai High Complex,4.9,Actual,4.9,No,670.0,Synthetic
2039,2024-06-18,SHP,Mumbai High Complex,5.5,Actual,5.5,No,607.4,Synthetic
2051,2024-06-19,SHP,Mumbai High Complex,5.5,Actual,5.5,No,674.8,Synthetic
2063,2024-06-20,SHP,Mumbai High Complex,5.1,Actual,5.1,No,640.8,Synthetic
2075,2024-06-21,SHP,Mumbai High Complex,4.9,Actual,4.9,No,636.1,Synthetic
2087,2024-06-22,SHP,Mumbai High Complex,5.2,Actual,5.2,No,632.1,Synthetic
2099,2024-06-23,SHP,Mumbai High Complex,4.9,Actual,4.9,No,627.6,Synthetic
2111,2024-06-24,SHP,Mumbai High Complex,4.6,Actual,4.6,No,656.0,Synthetic
2123,2024-06-25,SHP,Mumbai High Complex,5.2,Actual,5.2,No,612.6,Synthetic
2135,2024-06-26,SHP,Mumbai High Complex,4.9,Actual,4.9,No,639.5,Synthetic
2147,2024-06-27,SHP,Mumbai High Complex,5.6,Actual,5.6,No,622.2,Synthetic
2159,2024-06-28,SHP,Mumbai High Complex,5.6,Actual,5.6,No,614.1,Synthetic
2171,2024-06-29,SHP,Mumbai High Complex,5.3,Actual,5.3,No,677.3,Synthetic
2183,2024-06-30,SHP,Mumbai High Complex,5.3,Actual,5.3,No,635.4,Synthetic
2195,2024-07-01,SHP,Mumbai High Complex,5.3,Actual,5.3,No,638.0,Synthetic
2207,2024-07-02,SHP,Mumbai High Complex,5.0,Actual,5.0,No,648.0,Synthetic
2219,2024-07-03,SHP,Mumbai High Complex,5.0,Actual,5.0,No,598.9,Synthetic
2231,2024-07-04,SHP,Mumbai High Complex,5.0,Actual,5.0,No,657.5,Synthetic
2243,2024-07-05,SHP,Mumbai High Complex,5.2,Actual,5.2,No,576.0,Synthetic
2255,2024-07-06,SHP,Mumbai High Complex,5.1,Actual,5.1,No,608.0,Synthetic
2267,2024-07-07,SHP,Mumbai High Complex,4.6,Actual,4.6,No,614.5,Synthetic
2279,2024-07-08,SHP,Mumbai High Complex,4.6,Actual,4.6,No,633.0,Synthetic
2291,2024-07-09,SHP,Mumbai High Complex,4.3,Actual,4.3,No,626.3,Synthetic
2303,2024-07-10,SHP,Mumbai High Complex,4.3,Actual,4.3,No,618.1,Synthetic
2315,2024-07-11,SHP,Mumbai High Complex,4.3,Actual,4.3,No,620.0,Synthetic
2327,2024-07-12,SHP,Mumbai High Complex,4.4,Actual,4.4,No,600.7,Synthetic
2339,2024-07-13,SHP,Mumbai High Complex,5.0,Actual,5.0,No,588.2,Synthetic
2351,2024-07-14,SHP,Mumbai High Complex,4.8,Actual,4.8,No,629.0,Synthetic
2363,2024-07-15,SHP,Mumbai High Complex,4.8,Actual,4.8,No,627.4,Synthetic
2375,2024-07-16,SHP,Mumbai High Complex,4.5,Actual,4.5,No,643.9,Synthetic
2387,2024-07-17,SHP,Mumbai High Complex,4.8,Actual,4.8,No,598.1,Synthetic
2399,2024-07-18,SHP,Mumbai High Complex,5.0,Actual,5.0,No,623.7,Synthetic
2411,2024-07-19,SHP,Mumbai High Complex,4.1,Actual,4.1,No,607.9,Synthetic
2423,2024-07-20,SHP,Mumbai High Complex,4.3,Actual,4.3,No,633.3,Synthetic
2435,2024-07-21,SHP,Mumbai High Complex,4.2,Actual,4.2,No,629.6,Synthetic
2447,2024-07-22,SHP,Mumbai High Complex,4.6,Actual,4.6,No,612.4,Synthetic
2459,2024-07-23,SHP,Mumbai High Complex,4.5,Actual,4.5,No,601.7,Synthetic
2471,2024-07-24,SHP,Mumbai High Complex,4.5,Actual,4.5,No,624.4,Synthetic
2483,2024-07-25,SHP,Mumbai High Complex,4.5,Actual,4.5,No,617.7,Synthetic
2495,2024-07-26,SHP,Mumbai High Complex,3.6,Actual,3.6,No,595.6,Synthetic
2507,2024-07-27,SHP,Mumbai High Complex,4.1,Actual,4.1,No,581.3,Synthetic
2519,2024-07-28,SHP,Mumbai High Complex,4.69,Actual,4.69,No,597.3,Synthetic
2531,2024-07-29,SHP,Mumbai High Complex,4.3,Actual,4.3,No,630.3,Synthetic
2543,2024-07-30,SHP,Mumbai High Complex,3.6,Actual,3.6,No,625.1,Synthetic
2555,2024-07-31,SHP,Mumbai High Complex,3.6,Actual,3.6,No,583.2,Synthetic
2567,2024-08-01,SHP,Mumbai High Complex,4.0,Actual,4.0,No,580.0,Synthetic
2579,2024-08-02,SHP,Mumbai High Complex,4.7,Actual,4.7,No,620.6,Synthetic
2591,2024-08-03,SHP,Mumbai High Complex,4.7,Actual,4.7,No,576.4,Synthetic
2603,2024-08-04,SHP,Mumbai High Complex,4.5,Actual,4.5,No,605.6,Synthetic
2615,2024-08-05,SHP,Mumbai High Complex,5.2,Actual,5.2,No,582.2,Synthetic
2627,2024-08-06,SHP,Mumbai High Complex,5.1,Actual,5.1,No,621.4,Synthetic
2639,2024-08-07,SHP,Mumbai High Complex,4.6,Actual,4.6,No,579.6,Synthetic
2651,2024-08-08,SHP,Mumbai High Complex,4.6,Actual,4.6,No,612.7,Synthetic
2663,2024-08-09,SHP,Mumbai High Complex,5.5,Actual,5.5,No,591.7,Synthetic
2675,2024-08-10,SHP,Mumbai High Complex,5.7,Actual,5.7,No,591.3,Synthetic
2687,2024-08-11,SHP,Mumbai High Complex,5.8,Actual,5.8,No,551.0,Synthetic
2699,2024-08-12,SHP,Mumbai High Complex,5.9,Actual,5.9,No,545.7,Synthetic
2711,2024-08-13,SHP,Mumbai High Complex,6.2,Actual,6.2,No,578.6,Synthetic
2723,2024-08-14,SHP,Mumbai High Complex,5.9,Actual,5.9,No,586.8,Synthetic
2735,2024-08-15,SHP,Mumbai High Complex,4.2,Actual,4.2,No,567.4,Synthetic
2747,2024-08-16,SHP,Mumbai High Complex,4.8,Actual,4.8,No,565.2,Synthetic
2759,2024-08-17,SHP,Mumbai High Complex,4.9,Actual,4.9,No,592.9,Synthetic
2771,2024-08-18,SHP,Mumbai High Complex,4.4,Actual,4.4,No,593.7,Synthetic
2783,2024-08-19,SHP,Mumbai High Complex,4.4,Actual,4.4,No,580.5,Synthetic
2795,2024-08-20,SHP,Mumbai High Complex,6.6,Actual,6.6,No,588.2,Synthetic
2807,2024-08-21,SHP,Mumbai High Complex,4.8,Actual,4.8,No,559.3,Synthetic
2819,2024-08-22,SHP,Mumbai High Complex,4.0,Actual,4.0,No,575.2,Synthetic
2831,2024-08-23,SHP,Mumbai High Complex,4.1,Actual,4.1,No,608.9,Synthetic
2843,2024-08-24,SHP,Mumbai High Complex,3.8,Actual,3.8,No,581.4,Synthetic
2855,2024-08-25,SHP,Mumbai High Complex,4.6,Actual,4.6,No,578.9,Synthetic
2867,2024-08-26,SHP,Mumbai High Complex,4.4,Actual,4.4,No,616.4,Synthetic
2879,2024-08-27,SHP,Mumbai High Complex,4.4,Actual,4.4,No,551.4,Synthetic
2891,2024-08-28,SHP,Mumbai High Complex,4.4,Actual,4.4,No,588.4,Synthetic
2903,2024-08-29,SHP,Mumbai High Complex,4.5,Actual,4.5,No,602.1,Synthetic
2915,2024-08-30,SHP,Mumbai High Complex,4.5,Actual,4.5,No,566.9,Synthetic
2927,2024-08-31,SHP,Mumbai High Complex,4.8,Actual,4.8,No,585.4,Synthetic
2939,2024-09-01,SHP,Mumbai High Complex,4.6,Actual,4.6,No,553.6,Synthetic
2951,2024-09-02,SHP,Mumbai High Complex,4.7,Actual,4.7,No,557.5,Synthetic
2963,2024-09-03,SHP,Mumbai High Complex,4.6,Actual,4.6,No,575.2,Synthetic
2975,2024-09-04,SHP,Mumbai High Complex,4.6,Actual,4.6,No,581.3,Synthetic
2987,2024-09-05,SHP,Mumbai High Complex,4.1,Actual,4.1,No,587.5,Synthetic
2999,2024-09-06,SHP,Mumbai High Complex,4.2,Actual,4.2,No,593.9,Synthetic
3011,2024-09-07,SHP,Mumbai High Complex,4.7,Actual,4.7,No,563.6,Synthetic
3023,2024-09-08,SHP,Mumbai High Complex,4.4,Actual,4.4,No,585.0,Synthetic
3035,2024-09-09,SHP,Mumbai High Complex,4.3,Actual,4.3,No,558.4,Synthetic
3047,2024-09-10,SHP,Mumbai High Complex,4.3,Actual,4.3,No,578.6,Synthetic
3059,2024-09-11,SHP,Mumbai High Complex,4.9,Actual,4.9,No,564.0,Synthetic
3071,2024-09-12,SHP,Mumbai High Complex,4.7,Actual,4.7,No,567.8,Synthetic
3083,2024-09-13,SHP,Mumbai High Complex,4.4,Actual,4.4,No,567.5,Synthetic
3095,2024-09-14,SHP,Mumbai High Complex,4.7,Actual,4.7,No,531.6,Synthetic
3107,2024-09-15,SHP,Mumbai High Complex,5.1,Actual,5.1,No,537.6,Synthetic
3119,2024-09-16,SHP,Mumbai High Complex,4.7,Actual,4.7,No,558.5,Synthetic
3131,2024-09-17,SHP,Mumbai High Complex,4.7,Actual,4.7,No,527.7,Synthetic
3143,2024-09-18,SHP,Mumbai High Complex,4.7,Actual,4.7,No,568.8,Synthetic
3155,2024-09-19,SHP,Mumbai High Complex,5.2,Actual,5.2,No,567.0,Synthetic
3167,2024-09-20,SHP,Mumbai High Complex,4.6,Actual,4.6,No,559.0,Synthetic
3179,2024-09-21,SHP,Mumbai High Complex,4.6,Actual,4.6,No,534.1,Synthetic
3191,2024-09-22,SHP,Mumbai High Complex,4.6,Actual,4.6,No,574.7,Synthetic
3203,2024-09-23,SHP,Mumbai High Complex,4.5,Actual,4.5,No,584.9,Synthetic
3215,2024-09-24,SHP,Mumbai High Complex,4.3,Actual,4.3,No,553.4,Synthetic
3227,2024-09-25,SHP,Mumbai High Complex,4.6,Actual,4.6,No,557.6,Synthetic
3239,2024-09-26,SHP,Mumbai High Complex,4.5,Actual,4.5,No,552.0,Synthetic
3251,2024-09-27,SHP,Mumbai High Complex,4.5,Actual,4.5,No,556.5,Synthetic
3263,2024-09-28,SHP,Mumbai High Complex,5.0,Actual,5.0,No,543.4,Synthetic
3275,2024-09-29,SHP,Mumbai High Complex,4.9,Actual,4.9,No,544.3,Synthetic
3287,2024-09-30,SHP,Mumbai High Complex,4.8,Actual,4.8,No,559.1,Synthetic
3299,2024-10-01,SHP,Mumbai High Complex,4.8,Actual,4.8,No,581.7,Synthetic
3311,2024-10-02,SHP,Mumbai High Complex,4.5,Actual,4.5,No,520.7,Synthetic
3323,2024-10-03,SHP,Mumbai High Complex,4.5,Actual,4.5,No,540.9,Synthetic
3335,2024-10-04,SHP,Mumbai High Complex,4.6,Actual,4.6,No,522.3,Synthetic
3347,2024-10-05,SHP,Mumbai High Complex,4.9,Actual,4.9,No,565.5,Synthetic
3359,2024-10-06,SHP,Mumbai High Complex,4.8,Actual,4.8,No,529.6,Synthetic
3371,2024-10-07,SHP,Mumbai High Complex,4.5,Actual,4.5,No,515.9,Synthetic
3383,2024-10-08,SHP,Mumbai High Complex,3.9,Actual,3.9,No,550.5,Synthetic
3395,2024-10-09,SHP,Mumbai High Complex,3.9,Actual,3.9,No,567.6,Synthetic
3407,2024-10-10,SHP,Mumbai High Complex,4.0,Actual,4.0,No,548.9,Synthetic
3419,2024-10-11,SHP,Mumbai High Complex,3.9,Actual,3.9,No,540.9,Synthetic
3431,2024-10-12,SHP,Mumbai High Complex,4.4,Actual,4.4,No,541.8,Synthetic
3443,2024-10-13,SHP,Mumbai High Complex,4.6,Actual,4.6,No,556.5,Synthetic
3455,2024-10-14,SHP,Mumbai High Complex,4.1,Actual,4.1,No,520.5,Synthetic
3467,2024-10-15,SHP,Mumbai High Complex,4.7,Actual,4.7,No,530.1,Synthetic
3479,2024-10-16,SHP,Mumbai High Complex,5.9,Actual,5.9,No,520.3,Synthetic
3491,2024-10-17,SHP,Mumbai High Complex,4.3,Actual,4.3,No,512.8,Synthetic
3503,2024-10-18,SHP,Mumbai High Complex,4.3,Actual,4.3,No,525.3,Synthetic
3515,2024-10-19,SHP,Mumbai High Complex,4.2,Actual,4.2,No,547.6,Synthetic
3527,2024-10-20,SHP,Mumbai High Complex,4.2,Actual,4.2,No,538.2,Synthetic
3539,2024-10-21,SHP,Mumbai High Complex,4.3,Actual,4.3,No,538.2,Synthetic
3551,2024-10-22,SHP,Mumbai High Complex,6.0,Actual,6.0,No,524.4,Synthetic
3563,2024-10-23,SHP,Mumbai High Complex,6.1,Actual,6.1,No,529.2,Synthetic
3575,2024-10-24,SHP,Mumbai High Complex,4.1,Actual,4.1,No,513.5,Synthetic
3587,2024-10-25,SHP,Mumbai High Complex,4.4,Actual,4.4,No,519.5,Synthetic
3599,2024-10-26,SHP,Mumbai High Complex,4.4,Actual,4.4,No,526.6,Synthetic
3611,2024-10-27,SHP,Mumbai High Complex,4.2,Actual,4.2,No,527.7,Synthetic
3623,2024-10-28,SHP,Mumbai High Complex,4.2,Actual,4.2,No,527.5,Synthetic
3635,2024-10-29,SHP,Mumbai High Complex,4.1,Actual,4.1,No,519.8,Synthetic
3647,2024-10-30,SHP,Mumbai High Complex,4.1,Actual,4.1,No,515.3,Synthetic
3659,2024-10-31,SHP,Mumbai High Complex,4.3,Actual,4.3,No,569.0,Synthetic
3671,2024-11-01,SHP,Mumbai High Complex,4.3,Actual,4.3,No,533.1,Synthetic
3683,2024-11-02,SHP,Mumbai High Complex,4.3,Actual,4.3,No,524.5,Synthetic
3695,2024-11-03,SHP,Mumbai High Complex,4.2,Actual,4.2,No,514.0,Synthetic
3707,2024-11-04,SHP,Mumbai High Complex,3.9,Actual,3.9,No,510.7,Synthetic
3719,2024-11-05,SHP,Mumbai High Complex,4.1,Actual,4.1,No,514.2,Synthetic
3731,2024-11-06,SHP,Mumbai High Complex,3.8,Actual,3.8,No,520.9,Synthetic
3743,2024-11-07,SHP,Mumbai High Complex,4.3,Actual,4.3,No,485.1,Synthetic
3755,2024-11-08,SHP,Mumbai High Complex,4.7,Actual,4.7,No,488.0,Synthetic
3767,2024-11-09,SHP,Mumbai High Complex,5.4,Actual,5.4,No,499.5,Synthetic
3779,2024-11-10,SHP,Mumbai High Complex,4.7,Actual,4.7,No,513.6,Synthetic
3791,2024-11-11,SHP,Mumbai High Complex,4.9,Actual,4.9,No,505.4,Synthetic
3803,2024-11-12,SHP,Mumbai High Complex,4.2,Actual,4.2,No,532.9,Synthetic
3815,2024-11-13,SHP,Mumbai High Complex,4.2,Actual,4.2,No,486.8,Synthetic
3827,2024-11-14,SHP,Mumbai High Complex,4.2,Actual,4.2,No,497.2,Synthetic
3839,2024-11-15,SHP,Mumbai High Complex,4.4,Actual,4.4,No,530.5,Synthetic
3851,2024-11-16,SHP,Mumbai High Complex,4.4,Actual,4.4,No,508.5,Synthetic
3863,2024-11-17,SHP,Mumbai High Complex,4.3,Actual,4.3,No,519.4,Synthetic
3875,2024-11-18,SHP,Mumbai High Complex,4.6,Actual,4.6,No,535.4,Synthetic
3887,2024-11-19,SHP,Mumbai High Complex,4.6,Actual,4.6,No,493.1,Synthetic
3899,2024-11-20,SHP,Mumbai High Complex,4.6,Actual,4.6,No,501.3,Synthetic
3911,2024-11-21,SHP,Mumbai High Complex,4.6,Actual,4.6,No,497.9,Synthetic
3923,2024-11-22,SHP,Mumbai High Complex,4.8,Actual,4.8,No,471.3,Synthetic
3935,2024-11-23,SHP,Mumbai High Complex,4.4,Actual,4.4,No,496.3,Synthetic
3947,2024-11-24,SHP,Mumbai High Complex,4.1,Actual,4.1,No,514.3,Synthetic
3959,2024-11-25,SHP,Mumbai High Complex,4.1,Actual,4.1,No,508.3,Synthetic
3971,2024-11-26,SHP,Mumbai High Complex,4.1,Actual,4.1,No,508.7,Synthetic
3983,2024-11-27,SHP,Mumbai High Complex,4.1,Actual,4.1,No,493.0,Synthetic
3995,2024-11-28,SHP,Mumbai High Complex,5.6,Actual,5.6,No,483.9,Synthetic
4007,2024-11-29,SHP,Mumbai High Complex,4.4,Actual,4.4,No,515.1,Synthetic
4019,2024-11-30,SHP,Mumbai High Complex,4.4,Actual,4.4,No,488.1,Synthetic
4031,2024-12-01,SHP,Mumbai High Complex,4.3,Actual,4.3,No,499.3,Synthetic
4043,2024-12-02,SHP,Mumbai High Complex,4.5,Actual,4.5,No,496.0,Synthetic
4055,2024-12-03,SHP,Mumbai High Complex,4.5,Actual,4.5,No,514.5,Synthetic
4067,2024-12-04,SHP,Mumbai High Complex,4.2,Actual,4.2,No,507.3,Synthetic
4079,2024-12-05,SHP,Mumbai High Complex,4.5,Actual,4.5,No,472.2,Synthetic
4091,2024-12-06,SHP,Mumbai High Complex,4.3,Actual,4.3,No,473.6,Synthetic
4103,2024-12-07,SHP,Mumbai High Complex,4.6,Actual,4.6,No,498.0,Synthetic
4115,2024-12-08,SHP,Mumbai High Complex,4.4,Actual,4.4,No,488.3,Synthetic
4127,2024-12-09,SHP,Mumbai High Complex,4.5,Actual,4.5,No,481.5,Synthetic
4139,2024-12-10,SHP,Mumbai High Complex,4.6,Actual,4.6,No,502.0,Synthetic
4151,2024-12-11,SHP,Mumbai High Complex,4.6,Actual,4.6,No,489.1,Synthetic
4163,2024-12-12,SHP,Mumbai High Complex,4.7,Actual,4.7,No,486.1,Synthetic
4175,2024-12-13,SHP,Mumbai High Complex,4.7,Actual,4.7,No,495.9,Synthetic
4187,2024-12-14,SHP,Mumbai High Complex,4.4,Actual,4.4,No,479.2,Synthetic
4199,2024-12-15,SHP,Mumbai High Complex,4.5,Actual,4.5,No,506.4,Synthetic
4211,2024-12-16,SHP,Mumbai High Complex,4.5,Actual,4.5,No,471.4,Synthetic
4223,2024-12-17,SHP,Mumbai High Complex,4.5,Actual,4.5,No,491.6,Synthetic
4235,2024-12-18,SHP,Mumbai High Complex,5.5,Actual,5.5,No,499.2,Synthetic
4247,2024-12-19,SHP,Mumbai High Complex,4.5,Actual,4.5,No,460.7,Synthetic
4259,2024-12-20,SHP,Mumbai High Complex,4.5,Actual,4.5,No,474.9,Synthetic
4271,2024-12-21,SHP,Mumbai High Complex,4.2,Actual,4.2,No,496.3,Synthetic
4283,2024-12-22,SHP,Mumbai High Complex,4.3,Actual,4.3,No,495.5,Synthetic
4295,2024-12-23,SHP,Mumbai High Complex,4.3,Actual,4.3,No,475.6,Synthetic
4307,2024-12-24,SHP,Mumbai High Complex,4.3,Actual,4.3,No,466.8,Synthetic
4319,2024-12-25,SHP,Mumbai High Complex,4.2,Actual,4.2,No,490.5,Synthetic
4331,2024-12-26,SHP,Mumbai High Complex,4.1,Actual,4.1,No,493.3,Synthetic
4343,2024-12-27,SHP,Mumbai High Complex,4.0,Actual,4.0,No,459.2,Synthetic
4355,2024-12-28,SHP,Mumbai High Complex,4.0,Actual,4.0,No,458.0,Synthetic
4367,2024-12-29,SHP,Mumbai High Complex,4.5,Actual,4.5,No,476.2,Synthetic
4379,2024-12-30,SHP,Mumbai High Complex,4.1,Actual,4.1,No,482.3,Synthetic
4391,2024-12-31,SHP,Mumbai High Complex,4.5,Actual,4.5,No,467.3,Synthetic
4403,2025-01-01,SHP,Mumbai High Complex,4.5,Actual,4.5,No,480.4,Synthetic
4415,2025-01-02,SHP,Mumbai High Complex,4.3,Actual,4.3,No,460.6,Synthetic
4427,2025-01-03,SHP,Mumbai High Complex,4.4,Actual,4.4,No,439.8,Synthetic
4439,2025-01-04,SHP,Mumbai High Complex,4.2,Actual,4.2,No,463.4,Synthetic
4451,2025-01-05,SHP,Mumbai High Complex,4.3,Actual,4.3,No,469.3,Synthetic
4463,2025-01-06,SHP,Mumbai High Complex,4.3,Actual,4.3,No,463.8,Synthetic
4475,2025-01-07,SHP,Mumbai High Complex,4.4,Actual,4.4,No,450.4,Synthetic
4487,2025-01-08,SHP,Mumbai High Complex,4.5,Actual,4.5,No,440.3,Synthetic
4499,2025-01-09,SHP,Mumbai High Complex,4.5,Actual,4.5,No,457.7,Synthetic
4511,2025-01-10,SHP,Mumbai High Complex,4.3,Actual,4.3,No,477.2,Synthetic
4523,2025-01-11,SHP,Mumbai High Complex,4.3,Actual,4.3,No,481.4,Synthetic
4535,2025-01-12,SHP,Mumbai High Complex,4.3,Actual,4.3,No,479.7,Synthetic
4547,2025-01-13,SHP,Mumbai High Complex,4.3,Actual,4.3,No,451.2,Synthetic
4559,2025-01-14,SHP,Mumbai High Complex,4.3,Actual,4.3,No,445.8,Synthetic
4571,2025-01-15,SHP,Mumbai High Complex,4.0,Actual,4.0,No,468.7,Synthetic
4583,2025-01-16,SHP,Mumbai High Complex,4.0,Actual,4.0,No,469.9,Synthetic
4595,2025-01-17,SHP,Mumbai High Complex,3.9,Actual,3.9,No,466.2,Synthetic
4607,2025-01-18,SHP,Mumbai High Complex,3.9,Actual,3.9,No,432.1,Synthetic
4619,2025-01-19,SHP,Mumbai High Complex,3.8,Actual,3.8,No,447.5,Synthetic
4631,2025-01-20,SHP,Mumbai High Complex,3.8,Actual,3.8,No,458.3,Synthetic
4643,2025-01-21,SHP,Mumbai High Complex,3.8,Actual,3.8,No,464.7,Synthetic
4655,2025-01-22,SHP,Mumbai High Complex,3.8,Actual,3.8,No,467.8,Synthetic
4667,2025-01-23,SHP,Mumbai High Complex,3.9,Actual,3.9,No,458.3,Synthetic
4679,2025-01-24,SHP,Mumbai High Complex,3.6,Actual,3.6,No,460.9,Synthetic
4691,2025-01-25,SHP,Mumbai High Complex,3.7,Actual,3.7,No,456.5,Synthetic
4703,2025-01-26,SHP,Mumbai High Complex,3.8,Actual,3.8,No,463.7,Synthetic
4715,2025-01-27,SHP,Mumbai High Complex,3.7,Actual,3.7,No,458.2,Synthetic
4727,2025-01-28,SHP,Mumbai High Complex,3.7,Actual,3.7,No,454.1,Synthetic
4739,2025-01-29,SHP,Mumbai High Complex,3.7,Actual,3.7,No,448.9,Synthetic
4751,2025-01-30,SHP,Mumbai High Complex,3.8,Actual,3.8,No,452.6,Synthetic
4763,2025-01-31,SHP,Mumbai High Complex,3.9,Actual,3.9,No,457.1,Synthetic
4775,2025-02-01,SHP,Mumbai High Complex,3.9,Actual,3.9,No,453.5,Synthetic
4787,2025-02-02,SHP,Mumbai High Complex,3.9,Actual,3.9,No,454.3,Synthetic
4799,2025-02-03,SHP,Mumbai High Complex,3.9,Actual,3.9,No,466.5,Synthetic
4811,2025-02-04,SHP,Mumbai High Complex,3.9,Actual,3.9,No,451.3,Synthetic
4823,2025-02-05,SHP,Mumbai High Complex,4.3,Actual,4.3,No,437.3,Synthetic
4835,2025-02-06,SHP,Mumbai High Complex,4.6,Actual,4.6,No,456.3,Synthetic
4847,2025-02-07,SHP,Mumbai High Complex,4.9,Actual,4.9,No,424.9,Synthetic
4859,2025-02-08,SHP,Mumbai High Complex,4.4,Actual,4.4,No,429.3,Synthetic
4871,2025-02-09,SHP,Mumbai High Complex,4.4,Actual,4.4,No,447.4,Synthetic
4883,2025-02-10,SHP,Mumbai High Complex,4.4,Actual,4.4,No,449.1,Synthetic
4895,2025-02-11,SHP,Mumbai High Complex,4.8,Actual,4.8,No,424.1,Synthetic
4907,2025-02-12,SHP,Mumbai High Complex,4.8,Actual,4.8,No,434.8,Synthetic
4919,2025-02-13,SHP,Mumbai High Complex,4.8,Actual,4.8,No,431.2,Synthetic
4931,2025-02-14,SHP,Mumbai High Complex,4.0,Actual,4.0,No,434.0,Synthetic
4943,2025-02-15,SHP,Mumbai High Complex,4.0,Actual,4.0,No,452.2,Synthetic
4955,2025-02-16,SHP,Mumbai High Complex,3.9,Actual,3.9,No,448.6,Synthetic
4967,2025-02-17,SHP,Mumbai High Complex,3.8,Actual,3.8,No,438.6,Synthetic
4979,2025-02-18,SHP,Mumbai High Complex,3.8,Actual,3.8,No,431.0,Synthetic
4991,2025-02-19,SHP,Mumbai High Complex,3.8,Actual,3.8,No,419.8,Synthetic
5003,2025-02-20,SHP,Mumbai High Complex,3.6,Actual,3.6,No,455.9,Synthetic
5015,2025-02-21,SHP,Mumbai High Complex,3.7,Actual,3.7,No,444.1,Synthetic
5027,2025-02-22,SHP,Mumbai High Complex,3.6,Actual,3.6,No,426.7,Synthetic
5039,2025-02-23,SHP,Mumbai High Complex,3.6,Actual,3.6,No,444.6,Synthetic
5051,2025-02-24,SHP,Mumbai High Complex,4.3,Actual,4.3,No,431.9,Synthetic
5063,2025-02-25,SHP,Mumbai High Complex,4.2,Actual,4.2,No,428.7,Synthetic
5075,2025-02-26,SHP,Mumbai High Complex,4.5,Actual,4.5,No,436.6,Synthetic
5087,2025-02-27,SHP,Mumbai High Complex,4.6,Actual,4.6,No,420.5,Synthetic
5099,2025-02-28,SHP,Mumbai High Complex,4.7,Actual,4.7,No,424.7,Synthetic
5111,2025-03-01,SHP,Mumbai High Complex,4.5,Actual,4.5,No,430.5,Synthetic
5123,2025-03-02,SHP,Mumbai High Complex,4.5,Actual,4.5,No,421.9,Synthetic
5135,2025-03-03,SHP,Mumbai High Complex,4.4,Actual,4.4,No,436.4,Synthetic
5147,2025-03-04,SHP,Mumbai High Complex,4.4,Actual,4.4,No,451.1,Synthetic
5159,2025-03-05,SHP,Mumbai High Complex,4.4,Actual,4.4,No,416.9,Synthetic
5171,2025-03-06,SHP,Mumbai High Complex,4.5,Actual,4.5,No,404.3,Synthetic
5183,2025-03-07,SHP,Mumbai High Complex,5.0,Actual,5.0,No,398.3,Synthetic
5195,2025-03-08,SHP,Mumbai High Complex,5.0,Actual,5.0,No,421.1,Synthetic
5207,2025-03-09,SHP,Mumbai High Complex,5.0,Actual,5.0,No,414.0,Synthetic
5219,2025-03-10,SHP,Mumbai High Complex,5.0,Actual,5.0,No,424.4,Synthetic
5231,2025-03-11,SHP,Mumbai High Complex,4.9,Actual,4.9,No,423.0,Synthetic
5243,2025-03-12,SHP,Mumbai High Complex,4.9,Actual,4.9,No,400.4,Synthetic
5255,2025-03-13,SHP,Mumbai High Complex,4.9,Actual,4.9,No,397.1,Synthetic
5267,2025-03-14,SHP,Mumbai High Complex,5.0,Actual,5.0,No,422.8,Synthetic
5279,2025-03-15,SHP,Mumbai High Complex,4.7,Actual,4.7,No,420.8,Synthetic
5291,2025-03-16,SHP,Mumbai High Complex,4.9,Actual,4.9,No,412.6,Synthetic
5303,2025-03-17,SHP,Mumbai High Complex,4.0,Actual,4.0,No,398.6,Synthetic
5315,2025-03-18,SHP,Mumbai High Complex,4.0,Actual,4.0,No,424.7,Synthetic
5327,2025-03-19,SHP,Mumbai High Complex,4.0,Actual,4.0,No,434.1,Synthetic
5339,2025-03-20,SHP,Mumbai High Complex,4.7,Actual,4.7,No,419.3,Synthetic
5351,2025-03-21,SHP,Mumbai High Complex,4.7,Actual,4.7,No,404.6,Synthetic
5363,2025-03-22,SHP,Mumbai High Complex,4.5,Actual,4.5,No,415.5,Synthetic
5375,2025-03-23,SHP,Mumbai High Complex,4.7,Actual,4.7,No,396.9,Synthetic
5387,2025-03-24,SHP,Mumbai High Complex,4.6,Actual,4.6,No,426.6,Synthetic
5399,2025-03-25,SHP,Mumbai High Complex,4.7,Actual,4.7,No,413.6,Synthetic
5411,2025-03-26,SHP,Mumbai High Complex,4.6,Actual,4.6,No,390.3,Synthetic
5423,2025-03-27,SHP,Mumbai High Complex,4.6,Actual,4.6,No,407.8,Synthetic
5435,2025-03-28,SHP,Mumbai High Complex,4.5,Actual,4.5,No,416.8,Synthetic
5447,2025-03-29,SHP,Mumbai High Complex,4.5,Actual,4.5,No,406.3,Synthetic
5459,2025-03-30,SHP,Mumbai High Complex,4.7,Actual,4.7,No,405.9,Synthetic
5471,2025-03-31,SHP,Mumbai High Complex,4.8,Actual,4.8,No,393.4,Synthetic
5483,2025-04-01,SHP,Mumbai High Complex,4.8,Actual,4.8,No,414.7,Synthetic
5495,2025-04-02,SHP,Mumbai High Complex,4.8,Actual,4.8,No,399.2,Synthetic
5507,2025-04-03,SHP,Mumbai High Complex,4.8,Actual,4.8,No,380.2,Synthetic
5519,2025-04-04,SHP,Mumbai High Complex,4.3,Actual,4.3,No,402.5,Synthetic
5531,2025-04-05,SHP,Mumbai High Complex,4.6,Actual,4.6,No,417.6,Synthetic
5543,2025-04-06,SHP,Mumbai High Complex,4.8,Actual,4.8,No,399.9,Synthetic
5555,2025-04-07,SHP,Mumbai High Complex,5.1,Actual,5.1,No,424.3,Synthetic
5567,2025-04-08,SHP,Mumbai High Complex,4.9,Actual,4.9,No,408.3,Synthetic
5579,2025-04-09,SHP,Mumbai High Complex,5.2,Actual,5.2,No,405.9,Synthetic
5591,2025-04-10,SHP,Mumbai High Complex,4.9,Actual,4.9,No,400.3,Synthetic
5603,2025-04-11,SHP,Mumbai High Complex,5.2,Actual,5.2,No,399.7,Synthetic
5615,2025-04-12,SHP,Mumbai High Complex,5.3,Actual,5.3,No,396.5,Synthetic
5627,2025-04-13,SHP,Mumbai High Complex,4.5,Actual,4.5,No,397.2,Synthetic
5639,2025-04-14,SHP,Mumbai High Complex,4.6,Actual,4.6,No,406.3,Synthetic
5651,2025-04-15,SHP,Mumbai High Complex,4.8,Actual,4.8,No,387.7,Synthetic
5663,2025-04-16,SHP,Mumbai High Complex,4.4,Actual,4.4,No,386.3,Synthetic
5675,2025-04-17,SHP,Mumbai High Complex,4.6,Actual,4.6,No,384.7,Synthetic
5687,2025-04-18,SHP,Mumbai High Complex,4.6,Actual,4.6,No,421.8,Synthetic
5699,2025-04-19,SHP,Mumbai High Complex,4.6,Actual,4.6,No,403.1,Synthetic
5711,2025-04-20,SHP,Mumbai High Complex,4.6,Actual,4.6,No,399.8,Synthetic
5723,2025-04-21,SHP,Mumbai High Complex,0.0,Actual,0.0,No,393.0,Synthetic
5735,2025-04-22,SHP,Mumbai High Complex,4.6,Actual,4.6,No,402.3,Synthetic
5747,2025-04-23,SHP,Mumbai High Complex,4.6,Actual,4.6,No,393.0,Synthetic
5759,2025-04-24,SHP,Mumbai High Complex,4.6,Actual,4.6,No,396.2,Synthetic
5771,2025-04-25,SHP,Mumbai High Complex,4.6,Actual,4.6,No,381.6,Synthetic
5783,2025-04-26,SHP,Mumbai High Complex,4.5,Actual,4.5,No,394.6,Synthetic
5795,2025-04-27,SHP,Mumbai High Complex,4.6,Actual,4.6,No,386.9,Synthetic
5807,2025-04-28,SHP,Mumbai High Complex,4.6,Actual,4.6,No,382.3,Synthetic
5819,2025-04-29,SHP,Mumbai High Complex,4.7,Actual,4.7,No,399.0,Synthetic
5831,2025-04-30,SHP,Mumbai High Complex,4.7,Actual,4.7,No,371.8,Synthetic
5843,2025-05-01,SHP,Mumbai High Complex,4.5,Actual,4.5,No,396.2,Synthetic
5855,2025-05-02,SHP,Mumbai High Complex,4.5,Actual,4.5,No,397.0,Synthetic
5867,2025-05-03,SHP,Mumbai High Complex,4.5,Actual,4.5,No,378.1,Synthetic
5879,2025-05-04,SHP,Mumbai High Complex,4.6,Actual,4.6,No,378.0,Synthetic
5891,2025-05-05,SHP,Mumbai High Complex,4.5,Actual,4.5,No,384.6,Synthetic
5903,2025-05-06,SHP,Mumbai High Complex,4.6,Actual,4.6,No,389.6,Synthetic
5915,2025-05-07,SHP,Mumbai High Complex,4.6,Actual,4.6,No,384.0,Synthetic
5927,2025-05-08,SHP,Mumbai High Complex,4.5,Actual,4.5,No,390.3,Synthetic
5939,2025-05-09,SHP,Mumbai High Complex,4.6,Actual,4.6,No,404.8,Synthetic
5951,2025-05-10,SHP,Mumbai High Complex,4.6,Actual,4.6,No,378.1,Synthetic
5963,2025-05-11,SHP,Mumbai High Complex,4.5,Actual,4.5,No,363.8,Synthetic
5975,2025-05-12,SHP,Mumbai High Complex,4.6,Actual,4.6,No,392.2,Synthetic
5987,2025-05-13,SHP,Mumbai High Complex,4.5,Actual,4.5,No,401.6,Synthetic
5999,2025-05-14,SHP,Mumbai High Complex,4.52,Actual,4.52,No,386.2,Synthetic
6011,2025-05-15,SHP,Mumbai High Complex,4.52,Actual,4.52,No,368.6,Synthetic
6023,2025-05-16,SHP,Mumbai High Complex,4.6,Actual,4.6,No,378.9,Synthetic
6035,2025-05-17,SHP,Mumbai High Complex,4.6,Actual,4.6,No,366.9,Synthetic
6047,2025-05-18,SHP,Mumbai High Complex,4.6,Actual,4.6,No,386.4,Synthetic
6059,2025-05-19,SHP,Mumbai High Complex,4.54,Actual,4.54,No,363.3,Synthetic
6071,2025-05-20,SHP,Mumbai High Complex,4.56,Actual,4.56,No,374.6,Synthetic
6083,2025-05-21,SHP,Mumbai High Complex,4.6,Actual,4.6,No,365.9,Synthetic
6095,2025-05-22,SHP,Mumbai High Complex,4.58,Actual,4.58,No,378.2,Synthetic
6107,2025-05-23,SHP,Mumbai High Complex,4.58,Actual,4.58,No,372.0,Synthetic
6119,2025-05-24,SHP,Mumbai High Complex,4.58,Actual,4.58,No,377.5,Synthetic
6131,2025-05-25,SHP,Mumbai High Complex,4.51,Actual,4.51,No,375.4,Synthetic
6143,2025-05-26,SHP,Mumbai High Complex,4.52,Actual,4.52,No,363.4,Synthetic
6155,2025-05-27,SHP,Mumbai High Complex,4.52,Actual,4.52,No,380.9,Synthetic
6167,2025-05-28,SHP,Mumbai High Complex,4.5,Actual,4.5,No,372.8,Synthetic
6179,2025-05-29,SHP,Mumbai High Complex,4.62,Actual,4.62,No,361.5,Synthetic
6191,2025-05-30,SHP,Mumbai High Complex,4.63,Actual,4.63,No,396.9,Synthetic
6203,2025-05-31,SHP,Mumbai High Complex,4.7,Actual,4.7,No,376.5,Synthetic
6215,2025-06-01,SHP,Mumbai High Complex,4.2,Actual,4.2,No,369.9,Synthetic
6227,2025-06-02,SHP,Mumbai High Complex,4.59,Actual,4.59,No,386.0,Synthetic
6239,2025-06-03,SHP,Mumbai High Complex,5.2,Actual,5.2,No,388.7,Synthetic
6251,2025-06-04,SHP,Mumbai High Complex,4.4,Actual,4.4,No,367.9,Synthetic
6263,2025-06-05,SHP,Mumbai High Complex,4.3,Actual,4.3,No,372.9,Synthetic
6275,2025-06-06,SHP,Mumbai High Complex,4.3,Actual,4.3,No,357.6,Synthetic
6287,2025-06-07,SHP,Mumbai High Complex,4.8,Actual,4.8,No,365.3,Synthetic
6299,2025-06-08,SHP,Mumbai High Complex,4.9,Actual,4.9,No,363.9,Synthetic
6311,2025-06-09,SHP,Mumbai High Complex,4.6,Actual,4.6,No,368.2,Synthetic
6323,2025-06-10,SHP,Mumbai High Complex,4.7,Actual,4.7,No,369.0,Synthetic
6335,2025-06-11,SHP,Mumbai High Complex,4.7,Actual,4.7,No,370.9,Synthetic
6347,2025-06-12,SHP,Mumbai High Complex,5.1,Actual,5.1,No,366.0,Synthetic
6359,2025-06-13,SHP,Mumbai High Complex,4.6,Actual,4.6,No,350.6,Synthetic
6371,2025-06-14,SHP,Mumbai High Complex,5.0,Actual,5.0,No,352.3,Synthetic
6383,2025-06-15,SHP,Mumbai High Complex,5.5,Actual,5.5,No,354.9,Synthetic
6395,2025-06-16,SHP,Mumbai High Complex,4.9,Actual,4.9,No,358.5,Synthetic
6407,2025-06-17,SHP,Mumbai High Complex,5.1,Actual,5.1,No,371.9,Synthetic
6419,2025-06-18,SHP,Mumbai High Complex,5.1,Actual,5.1,No,347.4,Synthetic
6431,2025-06-19,SHP,Mumbai High Complex,4.54,Actual,4.54,No,356.7,Synthetic
6443,2025-06-20,SHP,Mumbai High Complex,4.57,Actual,4.57,No,370.2,Synthetic
6455,2025-06-21,SHP,Mumbai High Complex,4.57,Actual,4.57,No,356.1,Synthetic
6467,2025-06-22,SHP,Mumbai High Complex,5.11,Actual,5.11,No,362.6,Synthetic
6479,2025-06-23,SHP,Mumbai High Complex,4.5,Actual,4.5,No,356.9,Synthetic
6491,2025-06-24,SHP,Mumbai High Complex,4.57,Actual,4.57,No,360.4,Synthetic
6503,2025-06-25,SHP,Mumbai High Complex,4.86,Actual,4.86,No,354.1,Synthetic
6515,2025-06-26,SHP,Mumbai High Complex,5.05,Actual,5.05,No,362.7,Synthetic
6527,2025-06-27,SHP,Mumbai High Complex,5.05,Actual,5.05,No,338.5,Synthetic
6539,2025-06-28,SHP,Mumbai High Complex,4.9,Actual,4.9,No,350.9,Synthetic
6551,2025-06-29,SHP,Mumbai High Complex,4.6,Actual,4.6,No,357.9,Synthetic
6563,2025-06-30,SHP,Mumbai High Complex,4.8,Actual,4.8,No,359.5,Synthetic
6575,2025-07-01,SHP,Mumbai High Complex,5.2,Actual,5.2,No,368.3,Synthetic
6587,2025-07-02,SHP,Mumbai High Complex,5.2,Actual,5.2,No,347.8,Synthetic
6599,2025-07-03,SHP,Mumbai High Complex,4.5,Actual,4.5,No,368.4,Synthetic
6611,2025-07-04,SHP,Mumbai High Complex,4.2,Actual,4.2,No,345.8,Synthetic
6623,2025-07-05,SHP,Mumbai High Complex,4.2,Actual,4.2,No,366.3,Synthetic
6635,2025-07-06,SHP,Mumbai High Complex,4.3,Actual,4.3,No,360.1,Synthetic
6647,2025-07-07,SHP,Mumbai High Complex,4.6,Actual,4.6,No,340.7,Synthetic
6659,2025-07-08,SHP,Mumbai High Complex,4.6,Actual,4.6,No,353.0,Synthetic
6671,2025-07-09,SHP,Mumbai High Complex,4.5,Actual,4.5,No,348.9,Synthetic
6683,2025-07-10,SHP,Mumbai High Complex,4.6,Actual,4.6,No,355.2,Synthetic
6695,2025-07-11,SHP,Mumbai High Complex,4.3,Actual,4.3,No,346.4,Synthetic
6707,2025-07-12,SHP,Mumbai High Complex,4.3,Actual,4.3,No,345.0,Synthetic
6719,2025-07-13,SHP,Mumbai High Complex,4.3,Actual,4.3,No,361.9,Synthetic
6731,2025-07-14,SHP,Mumbai High Complex,4.2,Actual,4.2,No,346.2,Synthetic
6743,2025-07-15,SHP,Mumbai High Complex,4.3,Actual,4.3,No,355.1,Synthetic
6755,2025-07-16,SHP,Mumbai High Complex,4.3,Actual,4.3,No,343.6,Synthetic
6767,2025-07-17,SHP,Mumbai High Complex,4.8,Actual,4.8,No,361.7,Synthetic
6779,2025-07-18,SHP,Mumbai High Complex,4.4,Actual,4.4,No,337.7,Synthetic
6791,2025-07-19,SHP,Mumbai High Complex,4.75,Actual,4.75,No,337.1,Synthetic
6803,2025-07-20,SHP,Mumbai High Complex,4.67,Actual,4.67,No,358.8,Synthetic
6815,2025-07-21,SHP,Mumbai High Complex,4.6,Actual,4.6,No,338.1,Synthetic
6827,2025-07-22,SHP,Mumbai High Complex,4.59,Actual,4.59,No,358.6,Synthetic
6839,2025-07-23,SHP,Mumbai High Complex,4.59,Actual,4.59,No,350.8,Synthetic
6851,2025-07-24,SHP,Mumbai High Complex,4.85,Actual,4.85,No,339.0,Synthetic
6863,2025-07-25,SHP,Mumbai High Complex,4.51,Actual,4.51,No,322.2,Synthetic
6875,2025-07-26,SHP,Mumbai High Complex,4.9,Actual,4.9,No,339.2,Synthetic
6887,2025-07-27,SHP,Mumbai High Complex,4.7,Actual,4.7,No,340.3,Synthetic
6899,2025-07-28,SHP,Mumbai High Complex,4.7,Actual,4.7,No,350.6,Synthetic
6911,2025-07-29,SHP,Mumbai High Complex,4.9,Actual,4.9,No,353.9,Synthetic
6923,2025-07-30,SHP,Mumbai High Complex,4.8,Actual,4.8,No,330.5,Synthetic
6935,2025-07-31,SHP,Mumbai High Complex,5.4,Actual,5.4,No,343.9,Synthetic
6947,2025-08-01,SHP,Mumbai High Complex,5.6,Actual,5.6,No,342.6,Synthetic
6959,2025-08-02,SHP,Mumbai High Complex,5.7,Actual,5.7,No,344.9,Synthetic
6971,2025-08-03,SHP,Mumbai High Complex,5.3,Actual,5.3,No,339.4,Synthetic
6983,2025-08-04,SHP,Mumbai High Complex,5.4,Actual,5.4,No,314.2,Synthetic
6995,2025-08-05,SHP,Mumbai High Complex,5.1,Actual,5.1,No,332.2,Synthetic
7007,2025-08-06,SHP,Mumbai High Complex,5.6,Actual,5.6,No,320.7,Synthetic
7019,2025-08-07,SHP,Mumbai High Complex,5.6,Actual,5.6,No,329.7,Synthetic
7031,2025-08-08,SHP,Mumbai High Complex,4.4,Actual,4.4,No,343.3,Synthetic
7043,2025-08-09,SHP,Mumbai High Complex,5.3,Actual,5.3,No,334.3,Synthetic
7055,2025-08-10,SHP,Mumbai High Complex,5.3,Actual,5.3,No,342.1,Synthetic
7067,2025-08-11,SHP,Mumbai High Complex,4.8,Actual,4.8,No,334.5,Synthetic
7079,2025-08-12,SHP,Mumbai High Complex,4.8,Actual,4.8,No,317.7,Synthetic
7091,2025-08-13,SHP,Mumbai High Complex,4.9,Actual,4.9,No,305.0,Synthetic
7103,2025-08-14,SHP,Mumbai High Complex,4.9,Actual,4.9,No,330.9,Synthetic
7115,2025-08-15,SHP,Mumbai High Complex,4.9,Actual,4.9,No,326.8,Synthetic
7127,2025-08-16,SHP,Mumbai High Complex,4.8,Actual,4.8,No,318.9,Synthetic
7139,2025-08-17,SHP,Mumbai High Complex,4.6,Actual,4.6,No,311.6,Synthetic
7151,2025-08-18,SHP,Mumbai High Complex,5.0,Actual,5.0,No,319.9,Synthetic
7163,2025-08-19,SHP,Mumbai High Complex,5.0,Actual,5.0,No,324.7,Synthetic
7175,2025-08-20,SHP,Mumbai High Complex,4.6,Actual,4.6,No,333.4,Synthetic
7187,2025-08-21,SHP,Mumbai High Complex,4.7,Actual,4.7,No,328.0,Synthetic
7199,2025-08-22,SHP,Mumbai High Complex,4.8,Actual,4.8,No,341.1,Synthetic
7211,2025-08-23,SHP,Mumbai High Complex,4.9,Actual,4.9,No,314.7,Synthetic
7223,2025-08-24,SHP,Mumbai High Complex,4.8,Actual,4.8,No,333.0,Synthetic
7235,2025-08-25,SHP,Mumbai High Complex,4.9,Actual,4.9,No,324.2,Synthetic
7247,2025-08-26,SHP,Mumbai High Complex,4.8,Actual,4.8,No,330.1,Synthetic
7259,2025-08-27,SHP,Mumbai High Complex,5.1,Actual,5.1,No,318.1,Synthetic
7271,2025-08-28,SHP,Mumbai High Complex,4.7,Actual,4.7,No,332.9,Synthetic
7283,2025-08-29,SHP,Mumbai High Complex,4.9,Actual,4.9,No,324.5,Synthetic
7295,2025-08-30,SHP,Mumbai High Complex,4.9,Actual,4.9,No,314.6,Synthetic
7307,2025-08-31,SHP,Mumbai High Complex,4.9,Actual,4.9,No,320.6,Synthetic
7319,2025-09-01,SHP,Mumbai High Complex,5.1,Actual,5.1,No,317.5,Synthetic
7331,2025-09-02,SHP,Mumbai High Complex,5.1,Actual,5.1,No,324.0,Synthetic
7343,2025-09-03,SHP,Mumbai High Complex,4.9,Actual,4.9,No,307.9,Synthetic
7355,2025-09-04,SHP,Mumbai High Complex,4.8,Actual,4.8,No,318.6,Synthetic
7367,2025-09-05,SHP,Mumbai High Complex,4.7,Actual,4.7,No,322.3,Synthetic
7379,2025-09-06,SHP,Mumbai High Complex,4.7,Actual,4.7,No,318.3,Synthetic
7391,2025-09-07,SHP,Mumbai High Complex,4.7,Actual,4.7,No,330.3,Synthetic
7403,2025-09-08,SHP,Mumbai High Complex,4.9,Actual,4.9,No,324.0,Synthetic
7415,2025-09-09,SHP,Mumbai High Complex,4.7,Actual,4.7,No,316.4,Synthetic
7427,2025-09-10,SHP,Mumbai High Complex,4.9,Actual,4.9,No,317.7,Synthetic
7439,2025-09-11,SHP,Mumbai High Complex,4.7,Actual,4.7,No,318.3,Synthetic
7451,2025-09-12,SHP,Mumbai High Complex,4.6,Actual,4.6,No,319.0,Synthetic
7463,2025-09-13,SHP,Mumbai High Complex,4.8,Actual,4.8,No,297.1,Synthetic
7475,2025-09-14,SHP,Mumbai High Complex,4.6,Actual,4.6,No,311.4,Synthetic
7487,2025-09-15,SHP,Mumbai High Complex,4.5,Actual,4.5,No,299.9,Synthetic
7499,2025-09-16,SHP,Mumbai High Complex,4.6,Actual,4.6,No,325.2,Synthetic
7511,2025-09-17,SHP,Mumbai High Complex,4.7,Actual,4.7,No,312.0,Synthetic
7523,2025-09-18,SHP,Mumbai High Complex,4.7,Actual,4.7,No,310.2,Synthetic
7535,2025-09-19,SHP,Mumbai High Complex,4.5,Actual,4.5,No,320.3,Synthetic
7547,2025-09-20,SHP,Mumbai High Complex,4.9,Actual,4.9,No,314.7,Synthetic
7559,2025-09-21,SHP,Mumbai High Complex,4.95,Actual,4.95,No,299.6,Synthetic
7571,2025-09-22,SHP,Mumbai High Complex,4.85,Actual,4.85,No,309.2,Synthetic
7583,2025-09-23,SHP,Mumbai High Complex,4.9,Actual,4.9,No,306.1,Synthetic
7595,2025-09-24,SHP,Mumbai High Complex,4.8,Actual,4.8,No,292.8,Synthetic
7607,2025-09-25,SHP,Mumbai High Complex,4.95,Actual,4.95,No,301.8,Synthetic
7619,2025-09-26,SHP,Mumbai High Complex,4.85,Actual,4.85,No,306.2,Synthetic
7631,2025-09-27,SHP,Mumbai High Complex,4.95,Actual,4.95,No,306.2,Synthetic
7643,2025-09-28,SHP,Mumbai High Complex,4.85,Actual,4.85,No,293.3,Synthetic
7655,2025-09-29,SHP,Mumbai High Complex,4.9,Actual,4.9,No,316.9,Synthetic
7667,2025-09-30,SHP,Mumbai High Complex,4.9,Actual,4.9,No,304.9,Synthetic
7679,2025-10-01,SHP,Mumbai High Complex,4.9,Actual,4.9,No,305.7,Synthetic
7691,2025-10-02,SHP,Mumbai High Complex,4.7,Actual,4.7,No,308.9,Synthetic
7703,2025-10-03,SHP,Mumbai High Complex,4.75,Actual,4.75,No,297.5,Synthetic
7715,2025-10-04,SHP,Mumbai High Complex,4.74,Actual,4.74,No,308.4,Synthetic
7727,2025-10-05,SHP,Mumbai High Complex,4.95,Actual,4.95,No,300.0,Synthetic
7739,2025-10-06,SHP,Mumbai High Complex,4.7,Actual,4.7,No,295.2,Synthetic
7751,2025-10-07,SHP,Mumbai High Complex,4.95,Actual,4.95,No,307.6,Synthetic
7763,2025-10-08,SHP,Mumbai High Complex,4.85,Actual,4.85,No,315.6,Synthetic
7775,2025-10-09,SHP,Mumbai High Complex,4.85,Actual,4.85,No,308.2,Synthetic
7787,2025-10-10,SHP,Mumbai High Complex,4.65,Actual,4.65,No,309.8,Synthetic
7799,2025-10-11,SHP,Mumbai High Complex,4.65,Actual,4.65,No,296.3,Synthetic
7811,2025-10-12,SHP,Mumbai High Complex,4.71,Actual,4.71,No,286.0,Synthetic
7823,2025-10-13,SHP,Mumbai High Complex,4.75,Actual,4.75,No,313.3,Synthetic
7835,2025-10-14,SHP,Mumbai High Complex,4.71,Actual,4.71,No,318.0,Synthetic
7847,2025-10-15,SHP,Mumbai High Complex,4.75,Actual,4.75,No,312.8,Synthetic
7859,2025-10-16,SHP,Mumbai High Complex,4.75,Actual,4.75,No,295.5,Synthetic
7871,2025-10-17,SHP,Mumbai High Complex,4.75,Actual,4.75,No,287.7,Synthetic
7883,2025-10-18,SHP,Mumbai High Complex,4.75,Actual,4.75,No,288.0,Synthetic
7895,2025-10-19,SHP,Mumbai High Complex,4.8,Actual,4.8,No,282.0,Synthetic
7907,2025-10-20,SHP,Mumbai High Complex,4.8,Actual,4.8,No,295.6,Synthetic
7919,2025-10-21,SHP,Mumbai High Complex,4.8,Actual,4.8,No,310.3,Synthetic
7931,2025-10-22,SHP,Mumbai High Complex,4.6,Actual,4.6,No,294.7,Synthetic
7943,2025-10-23,SHP,Mumbai High Complex,4.8,Actual,4.8,No,297.8,Synthetic
7955,2025-10-24,SHP,Mumbai High Complex,4.8,Actual,4.8,No,306.8,Synthetic
7967,2025-10-25,SHP,Mumbai High Complex,4.9,Actual,4.9,No,290.5,Synthetic
7979,2025-10-26,SHP,Mumbai High Complex,4.8,Actual,4.8,No,311.7,Synthetic
7991,2025-10-27,SHP,Mumbai High Complex,4.7,Actual,4.7,No,311.0,Synthetic
8003,2025-10-28,SHP,Mumbai High Complex,4.8,Actual,4.8,No,291.7,Synthetic
8015,2025-10-29,SHP,Mumbai High Complex,4.8,Actual,4.8,No,287.3,Synthetic
8027,2025-10-30,SHP,Mumbai High Complex,4.75,Actual,4.75,No,298.1,Synthetic
8039,2025-10-31,SHP,Mumbai High Complex,4.65,Actual,4.65,No,288.6,Synthetic
8051,2025-11-01,SHP,Mumbai High Complex,4.6,Actual,4.6,No,281.2,Synthetic
8063,2025-11-02,SHP,Mumbai High Complex,4.7,Actual,4.7,No,301.8,Synthetic
8075,2025-11-03,SHP,Mumbai High Complex,4.7,Actual,4.7,No,300.8,Synthetic
8087,2025-11-04,SHP,Mumbai High Complex,4.65,Actual,4.65,No,291.2,Synthetic
8099,2025-11-05,SHP,Mumbai High Complex,4.6,Actual,4.6,No,278.5,Synthetic
8111,2025-11-06,SHP,Mumbai High Complex,4.7,Actual,4.7,No,278.2,Synthetic
8123,2025-11-07,SHP,Mumbai High Complex,4.7,Actual,4.7,No,289.3,Synthetic
8135,2025-11-08,SHP,Mumbai High Complex,4.83,Actual,4.83,No,283.4,Synthetic
8147,2025-11-09,SHP,Mumbai High Complex,5.1,Actual,5.1,No,283.9,Synthetic
8159,2025-11-10,SHP,Mumbai High Complex,4.7,Actual,4.7,No,295.8,Synthetic
8171,2025-11-11,SHP,Mumbai High Complex,4.85,Actual,4.85,No,292.6,Synthetic
8183,2025-11-12,SHP,Mumbai High Complex,4.85,Actual,4.85,No,297.7,Synthetic
8195,2025-11-13,SHP,Mumbai High Complex,4.95,Actual,4.95,No,276.8,Synthetic
8207,2025-11-14,SHP,Mumbai High Complex,4.95,Actual,4.95,No,281.9,Synthetic
8219,2025-11-15,SHP,Mumbai High Complex,4.9,Actual,4.9,No,290.9,Synthetic
8231,2025-11-16,SHP,Mumbai High Complex,4.8,Actual,4.8,No,288.0,Synthetic
8243,2025-11-17,SHP,Mumbai High Complex,4.8,Actual,4.8,No,296.8,Synthetic
8255,2025-11-18,SHP,Mumbai High Complex,4.8,Actual,4.8,No,286.8,Synthetic
8267,2025-11-19,SHP,Mumbai High Complex,4.85,Actual,4.85,No,298.4,Synthetic
8279,2025-11-20,SHP,Mumbai High Complex,4.85,Actual,4.85,No,286.9,Synthetic
8291,2025-11-21,SHP,Mumbai High Complex,4.7,Actual,4.7,No,291.1,Synthetic
8303,2025-11-22,SHP,Mumbai High Complex,4.7,Actual,4.7,No,278.9,Synthetic
8315,2025-11-23,SHP,Mumbai High Complex,4.9,Actual,4.9,No,281.0,Synthetic
8327,2025-11-24,SHP,Mumbai High Complex,4.9,Actual,4.9,No,288.1,Synthetic
8339,2025-11-25,SHP,Mumbai High Complex,4.8,Actual,4.8,No,293.7,Synthetic
8351,2025-11-26,SHP,Mumbai High Complex,4.6,Actual,4.6,No,286.2,Synthetic
8363,2025-11-27,SHP,Mumbai High Complex,4.62,Actual,4.62,No,278.9,Synthetic
8375,2025-11-28,SHP,Mumbai High Complex,4.78,Actual,4.78,No,290.4,Synthetic
8387,2025-11-29,SHP,Mumbai High Complex,4.62,Actual,4.62,No,260.3,Synthetic
8399,2025-11-30,SHP,Mumbai High Complex,4.78,Actual,4.78,No,266.1,Synthetic
8411,2025-12-01,SHP,Mumbai High Complex,4.75,Actual,4.75,No,283.3,Synthetic
8423,2025-12-02,SHP,Mumbai High Complex,4.7,Actual,4.7,No,277.4,Synthetic
8435,2025-12-03,SHP,Mumbai High Complex,4.65,Actual,4.65,No,281.9,Synthetic
8447,2025-12-04,SHP,Mumbai High Complex,4.75,Actual,4.75,No,276.8,Synthetic
8459,2025-12-05,SHP,Mumbai High Complex,4.6,Actual,4.6,No,280.8,Synthetic
8471,2025-12-06,SHP,Mumbai High Complex,4.75,Actual,4.75,No,268.7,Synthetic
8483,2025-12-07,SHP,Mumbai High Complex,4.6,Actual,4.6,No,279.9,Synthetic
8495,2025-12-08,SHP,Mumbai High Complex,4.95,Actual,4.95,No,282.4,Synthetic
8507,2025-12-09,SHP,Mumbai High Complex,5.5,Actual,5.5,No,282.9,Synthetic
8519,2025-12-10,SHP,Mumbai High Complex,5.0,Actual,5.0,No,289.8,Synthetic
8531,2025-12-11,SHP,Mumbai High Complex,5.0,Actual,5.0,No,274.9,Synthetic
8543,2025-12-12,SHP,Mumbai High Complex,5.8,Actual,5.8,No,273.4,Synthetic
8555,2025-12-13,SHP,Mumbai High Complex,4.9,Actual,4.9,No,259.7,Synthetic
8567,2025-12-14,SHP,Mumbai High Complex,4.6,Actual,4.6,No,267.8,Synthetic
8579,2025-12-15,SHP,Mumbai High Complex,4.6,Actual,4.6,No,270.2,Synthetic
8591,2025-12-16,SHP,Mumbai High Complex,4.9,Actual,4.9,No,279.4,Synthetic
8603,2025-12-17,SHP,Mumbai High Complex,4.9,Actual,4.9,No,265.5,Synthetic
8615,2025-12-18,SHP,Mumbai High Complex,4.65,Actual,4.65,No,276.9,Synthetic
8627,2025-12-19,SHP,Mumbai High Complex,3.8,Actual,3.8,No,271.3,Synthetic
8639,2025-12-20,SHP,Mumbai High Complex,3.7,Actual,3.7,No,269.6,Synthetic
8651,2025-12-21,SHP,Mumbai High Complex,3.63,Actual,3.63,No,272.7,Synthetic
8663,2025-12-22,SHP,Mumbai High Complex,3.71,Actual,3.71,No,267.0,Synthetic
8675,2025-12-23,SHP,Mumbai High Complex,3.75,Actual,3.75,No,266.2,Synthetic
8687,2025-12-24,SHP,Mumbai High Complex,3.92,Actual,3.92,No,255.2,Synthetic
8699,2025-12-25,SHP,Mumbai High Complex,4.7,Actual,4.7,No,265.4,Synthetic
8711,2025-12-26,SHP,Mumbai High Complex,4.7,Actual,4.7,No,263.1,Synthetic
8723,2025-12-27,SHP,Mumbai High Complex,4.7,Actual,4.7,No,262.4,Synthetic
8735,2025-12-28,SHP,Mumbai High Complex,5.7,Actual,5.7,No,267.9,Synthetic
8747,2025-12-29,SHP,Mumbai High Complex,5.6,Actual,5.6,No,269.5,Synthetic
8759,2025-12-30,SHP,Mumbai High Complex,5.6,Actual,5.6,No,265.7,Synthetic
8771,2025-12-31,SHP,Mumbai High Complex,5.5,Actual,5.5,No,271.5,Synthetic
8783,2026-01-01,SHP,Mumbai High Complex,6.2,Actual,6.2,No,266.7,Synthetic
8795,2026-01-02,SHP,Mumbai High Complex,6.4,Actual,6.4,No,259.2,Synthetic
8807,2026-01-03,SHP,Mumbai High Complex,5.6,Actual,5.6,No,258.6,Synthetic
8819,2026-01-04,SHP,Mumbai High Complex,4.9,Actual,4.9,No,265.3,Synthetic
8831,2026-01-05,SHP,Mumbai High Complex,4.9,Actual,4.9,No,267.0,Synthetic
8843,2026-01-06,SHP,Mumbai High Complex,4.8,Actual,4.8,No,273.2,Synthetic
8855,2026-01-07,SHP,Mumbai High Complex,4.9,Actual,4.9,No,271.0,Synthetic
8867,2026-01-08,SHP,Mumbai High Complex,4.9,Actual,4.9,No,257.0,Synthetic
8879,2026-01-09,SHP,Mumbai High Complex,4.7,Actual,4.7,No,260.3,Synthetic
8891,2026-01-10,SHP,Mumbai High Complex,4.8,Actual,4.8,No,265.8,Synthetic
8903,2026-01-11,SHP,Mumbai High Complex,5.3,Actual,5.3,No,267.7,Synthetic
8915,2026-01-12,SHP,Mumbai High Complex,5.3,Actual,5.3,No,266.3,Synthetic
8927,2026-01-13,SHP,Mumbai High Complex,5.0,Actual,5.0,No,258.5,Synthetic
8939,2026-01-14,SHP,Mumbai High Complex,4.9,Actual,4.9,No,249.0,Synthetic
8951,2026-01-15,SHP,Mumbai High Complex,4.85,Actual,4.85,No,250.7,Synthetic
8963,2026-01-16,SHP,Mumbai High Complex,4.9,Actual,4.9,No,260.1,Synthetic
8975,2026-01-17,SHP,Mumbai High Complex,4.7,Actual,4.7,No,260.5,Synthetic
8987,2026-01-18,SHP,Mumbai High Complex,4.75,Actual,4.75,No,248.9,Synthetic
8999,2026-01-19,SHP,Mumbai High Complex,4.7,Actual,4.7,No,257.4,Synthetic
9011,2026-01-20,SHP,Mumbai High Complex,6.7,Actual,6.7,No,258.5,Synthetic
9023,2026-01-21,SHP,Mumbai High Complex,5.6,Actual,5.6,No,246.1,Synthetic
9035,2026-01-22,SHP,Mumbai High Complex,5.4,Actual,5.4,No,263.2,Synthetic
9047,2026-01-23,SHP,Mumbai High Complex,4.8,Actual,4.8,No,252.4,Synthetic
9059,2026-01-24,SHP,Mumbai High Complex,4.9,Actual,4.9,No,264.3,Synthetic
9071,2026-01-25,SHP,Mumbai High Complex,4.7,Actual,4.7,No,250.5,Synthetic
9083,2026-01-26,SHP,Mumbai High Complex,4.8,Actual,4.8,No,246.2,Synthetic
9095,2026-01-27,SHP,Mumbai High Complex,4.8,Actual,4.8,No,250.2,Synthetic
9107,2026-01-28,SHP,Mumbai High Complex,4.9,Actual,4.9,No,252.4,Synthetic
9119,2026-01-29,SHP,Mumbai High Complex,4.8,Actual,4.8,No,249.9,Synthetic
9131,2026-01-30,SHP,Mumbai High Complex,4.95,Actual,4.95,No,250.6,Synthetic
9143,2026-01-31,SHP,Mumbai High Complex,4.9,Actual,4.9,No,254.4,Synthetic
9155,2026-02-01,SHP,Mumbai High Complex,4.95,Actual,4.95,No,250.2,Synthetic
9167,2026-02-02,SHP,Mumbai High Complex,4.95,Actual,4.95,No,250.5,Synthetic
9179,2026-02-03,SHP,Mumbai High Complex,4.85,Actual,4.85,No,237.9,Synthetic
9191,2026-02-04,SHP,Mumbai High Complex,4.95,Actual,4.95,No,253.2,Synthetic
9203,2026-02-05,SHP,Mumbai High Complex,4.8,Actual,4.8,No,249.4,Synthetic
9215,2026-02-06,SHP,Mumbai High Complex,4.95,Actual,4.95,No,261.5,Synthetic
9227,2026-02-07,SHP,Mumbai High Complex,4.95,Actual,4.95,No,242.1,Synthetic
9239,2026-02-08,SHP,Mumbai High Complex,4.9,Actual,4.9,No,235.3,Synthetic
9251,2026-02-09,SHP,Mumbai High Complex,4.9,Actual,4.9,No,253.0,Synthetic
9263,2026-02-10,SHP,Mumbai High Complex,4.75,Actual,4.75,No,250.8,Synthetic
9275,2026-02-11,SHP,Mumbai High Complex,4.45,Actual,4.45,No,240.7,Synthetic
9287,2026-02-12,SHP,Mumbai High Complex,4.85,Actual,4.85,No,235.9,Synthetic
9299,2026-02-13,SHP,Mumbai High Complex,4.85,Actual,4.85,No,258.3,Synthetic
9311,2026-02-14,SHP,Mumbai High Complex,4.9,Actual,4.9,No,256.9,Synthetic
9323,2026-02-15,SHP,Mumbai High Complex,4.9,Actual,4.9,No,227.7,Synthetic
9335,2026-02-16,SHP,Mumbai High Complex,4.95,Actual,4.95,No,242.2,Synthetic
9347,2026-02-17,SHP,Mumbai High Complex,4.85,Actual,4.85,No,257.6,Synthetic
9359,2026-02-18,SHP,Mumbai High Complex,4.9,Actual,4.9,No,241.4,Synthetic
9371,2026-02-19,SHP,Mumbai High Complex,4.85,Actual,4.85,No,240.9,Synthetic
9383,2026-02-20,SHP,Mumbai High Complex,4.9,Actual,4.9,No,242.0,Synthetic
9395,2026-02-21,SHP,Mumbai High Complex,4.8,Actual,4.8,No,235.6,Synthetic
9407,2026-02-22,SHP,Mumbai High Complex,4.75,Actual,4.75,No,231.1,Synthetic
9419,2026-02-23,SHP,Mumbai High Complex,4.75,Actual,4.75,No,250.8,Synthetic
9431,2026-02-24,SHP,Mumbai High Complex,4.6,Actual,4.6,No,229.5,Synthetic
12,2024-01-01,URAN END,Heera-Uran Complex,14.7,Estimated,14.7,No,2095.1,Synthetic
24,2024-01-02,URAN END,Heera-Uran Complex,14.7,Estimated,14.7,No,2132.3,Synthetic
36,2024-01-03,URAN END,Heera-Uran Complex,14.7,Estimated,14.7,No,1984.2,Synthetic
48,2024-01-04,URAN END,Heera-Uran Complex,14.7,Estimated,14.7,No,2014.5,Synthetic
60,2024-01-05,URAN END,Heera-Uran Complex,14.7,Estimated,14.7,No,2144.8,Synthetic
72,2024-01-06,URAN END,Heera-Uran Complex,14.7,Estimated,14.7,No,2099.9,Synthetic
84,2024-01-07,URAN END,Heera-Uran Complex,14.7,Estimated,14.7,No,2026.1,Synthetic
96,2024-01-08,URAN END,Heera-Uran Complex,14.7,Estimated,14.7,No,2136.2,Synthetic
108,2024-01-09,URAN END,Heera-Uran Complex,14.7,Estimated,14.7,No,2133.8,Synthetic
120,2024-01-10,URAN END,Heera-Uran Complex,14.7,Estimated,14.7,No,2073.4,Synthetic
132,2024-01-11,URAN END,Heera-Uran Complex,14.7,Estimated,14.7,No,1998.8,Synthetic
144,2024-01-12,URAN END,Heera-Uran Complex,14.7,Estimated,14.7,No,2026.3,Synthetic
156,2024-01-13,URAN END,Heera-Uran Complex,14.7,Estimated,14.7,No,2066.8,Synthetic
168,2024-01-14,URAN END,Heera-Uran Complex,14.7,Estimated,14.7,No,2035.1,Synthetic
180,2024-01-15,URAN END,Heera-Uran Complex,14.7,Estimated,14.7,No,2101.8,Synthetic
192,2024-01-16,URAN END,Heera-Uran Complex,14.7,Estimated,14.7,No,1948.0,Synthetic
204,2024-01-17,URAN END,Heera-Uran Complex,14.7,Estimated,14.7,No,1947.8,Synthetic
216,2024-01-18,URAN END,Heera-Uran Complex,14.7,Estimated,14.7,No,2047.7,Synthetic
228,2024-01-19,URAN END,Heera-Uran Complex,14.7,Estimated,14.7,No,2004.2,Synthetic
240,2024-01-20,URAN END,Heera-Uran Complex,14.7,Estimated,14.7,No,1993.5,Synthetic
252,2024-01-21,URAN END,Heera-Uran Complex,14.7,Estimated,14.7,No,1921.6,Synthetic
264,2024-01-22,URAN END,Heera-Uran Complex,14.7,Estimated,14.7,No,2027.9,Synthetic
276,2024-01-23,URAN END,Heera-Uran Complex,14.7,Estimated,14.7,No,2021.0,Synthetic
288,2024-01-24,URAN END,Heera-Uran Complex,14.7,Estimated,14.7,No,2061.4,Synthetic
300,2024-01-25,URAN END,Heera-Uran Complex,14.7,Estimated,14.7,No,2023.4,Synthetic
312,2024-01-26,URAN END,Heera-Uran Complex,14.7,Estimated,14.7,No,2008.7,Synthetic
324,2024-01-27,URAN END,Heera-Uran Complex,14.7,Estimated,14.7,No,2085.4,Synthetic
336,2024-01-28,URAN END,Heera-Uran Complex,14.7,Estimated,14.7,No,1932.6,Synthetic
348,2024-01-29,URAN END,Heera-Uran Complex,14.7,Estimated,14.7,No,2041.7,Synthetic
360,2024-01-30,URAN END,Heera-Uran Complex,14.7,Estimated,14.7,No,1906.3,Synthetic
372,2024-01-31,URAN END,Heera-Uran Complex,14.7,Estimated,14.7,No,1954.0,Synthetic
384,2024-02-01,URAN END,Heera-Uran Complex,14.7,Estimated,14.7,No,1929.1,Synthetic
396,2024-02-02,URAN END,Heera-Uran Complex,14.7,Estimated,14.7,No,2046.4,Synthetic
408,2024-02-03,URAN END,Heera-Uran Complex,14.7,Estimated,14.7,No,1993.1,Synthetic
420,2024-02-04,URAN END,Heera-Uran Complex,14.7,Estimated,14.7,No,1993.8,Synthetic
432,2024-02-05,URAN END,Heera-Uran Complex,14.7,Estimated,14.7,No,1926.0,Synthetic
444,2024-02-06,URAN END,Heera-Uran Complex,14.7,Estimated,14.7,No,1971.8,Synthetic
456,2024-02-07,URAN END,Heera-Uran Complex,14.7,Estimated,14.7,No,1941.8,Synthetic
468,2024-02-08,URAN END,Heera-Uran Complex,14.7,Estimated,14.7,No,2007.7,Synthetic
480,2024-02-09,URAN END,Heera-Uran Complex,14.7,Estimated,14.7,No,1923.5,Synthetic
492,2024-02-10,URAN END,Heera-Uran Complex,14.7,Estimated,14.7,No,2059.0,Synthetic
504,2024-02-11,URAN END,Heera-Uran Complex,14.7,Estimated,14.7,No,1878.1,Synthetic
516,2024-02-12,URAN END,Heera-Uran Complex,14.7,Estimated,14.7,No,1927.3,Synthetic
528,2024-02-13,URAN END,Heera-Uran Complex,14.7,Estimated,14.7,No,2071.9,Synthetic
540,2024-02-14,URAN END,Heera-Uran Complex,14.7,Estimated,14.7,No,1944.5,Synthetic
552,2024-02-15,URAN END,Heera-Uran Complex,14.7,Estimated,14.7,No,1890.2,Synthetic
564,2024-02-16,URAN END,Heera-Uran Complex,14.7,Estimated,14.7,No,1978.4,Synthetic
576,2024-02-17,URAN END,Heera-Uran Complex,14.7,Estimated,14.7,No,1935.0,Synthetic
588,2024-02-18,URAN END,Heera-Uran Complex,14.7,Estimated,14.7,No,1911.5,Synthetic
600,2024-02-19,URAN END,Heera-Uran Complex,14.7,Estimated,14.7,No,1893.8,Synthetic
612,2024-02-20,URAN END,Heera-Uran Complex,14.7,Estimated,14.7,No,2118.2,Synthetic
624,2024-02-21,URAN END,Heera-Uran Complex,14.7,Estimated,14.7,No,1938.7,Synthetic
636,2024-02-22,URAN END,Heera-Uran Complex,14.7,Estimated,14.7,No,1838.3,Synthetic
648,2024-02-23,URAN END,Heera-Uran Complex,14.7,Estimated,14.7,No,2035.9,Synthetic
660,2024-02-24,URAN END,Heera-Uran Complex,14.7,Estimated,14.7,No,1981.9,Synthetic
672,2024-02-25,URAN END,Heera-Uran Complex,14.7,Estimated,14.7,No,1899.1,Synthetic
684,2024-02-26,URAN END,Heera-Uran Complex,14.7,Estimated,14.7,No,1887.1,Synthetic
696,2024-02-27,URAN END,Heera-Uran Complex,14.7,Estimated,14.7,No,1978.3,Synthetic
708,2024-02-28,URAN END,Heera-Uran Complex,14.7,Estimated,14.7,No,1922.3,Synthetic
720,2024-02-29,URAN END,Heera-Uran Complex,14.7,Estimated,14.7,No,1822.6,Synthetic
732,2024-03-01,URAN END,Heera-Uran Complex,14.7,Estimated,14.7,No,2035.5,Synthetic
744,2024-03-02,URAN END,Heera-Uran Complex,14.7,Estimated,14.7,No,1904.5,Synthetic
756,2024-03-03,URAN END,Heera-Uran Complex,14.7,Estimated,14.7,No,2013.7,Synthetic
768,2024-03-04,URAN END,Heera-Uran Complex,14.7,Estimated,14.7,No,1998.7,Synthetic
780,2024-03-05,URAN END,Heera-Uran Complex,14.7,Estimated,14.7,No,1864.7,Synthetic
792,2024-03-06,URAN END,Heera-Uran Complex,14.7,Estimated,14.7,No,1979.6,Synthetic
804,2024-03-07,URAN END,Heera-Uran Complex,14.7,Estimated,14.7,No,1880.3,Synthetic
816,2024-03-08,URAN END,Heera-Uran Complex,14.7,Estimated,14.7,No,1808.1,Synthetic
828,2024-03-09,URAN END,Heera-Uran Complex,14.7,Estimated,14.7,No,1888.7,Synthetic
840,2024-03-10,URAN END,Heera-Uran Complex,14.7,Estimated,14.7,No,1933.5,Synthetic
852,2024-03-11,URAN END,Heera-Uran Complex,14.7,Estimated,14.7,No,1881.9,Synthetic
864,2024-03-12,URAN END,Heera-Uran Complex,14.7,Estimated,14.7,No,1888.5,Synthetic
876,2024-03-13,URAN END,Heera-Uran Complex,14.7,Estimated,14.7,No,1969.0,Synthetic
888,2024-03-14,URAN END,Heera-Uran Complex,14.7,Estimated,14.7,No,1907.4,Synthetic
900,2024-03-15,URAN END,Heera-Uran Complex,14.7,Estimated,14.7,No,1851.0,Synthetic
912,2024-03-16,URAN END,Heera-Uran Complex,14.7,Estimated,14.7,No,1936.6,Synthetic
924,2024-03-17,URAN END,Heera-Uran Complex,14.7,Estimated,14.7,No,1905.6,Synthetic
936,2024-03-18,URAN END,Heera-Uran Complex,14.7,Estimated,14.7,No,1748.9,Synthetic
948,2024-03-19,URAN END,Heera-Uran Complex,14.7,Estimated,14.7,No,1914.0,Synthetic
960,2024-03-20,URAN END,Heera-Uran Complex,14.7,Estimated,14.7,No,1909.6,Synthetic
972,2024-03-21,URAN END,Heera-Uran Complex,14.7,Estimated,14.7,No,1886.2,Synthetic
984,2024-03-22,URAN END,Heera-Uran Complex,14.7,Estimated,14.7,No,1933.1,Synthetic
996,2024-03-23,URAN END,Heera-Uran Complex,14.7,Estimated,14.7,No,1842.5,Synthetic
1008,2024-03-24,URAN END,Heera-Uran Complex,14.7,Estimated,14.7,No,1897.1,Synthetic
1020,2024-03-25,URAN END,Heera-Uran Complex,14.7,Estimated,14.7,No,1787.7,Synthetic
1032,2024-03-26,URAN END,Heera-Uran Complex,14.7,Estimated,14.7,No,1896.4,Synthetic
1044,2024-03-27,URAN END,Heera-Uran Complex,14.7,Estimated,14.7,No,1980.9,Synthetic
1056,2024-03-28,URAN END,Heera-Uran Complex,14.7,Estimated,14.7,No,1813.2,Synthetic
1068,2024-03-29,URAN END,Heera-Uran Complex,14.7,Estimated,14.7,No,1824.1,Synthetic
1080,2024-03-30,URAN END,Heera-Uran Complex,14.7,Estimated,14.7,No,1824.7,Synthetic
1092,2024-03-31,URAN END,Heera-Uran Complex,14.7,Estimated,14.7,No,1869.3,Synthetic
1104,2024-04-01,URAN END,Heera-Uran Complex,14.7,Estimated,14.7,No,1800.5,Synthetic
1116,2024-04-02,URAN END,Heera-Uran Complex,14.7,Estimated,14.7,No,1881.0,Synthetic
1128,2024-04-03,URAN END,Heera-Uran Complex,14.7,Estimated,14.7,No,1902.4,Synthetic
1140,2024-04-04,URAN END,Heera-Uran Complex,14.7,Estimated,14.7,No,1882.7,Synthetic
1152,2024-04-05,URAN END,Heera-Uran Complex,14.7,Estimated,14.7,No,1752.5,Synthetic
1164,2024-04-06,URAN END,Heera-Uran Complex,14.7,Estimated,14.7,No,1903.6,Synthetic
1176,2024-04-07,URAN END,Heera-Uran Complex,14.7,Estimated,14.7,No,1898.1,Synthetic
1188,2024-04-08,URAN END,Heera-Uran Complex,14.7,Estimated,14.7,No,1889.8,Synthetic
1200,2024-04-09,URAN END,Heera-Uran Complex,14.7,Estimated,14.7,No,1862.2,Synthetic
1212,2024-04-10,URAN END,Heera-Uran Complex,14.7,Estimated,14.7,No,1851.5,Synthetic
1224,2024-04-11,URAN END,Heera-Uran Complex,14.7,Estimated,14.7,No,1894.0,Synthetic
1236,2024-04-12,URAN END,Heera-Uran Complex,14.7,Estimated,14.7,No,1940.7,Synthetic
1248,2024-04-13,URAN END,Heera-Uran Complex,14.7,Estimated,14.7,No,1780.2,Synthetic
1260,2024-04-14,URAN END,Heera-Uran Complex,14.7,Estimated,14.7,No,1889.6,Synthetic
1272,2024-04-15,URAN END,Heera-Uran Complex,14.7,Estimated,14.7,No,1823.4,Synthetic
1284,2024-04-16,URAN END,Heera-Uran Complex,14.7,Estimated,14.7,No,1818.8,Synthetic
1296,2024-04-17,URAN END,Heera-Uran Complex,14.7,Estimated,14.7,No,1739.6,Synthetic
1308,2024-04-18,URAN END,Heera-Uran Complex,14.7,Estimated,14.7,No,1805.8,Synthetic
1320,2024-04-19,URAN END,Heera-Uran Complex,14.7,Estimated,14.7,No,1764.7,Synthetic
1332,2024-04-20,URAN END,Heera-Uran Complex,14.7,Estimated,14.7,No,1791.6,Synthetic
1344,2024-04-21,URAN END,Heera-Uran Complex,14.7,Estimated,14.7,No,1754.9,Synthetic
1356,2024-04-22,URAN END,Heera-Uran Complex,14.7,Estimated,14.7,No,1788.1,Synthetic
1368,2024-04-23,URAN END,Heera-Uran Complex,14.7,Estimated,14.7,No,1788.2,Synthetic
1380,2024-04-24,URAN END,Heera-Uran Complex,14.7,Estimated,14.7,No,1813.3,Synthetic
1392,2024-04-25,URAN END,Heera-Uran Complex,14.7,Estimated,14.7,No,1718.3,Synthetic
1404,2024-04-26,URAN END,Heera-Uran Complex,14.7,Estimated,14.7,No,1725.4,Synthetic
1416,2024-04-27,URAN END,Heera-Uran Complex,14.7,Estimated,14.7,No,1820.9,Synthetic
1428,2024-04-28,URAN END,Heera-Uran Complex,14.7,Estimated,14.7,No,1756.1,Synthetic
1440,2024-04-29,URAN END,Heera-Uran Complex,14.7,Estimated,14.7,No,1854.9,Synthetic
1452,2024-04-30,URAN END,Heera-Uran Complex,14.7,Estimated,14.7,No,1806.9,Synthetic
1464,2024-05-01,URAN END,Heera-Uran Complex,14.7,Estimated,14.7,No,1825.2,Synthetic
1476,2024-05-02,URAN END,Heera-Uran Complex,14.7,Estimated,14.7,No,1866.1,Synthetic
1488,2024-05-03,URAN END,Heera-Uran Complex,14.7,Estimated,14.7,No,1771.5,Synthetic
1500,2024-05-04,URAN END,Heera-Uran Complex,14.7,Estimated,14.7,No,1755.2,Synthetic
1512,2024-05-05,URAN END,Heera-Uran Complex,14.7,Estimated,14.7,No,1830.4,Synthetic
1524,2024-05-06,URAN END,Heera-Uran Complex,14.7,Estimated,14.7,No,1808.8,Synthetic
1536,2024-05-07,URAN END,Heera-Uran Complex,14.7,Estimated,14.7,No,1769.4,Synthetic
1548,2024-05-08,URAN END,Heera-Uran Complex,14.7,Estimated,14.7,No,1851.4,Synthetic
1560,2024-05-09,URAN END,Heera-Uran Complex,14.7,Estimated,14.7,No,1763.7,Synthetic
1572,2024-05-10,URAN END,Heera-Uran Complex,14.7,Estimated,14.7,No,1774.6,Synthetic
1584,2024-05-11,URAN END,Heera-Uran Complex,14.7,Estimated,14.7,No,1771.8,Synthetic
1596,2024-05-12,URAN END,Heera-Uran Complex,14.7,Estimated,14.7,No,1718.9,Synthetic
1608,2024-05-13,URAN END,Heera-Uran Complex,14.7,Estimated,14.7,No,1770.4,Synthetic
1620,2024-05-14,URAN END,Heera-Uran Complex,14.7,Estimated,14.7,No,1838.1,Synthetic
1632,2024-05-15,URAN END,Heera-Uran Complex,14.7,Estimated,14.7,No,1785.5,Synthetic
1644,2024-05-16,URAN END,Heera-Uran Complex,14.7,Estimated,14.7,No,1761.5,Synthetic
1656,2024-05-17,URAN END,Heera-Uran Complex,14.7,Estimated,14.7,No,1749.2,Synthetic
1668,2024-05-18,URAN END,Heera-Uran Complex,14.7,Estimated,14.7,No,1773.0,Synthetic
1680,2024-05-19,URAN END,Heera-Uran Complex,14.7,Estimated,14.7,No,1792.8,Synthetic
1692,2024-05-20,URAN END,Heera-Uran Complex,14.7,Estimated,14.7,No,1783.2,Synthetic
1704,2024-05-21,URAN END,Heera-Uran Complex,14.7,Estimated,14.7,No,1731.7,Synthetic
1716,2024-05-22,URAN END,Heera-Uran Complex,14.7,Estimated,14.7,No,1763.9,Synthetic
1728,2024-05-23,URAN END,Heera-Uran Complex,14.7,Estimated,14.7,No,1769.9,Synthetic
1740,2024-05-24,URAN END,Heera-Uran Complex,14.7,Estimated,14.7,No,1690.0,Synthetic
1752,2024-05-25,URAN END,Heera-Uran Complex,14.7,Estimated,14.7,No,1749.3,Synthetic
1764,2024-05-26,URAN END,Heera-Uran Complex,14.7,Estimated,14.7,No,1625.7,Synthetic
1776,2024-05-27,URAN END,Heera-Uran Complex,14.7,Estimated,14.7,No,1761.4,Synthetic
1788,2024-05-28,URAN END,Heera-Uran Complex,14.7,Estimated,14.7,No,1768.5,Synthetic
1800,2024-05-29,URAN END,Heera-Uran Complex,14.7,Estimated,14.7,No,1770.8,Synthetic
1812,2024-05-30,URAN END,Heera-Uran Complex,14.7,Estimated,14.7,No,1709.4,Synthetic
1824,2024-05-31,URAN END,Heera-Uran Complex,14.7,Estimated,14.7,No,1743.7,Synthetic
1836,2024-06-01,URAN END,Heera-Uran Complex,14.7,Estimated,14.7,No,1799.3,Synthetic
1848,2024-06-02,URAN END,Heera-Uran Complex,14.7,Estimated,14.7,No,1796.6,Synthetic
1860,2024-06-03,URAN END,Heera-Uran Complex,14.7,Estimated,14.7,No,1719.9,Synthetic
1872,2024-06-04,URAN END,Heera-Uran Complex,14.7,Estimated,14.7,No,1726.5,Synthetic
1884,2024-06-05,URAN END,Heera-Uran Complex,14.7,Estimated,14.7,No,1774.4,Synthetic
1896,2024-06-06,URAN END,Heera-Uran Complex,14.7,Estimated,14.7,No,1637.8,Synthetic
1908,2024-06-07,URAN END,Heera-Uran Complex,14.7,Estimated,14.7,No,1696.3,Synthetic
1920,2024-06-08,URAN END,Heera-Uran Complex,14.7,Estimated,14.7,No,1779.4,Synthetic
1932,2024-06-09,URAN END,Heera-Uran Complex,14.7,Estimated,14.7,No,1758.7,Synthetic
1944,2024-06-10,URAN END,Heera-Uran Complex,14.7,Estimated,14.7,No,1725.6,Synthetic
1956,2024-06-11,URAN END,Heera-Uran Complex,14.7,Estimated,14.7,No,1627.6,Synthetic
1968,2024-06-12,URAN END,Heera-Uran Complex,14.7,Estimated,14.7,No,1699.9,Synthetic
1980,2024-06-13,URAN END,Heera-Uran Complex,14.7,Estimated,14.7,No,1670.3,Synthetic
1992,2024-06-14,URAN END,Heera-Uran Complex,14.7,Estimated,14.7,No,1715.2,Synthetic
2004,2024-06-15,URAN END,Heera-Uran Complex,14.7,Estimated,14.7,No,1655.0,Synthetic
2016,2024-06-16,URAN END,Heera-Uran Complex,14.7,Estimated,14.7,No,1642.0,Synthetic
2028,2024-06-17,URAN END,Heera-Uran Complex,14.7,Estimated,14.7,No,1587.2,Synthetic
2040,2024-06-18,URAN END,Heera-Uran Complex,14.7,Estimated,14.7,No,1751.9,Synthetic
2052,2024-06-19,URAN END,Heera-Uran Complex,14.7,Estimated,14.7,No,1667.7,Synthetic
2064,2024-06-20,URAN END,Heera-Uran Complex,14.7,Estimated,14.7,No,1693.8,Synthetic
2076,2024-06-21,URAN END,Heera-Uran Complex,14.7,Estimated,14.7,No,1683.6,Synthetic
2088,2024-06-22,URAN END,Heera-Uran Complex,14.7,Estimated,14.7,No,1627.8,Synthetic
2100,2024-06-23,URAN END,Heera-Uran Complex,14.7,Estimated,14.7,No,1616.2,Synthetic
2112,2024-06-24,URAN END,Heera-Uran Complex,14.7,Estimated,14.7,No,1627.0,Synthetic
2124,2024-06-25,URAN END,Heera-Uran Complex,14.7,Estimated,14.7,No,1639.2,Synthetic
2136,2024-06-26,URAN END,Heera-Uran Complex,14.7,Estimated,14.7,No,1691.9,Synthetic
2148,2024-06-27,URAN END,Heera-Uran Complex,14.7,Estimated,14.7,No,1631.5,Synthetic
2160,2024-06-28,URAN END,Heera-Uran Complex,14.7,Estimated,14.7,No,1756.8,Synthetic
2172,2024-06-29,URAN END,Heera-Uran Complex,14.7,Estimated,14.7,No,1718.7,Synthetic
2184,2024-06-30,URAN END,Heera-Uran Complex,14.7,Estimated,14.7,No,1705.6,Synthetic
2196,2024-07-01,URAN END,Heera-Uran Complex,14.7,Estimated,14.7,No,1657.2,Synthetic
2208,2024-07-02,URAN END,Heera-Uran Complex,14.7,Estimated,14.7,No,1736.6,Synthetic
2220,2024-07-03,URAN END,Heera-Uran Complex,14.7,Estimated,14.7,No,1648.3,Synthetic
2232,2024-07-04,URAN END,Heera-Uran Complex,14.7,Estimated,14.7,No,1655.5,Synthetic
2244,2024-07-05,URAN END,Heera-Uran Complex,14.7,Estimated,14.7,No,1663.5,Synthetic
2256,2024-07-06,URAN END,Heera-Uran Complex,14.7,Estimated,14.7,No,1687.8,Synthetic
2268,2024-07-07,URAN END,Heera-Uran Complex,14.7,Estimated,14.7,No,1682.6,Synthetic
2280,2024-07-08,URAN END,Heera-Uran Complex,14.7,Estimated,14.7,No,1625.5,Synthetic
2292,2024-07-09,URAN END,Heera-Uran Complex,14.7,Estimated,14.7,No,1620.6,Synthetic
2304,2024-07-10,URAN END,Heera-Uran Complex,14.7,Estimated,14.7,No,1676.5,Synthetic
2316,2024-07-11,URAN END,Heera-Uran Complex,14.7,Estimated,14.7,No,1678.2,Synthetic
2328,2024-07-12,URAN END,Heera-Uran Complex,14.7,Estimated,14.7,No,1621.5,Synthetic
2340,2024-07-13,URAN END,Heera-Uran Complex,14.7,Estimated,14.7,No,1560.9,Synthetic
2352,2024-07-14,URAN END,Heera-Uran Complex,14.7,Estimated,14.7,No,1626.7,Synthetic
2364,2024-07-15,URAN END,Heera-Uran Complex,14.7,Estimated,14.7,No,1665.5,Synthetic
2376,2024-07-16,URAN END,Heera-Uran Complex,14.7,Estimated,14.7,No,1721.3,Synthetic
2388,2024-07-17,URAN END,Heera-Uran Complex,14.7,Estimated,14.7,No,1572.2,Synthetic
2400,2024-07-18,URAN END,Heera-Uran Complex,14.7,Estimated,14.7,No,1608.0,Synthetic
2412,2024-07-19,URAN END,Heera-Uran Complex,14.7,Estimated,14.7,No,1607.9,Synthetic
2424,2024-07-20,URAN END,Heera-Uran Complex,14.7,Estimated,14.7,No,1691.0,Synthetic
2436,2024-07-21,URAN END,Heera-Uran Complex,14.7,Estimated,14.7,No,1621.2,Synthetic
2448,2024-07-22,URAN END,Heera-Uran Complex,14.7,Estimated,14.7,No,1576.8,Synthetic
2460,2024-07-23,URAN END,Heera-Uran Complex,14.7,Estimated,14.7,No,1646.0,Synthetic
2472,2024-07-24,URAN END,Heera-Uran Complex,14.7,Estimated,14.7,No,1597.3,Synthetic
2484,2024-07-25,URAN END,Heera-Uran Complex,14.7,Estimated,14.7,No,1555.6,Synthetic
2496,2024-07-26,URAN END,Heera-Uran Complex,14.7,Estimated,14.7,No,1569.7,Synthetic
2508,2024-07-27,URAN END,Heera-Uran Complex,14.7,Estimated,14.7,No,1694.8,Synthetic
2520,2024-07-28,URAN END,Heera-Uran Complex,14.7,Estimated,14.7,No,1627.5,Synthetic
2532,2024-07-29,URAN END,Heera-Uran Complex,14.7,Estimated,14.7,No,1612.2,Synthetic
2544,2024-07-30,URAN END,Heera-Uran Complex,14.7,Estimated,14.7,No,1593.0,Synthetic
2556,2024-07-31,URAN END,Heera-Uran Complex,14.7,Estimated,14.7,No,1617.1,Synthetic
2568,2024-08-01,URAN END,Heera-Uran Complex,14.7,Estimated,14.7,No,1614.6,Synthetic
2580,2024-08-02,URAN END,Heera-Uran Complex,14.7,Estimated,14.7,No,1613.2,Synthetic
2592,2024-08-03,URAN END,Heera-Uran Complex,14.7,Estimated,14.7,No,1602.7,Synthetic
2604,2024-08-04,URAN END,Heera-Uran Complex,14.7,Estimated,14.7,No,1636.8,Synthetic
2616,2024-08-05,URAN END,Heera-Uran Complex,14.7,Estimated,14.7,No,1594.4,Synthetic
2628,2024-08-06,URAN END,Heera-Uran Complex,14.7,Estimated,14.7,No,1544.6,Synthetic
2640,2024-08-07,URAN END,Heera-Uran Complex,14.7,Estimated,14.7,No,1560.2,Synthetic
2652,2024-08-08,URAN END,Heera-Uran Complex,14.7,Estimated,14.7,No,1493.2,Synthetic
2664,2024-08-09,URAN END,Heera-Uran Complex,14.7,Estimated,14.7,No,1681.9,Synthetic
2676,2024-08-10,URAN END,Heera-Uran Complex,14.7,Estimated,14.7,No,1624.5,Synthetic
2688,2024-08-11,URAN END,Heera-Uran Complex,14.7,Estimated,14.7,No,1542.2,Synthetic
2700,2024-08-12,URAN END,Heera-Uran Complex,14.7,Estimated,14.7,No,1566.3,Synthetic
2712,2024-08-13,URAN END,Heera-Uran Complex,14.7,Estimated,14.7,No,1547.5,Synthetic
2724,2024-08-14,URAN END,Heera-Uran Complex,14.7,Estimated,14.7,No,1648.7,Synthetic
2736,2024-08-15,URAN END,Heera-Uran Complex,14.7,Estimated,14.7,No,1506.8,Synthetic
2748,2024-08-16,URAN END,Heera-Uran Complex,14.7,Estimated,14.7,No,1577.3,Synthetic
2760,2024-08-17,URAN END,Heera-Uran Complex,14.7,Estimated,14.7,No,1564.8,Synthetic
2772,2024-08-18,URAN END,Heera-Uran Complex,14.7,Estimated,14.7,No,1606.9,Synthetic
2784,2024-08-19,URAN END,Heera-Uran Complex,14.7,Estimated,14.7,No,1561.2,Synthetic
2796,2024-08-20,URAN END,Heera-Uran Complex,14.7,Estimated,14.7,No,1481.7,Synthetic
2808,2024-08-21,URAN END,Heera-Uran Complex,14.7,Estimated,14.7,No,1550.5,Synthetic
2820,2024-08-22,URAN END,Heera-Uran Complex,14.7,Estimated,14.7,No,1514.8,Synthetic
2832,2024-08-23,URAN END,Heera-Uran Complex,14.7,Estimated,14.7,No,1562.2,Synthetic
2844,2024-08-24,URAN END,Heera-Uran Complex,14.7,Estimated,14.7,No,1623.5,Synthetic
2856,2024-08-25,URAN END,Heera-Uran Complex,14.7,Estimated,14.7,No,1473.5,Synthetic
2868,2024-08-26,URAN END,Heera-Uran Complex,14.7,Estimated,14.7,No,1515.4,Synthetic
2880,2024-08-27,URAN END,Heera-Uran Complex,14.7,Estimated,14.7,No,1525.1,Synthetic
2892,2024-08-28,URAN END,Heera-Uran Complex,14.7,Estimated,14.7,No,1531.2,Synthetic
2904,2024-08-29,URAN END,Heera-Uran Complex,14.7,Estimated,14.7,No,1581.3,Synthetic
2916,2024-08-30,URAN END,Heera-Uran Complex,14.7,Estimated,14.7,No,1537.1,Synthetic
2928,2024-08-31,URAN END,Heera-Uran Complex,14.7,Estimated,14.7,No,1562.5,Synthetic
2940,2024-09-01,URAN END,Heera-Uran Complex,14.7,Estimated,14.7,No,1512.4,Synthetic
2952,2024-09-02,URAN END,Heera-Uran Complex,14.7,Estimated,14.7,No,1550.0,Synthetic
2964,2024-09-03,URAN END,Heera-Uran Complex,14.7,Estimated,14.7,No,1573.4,Synthetic
2976,2024-09-04,URAN END,Heera-Uran Complex,14.7,Estimated,14.7,No,1501.9,Synthetic
2988,2024-09-05,URAN END,Heera-Uran Complex,14.7,Estimated,14.7,No,1569.7,Synthetic
3000,2024-09-06,URAN END,Heera-Uran Complex,14.7,Estimated,14.7,No,1534.3,Synthetic
3012,2024-09-07,URAN END,Heera-Uran Complex,14.7,Estimated,14.7,No,1578.0,Synthetic
3024,2024-09-08,URAN END,Heera-Uran Complex,14.7,Estimated,14.7,No,1518.9,Synthetic
3036,2024-09-09,URAN END,Heera-Uran Complex,14.7,Estimated,14.7,No,1543.7,Synthetic
3048,2024-09-10,URAN END,Heera-Uran Complex,14.7,Estimated,14.7,No,1522.5,Synthetic
3060,2024-09-11,URAN END,Heera-Uran Complex,14.7,Estimated,14.7,No,1518.1,Synthetic
3072,2024-09-12,URAN END,Heera-Uran Complex,14.7,Estimated,14.7,No,1532.4,Synthetic
3084,2024-09-13,URAN END,Heera-Uran Complex,14.7,Estimated,14.7,No,1543.2,Synthetic
3096,2024-09-14,URAN END,Heera-Uran Complex,14.7,Estimated,14.7,No,1460.0,Synthetic
3108,2024-09-15,URAN END,Heera-Uran Complex,14.7,Estimated,14.7,No,1580.2,Synthetic
3120,2024-09-16,URAN END,Heera-Uran Complex,14.7,Estimated,14.7,No,1428.8,Synthetic
3132,2024-09-17,URAN END,Heera-Uran Complex,14.7,Estimated,14.7,No,1480.3,Synthetic
3144,2024-09-18,URAN END,Heera-Uran Complex,14.7,Estimated,14.7,No,1505.2,Synthetic
3156,2024-09-19,URAN END,Heera-Uran Complex,14.7,Estimated,14.7,No,1526.3,Synthetic
3168,2024-09-20,URAN END,Heera-Uran Complex,14.7,Estimated,14.7,No,1577.0,Synthetic
3180,2024-09-21,URAN END,Heera-Uran Complex,14.7,Estimated,14.7,No,1420.1,Synthetic
3192,2024-09-22,URAN END,Heera-Uran Complex,14.7,Estimated,14.7,No,1479.2,Synthetic
3204,2024-09-23,URAN END,Heera-Uran Complex,14.7,Estimated,14.7,No,1404.5,Synthetic
3216,2024-09-24,URAN END,Heera-Uran Complex,14.7,Estimated,14.7,No,1499.8,Synthetic
3228,2024-09-25,URAN END,Heera-Uran Complex,14.7,Estimated,14.7,No,1508.8,Synthetic
3240,2024-09-26,URAN END,Heera-Uran Complex,14.7,Estimated,14.7,No,1566.1,Synthetic
3252,2024-09-27,URAN END,Heera-Uran Complex,14.7,Estimated,14.7,No,1498.3,Synthetic
3264,2024-09-28,URAN END,Heera-Uran Complex,14.7,Estimated,14.7,No,1537.8,Synthetic
3276,2024-09-29,URAN END,Heera-Uran Complex,14.7,Estimated,14.7,No,1515.3,Synthetic
3288,2024-09-30,URAN END,Heera-Uran Complex,14.7,Estimated,14.7,No,1468.0,Synthetic
3300,2024-10-01,URAN END,Heera-Uran Complex,14.7,Estimated,14.7,No,1422.8,Synthetic
3312,2024-10-02,URAN END,Heera-Uran Complex,14.7,Estimated,14.7,No,1496.0,Synthetic
3324,2024-10-03,URAN END,Heera-Uran Complex,14.7,Estimated,14.7,No,1415.6,Synthetic
3336,2024-10-04,URAN END,Heera-Uran Complex,14.7,Estimated,14.7,No,1537.6,Synthetic
3348,2024-10-05,URAN END,Heera-Uran Complex,14.7,Estimated,14.7,No,1471.1,Synthetic
3360,2024-10-06,URAN END,Heera-Uran Complex,14.7,Estimated,14.7,No,1529.4,Synthetic
3372,2024-10-07,URAN END,Heera-Uran Complex,14.7,Estimated,14.7,No,1453.4,Synthetic
3384,2024-10-08,URAN END,Heera-Uran Complex,14.7,Estimated,14.7,No,1484.7,Synthetic
3396,2024-10-09,URAN END,Heera-Uran Complex,14.7,Estimated,14.7,No,1480.3,Synthetic
3408,2024-10-10,URAN END,Heera-Uran Complex,14.7,Estimated,14.7,No,1467.3,Synthetic
3420,2024-10-11,URAN END,Heera-Uran Complex,14.7,Estimated,14.7,No,1448.4,Synthetic
3432,2024-10-12,URAN END,Heera-Uran Complex,14.7,Estimated,14.7,No,1482.9,Synthetic
3444,2024-10-13,URAN END,Heera-Uran Complex,14.7,Estimated,14.7,No,1423.2,Synthetic
3456,2024-10-14,URAN END,Heera-Uran Complex,14.7,Estimated,14.7,No,1409.0,Synthetic
3468,2024-10-15,URAN END,Heera-Uran Complex,14.7,Estimated,14.7,No,1514.7,Synthetic
3480,2024-10-16,URAN END,Heera-Uran Complex,14.7,Estimated,14.7,No,1490.3,Synthetic
3492,2024-10-17,URAN END,Heera-Uran Complex,14.7,Estimated,14.7,No,1459.6,Synthetic
3504,2024-10-18,URAN END,Heera-Uran Complex,14.7,Estimated,14.7,No,1527.6,Synthetic
3516,2024-10-19,URAN END,Heera-Uran Complex,14.7,Estimated,14.7,No,1441.4,Synthetic
3528,2024-10-20,URAN END,Heera-Uran Complex,14.7,Estimated,14.7,No,1508.9,Synthetic
3540,2024-10-21,URAN END,Heera-Uran Complex,14.7,Estimated,14.7,No,1457.2,Synthetic
3552,2024-10-22,URAN END,Heera-Uran Complex,14.7,Estimated,14.7,No,1403.3,Synthetic
3564,2024-10-23,URAN END,Heera-Uran Complex,14.7,Estimated,14.7,No,1526.2,Synthetic
3576,2024-10-24,URAN END,Heera-Uran Complex,14.7,Estimated,14.7,No,1487.1,Synthetic
3588,2024-10-25,URAN END,Heera-Uran Complex,14.7,Estimated,14.7,No,1437.2,Synthetic
3600,2024-10-26,URAN END,Heera-Uran Complex,14.7,Estimated,14.7,No,1472.1,Synthetic
3612,2024-10-27,URAN END,Heera-Uran Complex,14.7,Estimated,14.7,No,1421.5,Synthetic
3624,2024-10-28,URAN END,Heera-Uran Complex,14.7,Estimated,14.7,No,1472.9,Synthetic
3636,2024-10-29,URAN END,Heera-Uran Complex,14.7,Estimated,14.7,No,1332.4,Synthetic
3648,2024-10-30,URAN END,Heera-Uran Complex,14.7,Estimated,14.7,No,1389.8,Synthetic
3660,2024-10-31,URAN END,Heera-Uran Complex,14.7,Estimated,14.7,No,1473.9,Synthetic
3672,2024-11-01,URAN END,Heera-Uran Complex,14.7,Estimated,14.7,No,1419.4,Synthetic
3684,2024-11-02,URAN END,Heera-Uran Complex,14.7,Estimated,14.7,No,1437.2,Synthetic
3696,2024-11-03,URAN END,Heera-Uran Complex,14.7,Estimated,14.7,No,1369.0,Synthetic
3708,2024-11-04,URAN END,Heera-Uran Complex,14.7,Estimated,14.7,No,1503.8,Synthetic
3720,2024-11-05,URAN END,Heera-Uran Complex,14.7,Estimated,14.7,No,1473.9,Synthetic
3732,2024-11-06,URAN END,Heera-Uran Complex,14.7,Estimated,14.7,No,1412.8,Synthetic
3744,2024-11-07,URAN END,Heera-Uran Complex,14.7,Estimated,14.7,No,1402.4,Synthetic
3756,2024-11-08,URAN END,Heera-Uran Complex,14.7,Estimated,14.7,No,1461.7,Synthetic
3768,2024-11-09,URAN END,Heera-Uran Complex,14.7,Estimated,14.7,No,1500.3,Synthetic
3780,2024-11-10,URAN END,Heera-Uran Complex,14.7,Estimated,14.7,No,1454.9,Synthetic
3792,2024-11-11,URAN END,Heera-Uran Complex,14.7,Estimated,14.7,No,1504.7,Synthetic
3804,2024-11-12,URAN END,Heera-Uran Complex,14.7,Estimated,14.7,No,1371.9,Synthetic
3816,2024-11-13,URAN END,Heera-Uran Complex,14.7,Estimated,14.7,No,1374.5,Synthetic
3828,2024-11-14,URAN END,Heera-Uran Complex,14.7,Estimated,14.7,No,1357.3,Synthetic
3840,2024-11-15,URAN END,Heera-Uran Complex,14.7,Estimated,14.7,No,1424.4,Synthetic
3852,2024-11-16,URAN END,Heera-Uran Complex,14.7,Estimated,14.7,No,1411.4,Synthetic
3864,2024-11-17,URAN END,Heera-Uran Complex,14.7,Estimated,14.7,No,1395.9,Synthetic
3876,2024-11-18,URAN END,Heera-Uran Complex,14.7,Estimated,14.7,No,1434.6,Synthetic
3888,2024-11-19,URAN END,Heera-Uran Complex,14.7,Estimated,14.7,No,1450.6,Synthetic
3900,2024-11-20,URAN END,Heera-Uran Complex,14.7,Estimated,14.7,No,1333.2,Synthetic
3912,2024-11-21,URAN END,Heera-Uran Complex,14.7,Estimated,14.7,No,1370.4,Synthetic
3924,2024-11-22,URAN END,Heera-Uran Complex,14.7,Estimated,14.7,No,1428.0,Synthetic
3936,2024-11-23,URAN END,Heera-Uran Complex,14.7,Estimated,14.7,No,1372.5,Synthetic
3948,2024-11-24,URAN END,Heera-Uran Complex,14.7,Estimated,14.7,No,1357.0,Synthetic
3960,2024-11-25,URAN END,Heera-Uran Complex,14.7,Estimated,14.7,No,1431.0,Synthetic
3972,2024-11-26,URAN END,Heera-Uran Complex,14.7,Estimated,14.7,No,1333.2,Synthetic
3984,2024-11-27,URAN END,Heera-Uran Complex,14.7,Estimated,14.7,No,1372.6,Synthetic
3996,2024-11-28,URAN END,Heera-Uran Complex,14.7,Estimated,14.7,No,1397.1,Synthetic
4008,2024-11-29,URAN END,Heera-Uran Complex,14.7,Estimated,14.7,No,1358.0,Synthetic
4020,2024-11-30,URAN END,Heera-Uran Complex,14.7,Estimated,14.7,No,1412.5,Synthetic
4032,2024-12-01,URAN END,Heera-Uran Complex,14.7,Estimated,14.7,No,1354.9,Synthetic
4044,2024-12-02,URAN END,Heera-Uran Complex,14.7,Estimated,14.7,No,1434.9,Synthetic
4056,2024-12-03,URAN END,Heera-Uran Complex,14.7,Estimated,14.7,No,1369.8,Synthetic
4068,2024-12-04,URAN END,Heera-Uran Complex,14.7,Estimated,14.7,No,1401.0,Synthetic
4080,2024-12-05,URAN END,Heera-Uran Complex,14.7,Estimated,14.7,No,1402.3,Synthetic
4092,2024-12-06,URAN END,Heera-Uran Complex,14.7,Estimated,14.7,No,1344.2,Synthetic
4104,2024-12-07,URAN END,Heera-Uran Complex,14.7,Estimated,14.7,No,1284.0,Synthetic
4116,2024-12-08,URAN END,Heera-Uran Complex,14.7,Estimated,14.7,No,1381.4,Synthetic
4128,2024-12-09,URAN END,Heera-Uran Complex,14.7,Estimated,14.7,No,1367.9,Synthetic
4140,2024-12-10,URAN END,Heera-Uran Complex,14.7,Estimated,14.7,No,1386.0,Synthetic
4152,2024-12-11,URAN END,Heera-Uran Complex,14.7,Estimated,14.7,No,1352.3,Synthetic
4164,2024-12-12,URAN END,Heera-Uran Complex,14.7,Estimated,14.7,No,1342.3,Synthetic
4176,2024-12-13,URAN END,Heera-Uran Complex,14.7,Estimated,14.7,No,1440.1,Synthetic
4188,2024-12-14,URAN END,Heera-Uran Complex,14.7,Estimated,14.7,No,1296.6,Synthetic
4200,2024-12-15,URAN END,Heera-Uran Complex,14.7,Estimated,14.7,No,1384.7,Synthetic
4212,2024-12-16,URAN END,Heera-Uran Complex,14.7,Estimated,14.7,No,1329.9,Synthetic
4224,2024-12-17,URAN END,Heera-Uran Complex,14.7,Estimated,14.7,No,1338.0,Synthetic
4236,2024-12-18,URAN END,Heera-Uran Complex,14.7,Estimated,14.7,No,1337.1,Synthetic
4248,2024-12-19,URAN END,Heera-Uran Complex,14.7,Estimated,14.7,No,1315.8,Synthetic
4260,2024-12-20,URAN END,Heera-Uran Complex,14.7,Estimated,14.7,No,1369.7,Synthetic
4272,2024-12-21,URAN END,Heera-Uran Complex,14.7,Estimated,14.7,No,1401.1,Synthetic
4284,2024-12-22,URAN END,Heera-Uran Complex,14.7,Estimated,14.7,No,1362.2,Synthetic
4296,2024-12-23,URAN END,Heera-Uran Complex,14.7,Estimated,14.7,No,1345.8,Synthetic
4308,2024-12-24,URAN END,Heera-Uran Complex,14.7,Estimated,14.7,No,1300.4,Synthetic
4320,2024-12-25,URAN END,Heera-Uran Complex,14.7,Estimated,14.7,No,1359.1,Synthetic
4332,2024-12-26,URAN END,Heera-Uran Complex,14.7,Estimated,14.7,No,1423.2,Synthetic
4344,2024-12-27,URAN END,Heera-Uran Complex,14.7,Estimated,14.7,No,1319.8,Synthetic
4356,2024-12-28,URAN END,Heera-Uran Complex,14.7,Estimated,14.7,No,1318.4,Synthetic
4368,2024-12-29,URAN END,Heera-Uran Complex,14.7,Estimated,14.7,No,1309.4,Synthetic
4380,2024-12-30,URAN END,Heera-Uran Complex,14.7,Estimated,14.7,No,1310.6,Synthetic
4392,2024-12-31,URAN END,Heera-Uran Complex,14.7,Estimated,14.7,No,1219.1,Synthetic
4404,2025-01-01,URAN END,Heera-Uran Complex,14.7,Estimated,14.7,No,1343.0,Synthetic
4416,2025-01-02,URAN END,Heera-Uran Complex,14.7,Estimated,14.7,No,1291.7,Synthetic
4428,2025-01-03,URAN END,Heera-Uran Complex,14.7,Estimated,14.7,No,1259.7,Synthetic
4440,2025-01-04,URAN END,Heera-Uran Complex,14.7,Estimated,14.7,No,1351.9,Synthetic
4452,2025-01-05,URAN END,Heera-Uran Complex,14.7,Estimated,14.7,No,1277.6,Synthetic
4464,2025-01-06,URAN END,Heera-Uran Complex,14.7,Estimated,14.7,No,1305.4,Synthetic
4476,2025-01-07,URAN END,Heera-Uran Complex,14.7,Estimated,14.7,No,1375.1,Synthetic
4488,2025-01-08,URAN END,Heera-Uran Complex,14.7,Estimated,14.7,No,1259.9,Synthetic
4500,2025-01-09,URAN END,Heera-Uran Complex,14.7,Estimated,14.7,No,1253.5,Synthetic
4512,2025-01-10,URAN END,Heera-Uran Complex,14.7,Estimated,14.7,No,1322.9,Synthetic
4524,2025-01-11,URAN END,Heera-Uran Complex,14.7,Estimated,14.7,No,1355.9,Synthetic
4536,2025-01-12,URAN END,Heera-Uran Complex,14.7,Estimated,14.7,No,1247.3,Synthetic
4548,2025-01-13,URAN END,Heera-Uran Complex,14.7,Estimated,14.7,No,1323.5,Synthetic
4560,2025-01-14,URAN END,Heera-Uran Complex,14.7,Estimated,14.7,No,1328.7,Synthetic
4572,2025-01-15,URAN END,Heera-Uran Complex,14.7,Estimated,14.7,No,1223.7,Synthetic
4584,2025-01-16,URAN END,Heera-Uran Complex,14.7,Estimated,14.7,No,1333.9,Synthetic
4596,2025-01-17,URAN END,Heera-Uran Complex,14.7,Estimated,14.7,No,1335.3,Synthetic
4608,2025-01-18,URAN END,Heera-Uran Complex,14.7,Estimated,14.7,No,1287.4,Synthetic
4620,2025-01-19,URAN END,Heera-Uran Complex,14.7,Estimated,14.7,No,1346.7,Synthetic
4632,2025-01-20,URAN END,Heera-Uran Complex,14.7,Estimated,14.7,No,1340.5,Synthetic
4644,2025-01-21,URAN END,Heera-Uran Complex,14.7,Estimated,14.7,No,1298.7,Synthetic
4656,2025-01-22,URAN END,Heera-Uran Complex,14.7,Estimated,14.7,No,1275.6,Synthetic
4668,2025-01-23,URAN END,Heera-Uran Complex,14.7,Estimated,14.7,No,1253.9,Synthetic
4680,2025-01-24,URAN END,Heera-Uran Complex,14.7,Estimated,14.7,No,1288.5,Synthetic
4692,2025-01-25,URAN END,Heera-Uran Complex,14.7,Estimated,14.7,No,1310.4,Synthetic
4704,2025-01-26,URAN END,Heera-Uran Complex,14.7,Estimated,14.7,No,1274.3,Synthetic
4716,2025-01-27,URAN END,Heera-Uran Complex,14.7,Estimated,14.7,No,1200.5,Synthetic
4728,2025-01-28,URAN END,Heera-Uran Complex,14.7,Estimated,14.7,No,1332.5,Synthetic
4740,2025-01-29,URAN END,Heera-Uran Complex,14.7,Estimated,14.7,No,1289.4,Synthetic
4752,2025-01-30,URAN END,Heera-Uran Complex,14.7,Estimated,14.7,No,1265.9,Synthetic
4764,2025-01-31,URAN END,Heera-Uran Complex,14.7,Estimated,14.7,No,1311.8,Synthetic
4776,2025-02-01,URAN END,Heera-Uran Complex,14.7,Estimated,14.7,No,1335.8,Synthetic
4788,2025-02-02,URAN END,Heera-Uran Complex,14.7,Estimated,14.7,No,1168.6,Synthetic
4800,2025-02-03,URAN END,Heera-Uran Complex,14.7,Estimated,14.7,No,1290.8,Synthetic
4812,2025-02-04,URAN END,Heera-Uran Complex,14.7,Estimated,14.7,No,1218.2,Synthetic
4824,2025-02-05,URAN END,Heera-Uran Complex,14.7,Estimated,14.7,No,1290.1,Synthetic
4836,2025-02-06,URAN END,Heera-Uran Complex,14.7,Estimated,14.7,No,1274.4,Synthetic
4848,2025-02-07,URAN END,Heera-Uran Complex,14.7,Estimated,14.7,No,1292.2,Synthetic
4860,2025-02-08,URAN END,Heera-Uran Complex,14.7,Estimated,14.7,No,1247.5,Synthetic
4872,2025-02-09,URAN END,Heera-Uran Complex,14.7,Estimated,14.7,No,1193.8,Synthetic
4884,2025-02-10,URAN END,Heera-Uran Complex,14.7,Estimated,14.7,No,1246.3,Synthetic
4896,2025-02-11,URAN END,Heera-Uran Complex,14.7,Estimated,14.7,No,1277.2,Synthetic
4908,2025-02-12,URAN END,Heera-Uran Complex,14.7,Estimated,14.7,No,1298.6,Synthetic
4920,2025-02-13,URAN END,Heera-Uran Complex,14.7,Estimated,14.7,No,1214.4,Synthetic
4932,2025-02-14,URAN END,Heera-Uran Complex,14.7,Estimated,14.7,No,1295.9,Synthetic
4944,2025-02-15,URAN END,Heera-Uran Complex,14.7,Estimated,14.7,No,1231.2,Synthetic
4956,2025-02-16,URAN END,Heera-Uran Complex,14.7,Estimated,14.7,No,1267.7,Synthetic
4968,2025-02-17,URAN END,Heera-Uran Complex,14.7,Estimated,14.7,No,1233.4,Synthetic
4980,2025-02-18,URAN END,Heera-Uran Complex,14.7,Estimated,14.7,No,1257.8,Synthetic
4992,2025-02-19,URAN END,Heera-Uran Complex,14.7,Estimated,14.7,No,1282.9,Synthetic
5004,2025-02-20,URAN END,Heera-Uran Complex,14.7,Estimated,14.7,No,1202.0,Synthetic
5016,2025-02-21,URAN END,Heera-Uran Complex,14.7,Estimated,14.7,No,1221.0,Synthetic
5028,2025-02-22,URAN END,Heera-Uran Complex,14.7,Estimated,14.7,No,1251.8,Synthetic
5040,2025-02-23,URAN END,Heera-Uran Complex,14.7,Estimated,14.7,No,1332.9,Synthetic
5052,2025-02-24,URAN END,Heera-Uran Complex,14.7,Estimated,14.7,No,1209.6,Synthetic
5064,2025-02-25,URAN END,Heera-Uran Complex,14.7,Estimated,14.7,No,1316.2,Synthetic
5076,2025-02-26,URAN END,Heera-Uran Complex,14.7,Estimated,14.7,No,1313.2,Synthetic
5088,2025-02-27,URAN END,Heera-Uran Complex,14.7,Estimated,14.7,No,1233.6,Synthetic
5100,2025-02-28,URAN END,Heera-Uran Complex,14.7,Estimated,14.7,No,1224.7,Synthetic
5112,2025-03-01,URAN END,Heera-Uran Complex,14.7,Estimated,14.7,No,1208.6,Synthetic
5124,2025-03-02,URAN END,Heera-Uran Complex,14.7,Estimated,14.7,No,1230.2,Synthetic
5136,2025-03-03,URAN END,Heera-Uran Complex,14.7,Estimated,14.7,No,1179.2,Synthetic
5148,2025-03-04,URAN END,Heera-Uran Complex,14.7,Estimated,14.7,No,1226.9,Synthetic
5160,2025-03-05,URAN END,Heera-Uran Complex,14.7,Estimated,14.7,No,1283.3,Synthetic
5172,2025-03-06,URAN END,Heera-Uran Complex,14.7,Estimated,14.7,No,1204.2,Synthetic
5184,2025-03-07,URAN END,Heera-Uran Complex,14.7,Estimated,14.7,No,1216.3,Synthetic
5196,2025-03-08,URAN END,Heera-Uran Complex,14.7,Estimated,14.7,No,1161.2,Synthetic
5208,2025-03-09,URAN END,Heera-Uran Complex,14.7,Estimated,14.7,No,1235.9,Synthetic
5220,2025-03-10,URAN END,Heera-Uran Complex,14.7,Estimated,14.7,No,1230.3,Synthetic
5232,2025-03-11,URAN END,Heera-Uran Complex,14.7,Estimated,14.7,No,1221.5,Synthetic
5244,2025-03-12,URAN END,Heera-Uran Complex,14.7,Estimated,14.7,No,1209.7,Synthetic
5256,2025-03-13,URAN END,Heera-Uran Complex,14.7,Estimated,14.7,No,1205.5,Synthetic
5268,2025-03-14,URAN END,Heera-Uran Complex,14.7,Estimated,14.7,No,1232.9,Synthetic
5280,2025-03-15,URAN END,Heera-Uran Complex,14.7,Estimated,14.7,No,1212.1,Synthetic
5292,2025-03-16,URAN END,Heera-Uran Complex,14.7,Estimated,14.7,No,1223.1,Synthetic
5304,2025-03-17,URAN END,Heera-Uran Complex,14.7,Estimated,14.7,No,1218.0,Synthetic
5316,2025-03-18,URAN END,Heera-Uran Complex,14.7,Estimated,14.7,No,1249.4,Synthetic
5328,2025-03-19,URAN END,Heera-Uran Complex,14.7,Estimated,14.7,No,1231.7,Synthetic
5340,2025-03-20,URAN END,Heera-Uran Complex,14.7,Estimated,14.7,No,1212.7,Synthetic
5352,2025-03-21,URAN END,Heera-Uran Complex,14.7,Estimated,14.7,No,1259.1,Synthetic
5364,2025-03-22,URAN END,Heera-Uran Complex,14.7,Estimated,14.7,No,1218.0,Synthetic
5376,2025-03-23,URAN END,Heera-Uran Complex,14.7,Estimated,14.7,No,1248.3,Synthetic
5388,2025-03-24,URAN END,Heera-Uran Complex,14.7,Estimated,14.7,No,1221.7,Synthetic
5400,2025-03-25,URAN END,Heera-Uran Complex,14.7,Estimated,14.7,No,1132.1,Synthetic
5412,2025-03-26,URAN END,Heera-Uran Complex,14.7,Estimated,14.7,No,1243.7,Synthetic
5424,2025-03-27,URAN END,Heera-Uran Complex,14.7,Estimated,14.7,No,1200.3,Synthetic
5436,2025-03-28,URAN END,Heera-Uran Complex,14.7,Estimated,14.7,No,1192.1,Synthetic
5448,2025-03-29,URAN END,Heera-Uran Complex,14.7,Estimated,14.7,No,1202.6,Synthetic
5460,2025-03-30,URAN END,Heera-Uran Complex,14.7,Estimated,14.7,No,1178.7,Synthetic
5472,2025-03-31,URAN END,Heera-Uran Complex,14.7,Estimated,14.7,No,1197.7,Synthetic
5484,2025-04-01,URAN END,Heera-Uran Complex,14.7,Estimated,14.7,No,1167.0,Synthetic
5496,2025-04-02,URAN END,Heera-Uran Complex,14.7,Estimated,14.7,No,1232.0,Synthetic
5508,2025-04-03,URAN END,Heera-Uran Complex,14.7,Estimated,14.7,No,1181.2,Synthetic
5520,2025-04-04,URAN END,Heera-Uran Complex,14.7,Estimated,14.7,No,1170.2,Synthetic
5532,2025-04-05,URAN END,Heera-Uran Complex,14.7,Estimated,14.7,No,1149.5,Synthetic
5544,2025-04-06,URAN END,Heera-Uran Complex,14.7,Estimated,14.7,No,1190.4,Synthetic
5556,2025-04-07,URAN END,Heera-Uran Complex,14.7,Estimated,14.7,No,1186.0,Synthetic
5568,2025-04-08,URAN END,Heera-Uran Complex,14.7,Estimated,14.7,No,1191.7,Synthetic
5580,2025-04-09,URAN END,Heera-Uran Complex,14.7,Estimated,14.7,No,1140.2,Synthetic
5592,2025-04-10,URAN END,Heera-Uran Complex,14.7,Estimated,14.7,No,1118.6,Synthetic
5604,2025-04-11,URAN END,Heera-Uran Complex,14.7,Estimated,14.7,No,1195.6,Synthetic
5616,2025-04-12,URAN END,Heera-Uran Complex,14.7,Estimated,14.7,No,1224.4,Synthetic
5628,2025-04-13,URAN END,Heera-Uran Complex,14.7,Estimated,14.7,No,1134.7,Synthetic
5640,2025-04-14,URAN END,Heera-Uran Complex,14.7,Estimated,14.7,No,1225.1,Synthetic
5652,2025-04-15,URAN END,Heera-Uran Complex,14.7,Estimated,14.7,No,1177.8,Synthetic
5664,2025-04-16,URAN END,Heera-Uran Complex,14.7,Estimated,14.7,No,1166.2,Synthetic
5676,2025-04-17,URAN END,Heera-Uran Complex,14.7,Estimated,14.7,No,1151.1,Synthetic
5688,2025-04-18,URAN END,Heera-Uran Complex,14.7,Estimated,14.7,No,1115.2,Synthetic
5700,2025-04-19,URAN END,Heera-Uran Complex,14.7,Estimated,14.7,No,1196.6,Synthetic
5712,2025-04-20,URAN END,Heera-Uran Complex,14.7,Estimated,14.7,No,1133.7,Synthetic
5724,2025-04-21,URAN END,Heera-Uran Complex,14.7,Estimated,14.7,No,1132.2,Synthetic
5736,2025-04-22,URAN END,Heera-Uran Complex,14.7,Estimated,14.7,No,1192.3,Synthetic
5748,2025-04-23,URAN END,Heera-Uran Complex,14.7,Estimated,14.7,No,1091.1,Synthetic
5760,2025-04-24,URAN END,Heera-Uran Complex,14.7,Estimated,14.7,No,1102.2,Synthetic
5772,2025-04-25,URAN END,Heera-Uran Complex,14.7,Estimated,14.7,No,1153.0,Synthetic
5784,2025-04-26,URAN END,Heera-Uran Complex,14.7,Estimated,14.7,No,1162.3,Synthetic
5796,2025-04-27,URAN END,Heera-Uran Complex,14.7,Estimated,14.7,No,1167.5,Synthetic
5808,2025-04-28,URAN END,Heera-Uran Complex,14.7,Estimated,14.7,No,1139.0,Synthetic
5820,2025-04-29,URAN END,Heera-Uran Complex,14.7,Estimated,14.7,No,1235.1,Synthetic
5832,2025-04-30,URAN END,Heera-Uran Complex,14.7,Estimated,14.7,No,1138.7,Synthetic
5844,2025-05-01,URAN END,Heera-Uran Complex,14.7,Estimated,14.7,No,1137.2,Synthetic
5856,2025-05-02,URAN END,Heera-Uran Complex,14.7,Estimated,14.7,No,1116.4,Synthetic
5868,2025-05-03,URAN END,Heera-Uran Complex,14.7,Estimated,14.7,No,1146.6,Synthetic
5880,2025-05-04,URAN END,Heera-Uran Complex,14.7,Estimated,14.7,No,1162.0,Synthetic
5892,2025-05-05,URAN END,Heera-Uran Complex,14.7,Estimated,14.7,No,1180.7,Synthetic
5904,2025-05-06,URAN END,Heera-Uran Complex,14.7,Estimated,14.7,No,1087.3,Synthetic
5916,2025-05-07,URAN END,Heera-Uran Complex,14.7,Estimated,14.7,No,1128.4,Synthetic
5928,2025-05-08,URAN END,Heera-Uran Complex,14.7,Estimated,14.7,No,1150.6,Synthetic
5940,2025-05-09,URAN END,Heera-Uran Complex,14.7,Estimated,14.7,No,1153.9,Synthetic
5952,2025-05-10,URAN END,Heera-Uran Complex,14.7,Estimated,14.7,No,1132.8,Synthetic
5964,2025-05-11,URAN END,Heera-Uran Complex,14.7,Estimated,14.7,No,1149.6,Synthetic
5976,2025-05-12,URAN END,Heera-Uran Complex,14.7,Estimated,14.7,No,1102.4,Synthetic
5988,2025-05-13,URAN END,Heera-Uran Complex,14.7,Estimated,14.7,No,1181.1,Synthetic
6000,2025-05-14,URAN END,Heera-Uran Complex,14.7,Estimated,14.7,No,1160.6,Synthetic
6012,2025-05-15,URAN END,Heera-Uran Complex,14.7,Estimated,14.7,No,1080.2,Synthetic
6024,2025-05-16,URAN END,Heera-Uran Complex,14.7,Estimated,14.7,No,1088.0,Synthetic
6036,2025-05-17,URAN END,Heera-Uran Complex,14.7,Estimated,14.7,No,1087.6,Synthetic
6048,2025-05-18,URAN END,Heera-Uran Complex,14.7,Estimated,14.7,No,1144.3,Synthetic
6060,2025-05-19,URAN END,Heera-Uran Complex,14.7,Estimated,14.7,No,1077.0,Synthetic
6072,2025-05-20,URAN END,Heera-Uran Complex,14.7,Estimated,14.7,No,1107.6,Synthetic
6084,2025-05-21,URAN END,Heera-Uran Complex,14.7,Estimated,14.7,No,1132.6,Synthetic
6096,2025-05-22,URAN END,Heera-Uran Complex,14.7,Estimated,14.7,No,1113.8,Synthetic
6108,2025-05-23,URAN END,Heera-Uran Complex,14.7,Estimated,14.7,No,1123.3,Synthetic
6120,2025-05-24,URAN END,Heera-Uran Complex,14.7,Estimated,14.7,No,1077.7,Synthetic
6132,2025-05-25,URAN END,Heera-Uran Complex,14.7,Estimated,14.7,No,1131.7,Synthetic
6144,2025-05-26,URAN END,Heera-Uran Complex,14.7,Estimated,14.7,No,1090.1,Synthetic
6156,2025-05-27,URAN END,Heera-Uran Complex,14.7,Estimated,14.7,No,1098.4,Synthetic
6168,2025-05-28,URAN END,Heera-Uran Complex,14.7,Estimated,14.7,No,1115.7,Synthetic
6180,2025-05-29,URAN END,Heera-Uran Complex,14.7,Estimated,14.7,No,1109.9,Synthetic
6192,2025-05-30,URAN END,Heera-Uran Complex,15.2,Estimated,14.7,Yes,1102.6,Synthetic
6204,2025-05-31,URAN END,Heera-Uran Complex,14.8,Estimated,14.7,Yes,1078.2,Synthetic
6216,2025-06-01,URAN END,Heera-Uran Complex,15.3,Estimated,14.7,Yes,1088.6,Synthetic
6228,2025-06-02,URAN END,Heera-Uran Complex,15.8,Estimated,14.7,Yes,1093.9,Synthetic
6240,2025-06-03,URAN END,Heera-Uran Complex,14.7,Estimated,14.7,Yes,1054.3,Synthetic
6252,2025-06-04,URAN END,Heera-Uran Complex,14.7,Estimated,14.7,Yes,1083.1,Synthetic
6264,2025-06-05,URAN END,Heera-Uran Complex,15.8,Estimated,14.7,Yes,1102.4,Synthetic
6276,2025-06-06,URAN END,Heera-Uran Complex,15.4,Estimated,14.7,Yes,1049.2,Synthetic
6288,2025-06-07,URAN END,Heera-Uran Complex,14.7,Estimated,14.7,Yes,1132.3,Synthetic
6300,2025-06-08,URAN END,Heera-Uran Complex,15.2,Estimated,14.7,Yes,1131.2,Synthetic
6312,2025-06-09,URAN END,Heera-Uran Complex,14.7,Estimated,14.7,Yes,1050.8,Synthetic
6324,2025-06-10,URAN END,Heera-Uran Complex,14.7,Estimated,14.7,Yes,1134.7,Synthetic
6336,2025-06-11,URAN END,Heera-Uran Complex,15.1,Estimated,14.7,Yes,1081.7,Synthetic
6348,2025-06-12,URAN END,Heera-Uran Complex,14.7,Estimated,14.7,Yes,1101.3,Synthetic
6360,2025-06-13,URAN END,Heera-Uran Complex,14.7,Estimated,14.7,Yes,1070.1,Synthetic
6372,2025-06-14,URAN END,Heera-Uran Complex,14.7,Estimated,14.7,Yes,1115.0,Synthetic
6384,2025-06-15,URAN END,Heera-Uran Complex,14.7,Estimated,14.7,Yes,1096.8,Synthetic
6396,2025-06-16,URAN END,Heera-Uran Complex,15.2,Estimated,14.7,Yes,1052.7,Synthetic
6408,2025-06-17,URAN END,Heera-Uran Complex,14.7,Estimated,14.7,Yes,1043.2,Synthetic
6420,2025-06-18,URAN END,Heera-Uran Complex,14.7,Estimated,14.7,Yes,1032.3,Synthetic
6432,2025-06-19,URAN END,Heera-Uran Complex,15.9,Estimated,14.7,Yes,1076.6,Synthetic
6444,2025-06-20,URAN END,Heera-Uran Complex,14.9,Estimated,14.7,Yes,1094.2,Synthetic
6456,2025-06-21,URAN END,Heera-Uran Complex,15.1,Estimated,14.7,Yes,1094.0,Synthetic
6468,2025-06-22,URAN END,Heera-Uran Complex,14.7,Estimated,14.7,Yes,1070.5,Synthetic
6480,2025-06-23,URAN END,Heera-Uran Complex,14.8,Estimated,14.7,Yes,1035.1,Synthetic
6492,2025-06-24,URAN END,Heera-Uran Complex,15.2,Estimated,14.7,Yes,1046.6,Synthetic
6504,2025-06-25,URAN END,Heera-Uran Complex,14.7,Estimated,14.7,Yes,1107.4,Synthetic
6516,2025-06-26,URAN END,Heera-Uran Complex,15.3,Estimated,14.7,Yes,1049.7,Synthetic
6528,2025-06-27,URAN END,Heera-Uran Complex,14.8,Estimated,14.7,Yes,1071.7,Synthetic
6540,2025-06-28,URAN END,Heera-Uran Complex,15.0,Estimated,14.7,Yes,1030.2,Synthetic
6552,2025-06-29,URAN END,Heera-Uran Complex,14.8,Estimated,14.7,Yes,1075.2,Synthetic
6564,2025-06-30,URAN END,Heera-Uran Complex,16.3,Estimated,14.7,Yes,1039.2,Synthetic
6576,2025-07-01,URAN END,Heera-Uran Complex,15.2,Estimated,14.7,Yes,1092.6,Synthetic
6588,2025-07-02,URAN END,Heera-Uran Complex,14.7,Estimated,14.7,Yes,1085.8,Synthetic
6600,2025-07-03,URAN END,Heera-Uran Complex,15.7,Estimated,14.7,Yes,1037.9,Synthetic
6612,2025-07-04,URAN END,Heera-Uran Complex,14.7,Estimated,14.7,Yes,1054.6,Synthetic
6624,2025-07-05,URAN END,Heera-Uran Complex,15.4,Estimated,14.7,Yes,1035.5,Synthetic
6636,2025-07-06,URAN END,Heera-Uran Complex,14.7,Estimated,14.7,Yes,1011.1,Synthetic
6648,2025-07-07,URAN END,Heera-Uran Complex,14.7,Estimated,14.7,Yes,1027.6,Synthetic
6660,2025-07-08,URAN END,Heera-Uran Complex,15.5,Estimated,14.7,Yes,1054.6,Synthetic
6672,2025-07-09,URAN END,Heera-Uran Complex,15.8,Estimated,14.7,Yes,1055.4,Synthetic
6684,2025-07-10,URAN END,Heera-Uran Complex,15.5,Estimated,14.7,Yes,1050.5,Synthetic
6696,2025-07-11,URAN END,Heera-Uran Complex,15.4,Estimated,14.7,Yes,1035.7,Synthetic
6708,2025-07-12,URAN END,Heera-Uran Complex,15.3,Estimated,14.7,Yes,1073.7,Synthetic
6720,2025-07-13,URAN END,Heera-Uran Complex,14.7,Estimated,14.7,Yes,1049.0,Synthetic
6732,2025-07-14,URAN END,Heera-Uran Complex,15.1,Estimated,14.7,Yes,1065.2,Synthetic
6744,2025-07-15,URAN END,Heera-Uran Complex,15.3,Estimated,14.7,Yes,985.3,Synthetic
6756,2025-07-16,URAN END,Heera-Uran Complex,16.2,Estimated,14.7,Yes,912.1,Synthetic
6768,2025-07-17,URAN END,Heera-Uran Complex,15.8,Estimated,14.7,Yes,1043.8,Synthetic
6780,2025-07-18,URAN END,Heera-Uran Complex,14.7,Estimated,14.7,Yes,996.1,Synthetic
6792,2025-07-19,URAN END,Heera-Uran Complex,15.9,Estimated,14.7,Yes,1025.3,Synthetic
6804,2025-07-20,URAN END,Heera-Uran Complex,15.5,Estimated,14.7,Yes,1023.7,Synthetic
6816,2025-07-21,URAN END,Heera-Uran Complex,15.4,Estimated,14.7,Yes,1081.6,Synthetic
6828,2025-07-22,URAN END,Heera-Uran Complex,16.2,Estimated,14.7,Yes,1038.5,Synthetic
6840,2025-07-23,URAN END,Heera-Uran Complex,16.5,Estimated,14.7,Yes,1028.2,Synthetic
6852,2025-07-24,URAN END,Heera-Uran Complex,16.4,Estimated,14.7,Yes,1048.1,Synthetic
6864,2025-07-25,URAN END,Heera-Uran Complex,15.4,Estimated,14.7,Yes,1038.7,Synthetic
6876,2025-07-26,URAN END,Heera-Uran Complex,15.8,Estimated,14.7,Yes,1009.6,Synthetic
6888,2025-07-27,URAN END,Heera-Uran Complex,16.2,Estimated,14.7,Yes,1052.7,Synthetic
6900,2025-07-28,URAN END,Heera-Uran Complex,16.7,Estimated,14.7,Yes,981.8,Synthetic
6912,2025-07-29,URAN END,Heera-Uran Complex,15.8,Estimated,14.7,Yes,1029.8,Synthetic
6924,2025-07-30,URAN END,Heera-Uran Complex,16.1,Estimated,14.7,Yes,969.6,Synthetic
6936,2025-07-31,URAN END,Heera-Uran Complex,15.6,Estimated,14.7,Yes,1024.8,Synthetic
6948,2025-08-01,URAN END,Heera-Uran Complex,15.6,Estimated,14.7,Yes,1023.2,Synthetic
6960,2025-08-02,URAN END,Heera-Uran Complex,16.8,Estimated,14.7,Yes,1059.5,Synthetic
6972,2025-08-03,URAN END,Heera-Uran Complex,17.2,Estimated,14.7,Yes,957.9,Synthetic
6984,2025-08-04,URAN END,Heera-Uran Complex,16.4,Estimated,14.7,Yes,990.5,Synthetic
6996,2025-08-05,URAN END,Heera-Uran Complex,17.1,Estimated,14.7,Yes,1028.0,Synthetic
7008,2025-08-06,URAN END,Heera-Uran Complex,16.8,Estimated,14.7,Yes,1013.9,Synthetic
7020,2025-08-07,URAN END,Heera-Uran Complex,16.3,Estimated,14.7,Yes,1011.1,Synthetic
7032,2025-08-08,URAN END,Heera-Uran Complex,16.9,Estimated,14.7,Yes,972.0,Synthetic
7044,2025-08-09,URAN END,Heera-Uran Complex,17.7,Estimated,14.7,Yes,977.0,Synthetic
7056,2025-08-10,URAN END,Heera-Uran Complex,16.9,Estimated,14.7,Yes,1035.6,Synthetic
7068,2025-08-11,URAN END,Heera-Uran Complex,17.9,Estimated,14.7,Yes,989.5,Synthetic
7080,2025-08-12,URAN END,Heera-Uran Complex,15.5,Estimated,14.7,Yes,1015.6,Synthetic
7092,2025-08-13,URAN END,Heera-Uran Complex,17.6,Estimated,14.7,Yes,987.0,Synthetic
7104,2025-08-14,URAN END,Heera-Uran Complex,17.3,Estimated,14.7,Yes,955.8,Synthetic
7116,2025-08-15,URAN END,Heera-Uran Complex,17.1,Estimated,14.7,Yes,1018.7,Synthetic
7128,2025-08-16,URAN END,Heera-Uran Complex,17.5,Estimated,14.7,Yes,1002.3,Synthetic
7140,2025-08-17,URAN END,Heera-Uran Complex,16.3,Actual,14.7,Yes,1062.1,Synthetic
7152,2025-08-18,URAN END,Heera-Uran Complex,17.5,Actual,17.6,Yes,954.9,Synthetic
7164,2025-08-19,URAN END,Heera-Uran Complex,17.9,Actual,17.6,Yes,1005.6,Synthetic
7176,2025-08-20,URAN END,Heera-Uran Complex,18.7,Actual,14.7,Yes,937.0,Synthetic
7188,2025-08-21,URAN END,Heera-Uran Complex,17.6,Actual,16.2,Yes,985.3,Synthetic
7200,2025-08-22,URAN END,Heera-Uran Complex,17.6,Actual,16.5,Yes,1008.2,Synthetic
7212,2025-08-23,URAN END,Heera-Uran Complex,17.9,Actual,13.8,Yes,915.8,Synthetic
7224,2025-08-24,URAN END,Heera-Uran Complex,18.8,Actual,13.6,Yes,964.0,Synthetic
7236,2025-08-25,URAN END,Heera-Uran Complex,18.6,Actual,12.8,Yes,953.6,Synthetic
7248,2025-08-26,URAN END,Heera-Uran Complex,18.2,Actual,13.6,Yes,950.7,Synthetic
7260,2025-08-27,URAN END,Heera-Uran Complex,19.0,Actual,13.1,Yes,976.4,Synthetic
7272,2025-08-28,URAN END,Heera-Uran Complex,18.9,Actual,15.8,Yes,997.1,Synthetic
7284,2025-08-29,URAN END,Heera-Uran Complex,19.5,Actual,12.8,Yes,956.1,Synthetic
7296,2025-08-30,URAN END,Heera-Uran Complex,18.7,Actual,10.6,Yes,969.4,Synthetic
7308,2025-08-31,URAN END,Heera-Uran Complex,19.1,Actual,12.8,Yes,963.2,Synthetic
7320,2025-09-01,URAN END,Heera-Uran Complex,19.2,Actual,16.2,Yes,958.2,Synthetic
7332,2025-09-02,URAN END,Heera-Uran Complex,18.7,Actual,16.2,Yes,928.5,Synthetic
7344,2025-09-03,URAN END,Heera-Uran Complex,19.9,Actual,16.1,Yes,983.3,Synthetic
7356,2025-09-04,URAN END,Heera-Uran Complex,20.1,Actual,15.4,Yes,957.7,Synthetic
7368,2025-09-05,URAN END,Heera-Uran Complex,20.1,Actual,16.1,Yes,959.4,Synthetic
7380,2025-09-06,URAN END,Heera-Uran Complex,20.2,Actual,16.0,Yes,923.5,Synthetic
7392,2025-09-07,URAN END,Heera-Uran Complex,19.6,Actual,16.0,Yes,935.7,Synthetic
7404,2025-09-08,URAN END,Heera-Uran Complex,20.4,Actual,15.3,Yes,937.9,Synthetic
7416,2025-09-09,URAN END,Heera-Uran Complex,20.7,Actual,15.6,Yes,896.8,Synthetic
7428,2025-09-10,URAN END,Heera-Uran Complex,20.6,Actual,14.6,Yes,891.9,Synthetic
7440,2025-09-11,URAN END,Heera-Uran Complex,21.2,Actual,14.6,Yes,918.0,Synthetic
7452,2025-09-12,URAN END,Heera-Uran Complex,21.8,Actual,16.5,Yes,944.8,Synthetic
7464,2025-09-13,URAN END,Heera-Uran Complex,22.9,Actual,16.3,Yes,904.6,Synthetic
7476,2025-09-14,URAN END,Heera-Uran Complex,22.1,Actual,16.3,Yes,897.8,Synthetic
7488,2025-09-15,URAN END,Heera-Uran Complex,22.4,Actual,15.3,Yes,900.7,Synthetic
7500,2025-09-16,URAN END,Heera-Uran Complex,22.5,Actual,15.3,Yes,909.0,Synthetic
7512,2025-09-17,URAN END,Heera-Uran Complex,21.6,Actual,16.3,Yes,915.8,Synthetic
7524,2025-09-18,URAN END,Heera-Uran Complex,23.0,Actual,16.3,Yes,976.0,Synthetic
7536,2025-09-19,URAN END,Heera-Uran Complex,23.3,Actual,15.8,Yes,942.5,Synthetic
7548,2025-09-20,URAN END,Heera-Uran Complex,25.0,Actual,15.8,Yes,930.4,Synthetic
7560,2025-09-21,URAN END,Heera-Uran Complex,23.7,Actual,15.8,Yes,940.9,Synthetic
7572,2025-09-22,URAN END,Heera-Uran Complex,24.3,Actual,16.8,Yes,877.4,Synthetic
7584,2025-09-23,URAN END,Heera-Uran Complex,24.4,Actual,16.1,Yes,869.7,Synthetic
7596,2025-09-24,URAN END,Heera-Uran Complex,24.1,Actual,16.8,Yes,873.4,Synthetic
7608,2025-09-25,URAN END,Heera-Uran Complex,25.8,Actual,14.8,Yes,928.3,Synthetic
7620,2025-09-26,URAN END,Heera-Uran Complex,25.9,Actual,15.5,Yes,876.3,Synthetic
7632,2025-09-27,URAN END,Heera-Uran Complex,26.2,Actual,15.4,Yes,854.7,Synthetic
7644,2025-09-28,URAN END,Heera-Uran Complex,25.5,Actual,14.7,Yes,879.5,Synthetic
7656,2025-09-29,URAN END,Heera-Uran Complex,27.3,Actual,14.6,Yes,873.4,Synthetic
7668,2025-09-30,URAN END,Heera-Uran Complex,25.9,Actual,15.5,Yes,893.7,Synthetic
7680,2025-10-01,URAN END,Heera-Uran Complex,27.5,Actual,15.3,Yes,883.0,Synthetic
7692,2025-10-02,URAN END,Heera-Uran Complex,28.8,Actual,15.7,Yes,846.3,Synthetic
7704,2025-10-03,URAN END,Heera-Uran Complex,27.3,Actual,18.2,Yes,893.3,Synthetic
7716,2025-10-04,URAN END,Heera-Uran Complex,28.0,Actual,18.2,Yes,853.6,Synthetic
7728,2025-10-05,URAN END,Heera-Uran Complex,28.8,Actual,16.1,Yes,860.7,Synthetic
7740,2025-10-06,URAN END,Heera-Uran Complex,28.8,Actual,15.8,Yes,881.4,Synthetic
7752,2025-10-07,URAN END,Heera-Uran Complex,28.6,Actual,16.1,Yes,847.1,Synthetic
7764,2025-10-08,URAN END,Heera-Uran Complex,30.0,Actual,14.8,Yes,840.2,Synthetic
7776,2025-10-09,URAN END,Heera-Uran Complex,29.7,Actual,14.3,Yes,870.6,Synthetic
7788,2025-10-10,URAN END,Heera-Uran Complex,31.1,Actual,15.7,Yes,824.7,Synthetic
7800,2025-10-11,URAN END,Heera-Uran Complex,30.7,Actual,15.6,Yes,837.9,Synthetic
7812,2025-10-12,URAN END,Heera-Uran Complex,32.7,Actual,15.2,Yes,849.4,Synthetic
7824,2025-10-13,URAN END,Heera-Uran Complex,31.7,Actual,17.0,Yes,891.8,Synthetic
7836,2025-10-14,URAN END,Heera-Uran Complex,32.5,Actual,15.6,Yes,849.7,Synthetic
7848,2025-10-15,URAN END,Heera-Uran Complex,33.6,Actual,15.8,Yes,839.1,Synthetic
7860,2025-10-16,URAN END,Heera-Uran Complex,32.9,Actual,15.3,Yes,843.5,Synthetic
7872,2025-10-17,URAN END,Heera-Uran Complex,34.3,Actual,15.0,Yes,795.0,Synthetic
7884,2025-10-18,URAN END,Heera-Uran Complex,35.4,Actual,15.3,Yes,817.1,Synthetic
7896,2025-10-19,URAN END,Heera-Uran Complex,34.2,Actual,15.3,Yes,819.3,Synthetic
7908,2025-10-20,URAN END,Heera-Uran Complex,35.8,Actual,15.3,Yes,817.9,Synthetic
7920,2025-10-21,URAN END,Heera-Uran Complex,36.3,Actual,15.3,Yes,809.2,Synthetic
7932,2025-10-22,URAN END,Heera-Uran Complex,37.2,Actual,13.2,Yes,809.5,Synthetic
7944,2025-10-23,URAN END,Heera-Uran Complex,36.5,Actual,14.6,Yes,795.7,Synthetic
7956,2025-10-24,URAN END,Heera-Uran Complex,37.0,Actual,16.0,Yes,800.9,Synthetic
7968,2025-10-25,URAN END,Heera-Uran Complex,38.6,Actual,16.0,Yes,760.6,Synthetic
7980,2025-10-26,URAN END,Heera-Uran Complex,39.1,Actual,15.3,Yes,778.4,Synthetic
7992,2025-10-27,URAN END,Heera-Uran Complex,39.6,Actual,15.7,Yes,814.9,Synthetic
8004,2025-10-28,URAN END,Heera-Uran Complex,40.2,Actual,15.4,Yes,785.5,Synthetic
8016,2025-10-29,URAN END,Heera-Uran Complex,40.1,Actual,15.4,Yes,777.1,Synthetic
8028,2025-10-30,URAN END,Heera-Uran Complex,41.3,Actual,14.3,Yes,813.9,Synthetic
8040,2025-10-31,URAN END,Heera-Uran Complex,41.9,Actual,15.2,Yes,734.6,Synthetic
8052,2025-11-01,URAN END,Heera-Uran Complex,41.8,Actual,16.6,Yes,740.0,Synthetic
8064,2025-11-02,URAN END,Heera-Uran Complex,44.0,Actual,15.6,Yes,791.2,Synthetic
8076,2025-11-03,URAN END,Heera-Uran Complex,43.7,Actual,15.6,Yes,754.3,Synthetic
8088,2025-11-04,URAN END,Heera-Uran Complex,43.3,Actual,15.1,Yes,749.0,Synthetic
8100,2025-11-05,URAN END,Heera-Uran Complex,45.0,Actual,16.4,Yes,717.5,Synthetic
8112,2025-11-06,URAN END,Heera-Uran Complex,44.6,Actual,16.4,Yes,755.6,Synthetic
8124,2025-11-07,URAN END,Heera-Uran Complex,46.2,Actual,16.4,Yes,748.0,Synthetic
8136,2025-11-08,URAN END,Heera-Uran Complex,47.0,Actual,13.7,Yes,706.7,Synthetic
8148,2025-11-09,URAN END,Heera-Uran Complex,46.4,Actual,13.7,Yes,730.0,Synthetic
8160,2025-11-10,URAN END,Heera-Uran Complex,48.1,Actual,14.6,Yes,715.7,Synthetic
8172,2025-11-11,URAN END,Heera-Uran Complex,48.4,Actual,14.6,Yes,726.0,Synthetic
8184,2025-11-12,URAN END,Heera-Uran Complex,49.2,Actual,14.6,Yes,691.3,Synthetic
8196,2025-11-13,URAN END,Heera-Uran Complex,50.4,Actual,14.6,Yes,734.5,Synthetic
8208,2025-11-14,URAN END,Heera-Uran Complex,49.7,Actual,15.6,Yes,730.4,Synthetic
8220,2025-11-15,URAN END,Heera-Uran Complex,50.0,Actual,15.7,Yes,700.6,Synthetic
8232,2025-11-16,URAN END,Heera-Uran Complex,50.5,Actual,14.8,Yes,700.2,Synthetic
8244,2025-11-17,URAN END,Heera-Uran Complex,51.1,Actual,14.8,Yes,697.8,Synthetic
8256,2025-11-18,URAN END,Heera-Uran Complex,52.1,Actual,14.8,Yes,678.3,Synthetic
8268,2025-11-19,URAN END,Heera-Uran Complex,52.9,Actual,14.1,Yes,680.2,Synthetic
8280,2025-11-20,URAN END,Heera-Uran Complex,53.4,Actual,14.1,Yes,680.3,Synthetic
8292,2025-11-21,URAN END,Heera-Uran Complex,54.3,Actual,15.7,Yes,713.1,Synthetic
8304,2025-11-22,URAN END,Heera-Uran Complex,54.4,Actual,15.7,Yes,698.1,Synthetic
8316,2025-11-23,URAN END,Heera-Uran Complex,55.8,Actual,14.3,Yes,689.4,Synthetic
8328,2025-11-24,URAN END,Heera-Uran Complex,55.3,Actual,14.6,Yes,679.9,Synthetic
8340,2025-11-25,URAN END,Heera-Uran Complex,57.6,Actual,15.2,Yes,637.3,Synthetic
8352,2025-11-26,URAN END,Heera-Uran Complex,56.9,Actual,14.2,Yes,661.4,Synthetic
8364,2025-11-27,URAN END,Heera-Uran Complex,56.5,Actual,14.2,Yes,682.9,Synthetic
8376,2025-11-28,URAN END,Heera-Uran Complex,56.9,Actual,14.7,Yes,635.7,Synthetic
8388,2025-11-29,URAN END,Heera-Uran Complex,58.4,Actual,14.2,Yes,664.4,Synthetic
8400,2025-11-30,URAN END,Heera-Uran Complex,58.4,Actual,14.7,Yes,696.5,Synthetic
8412,2025-12-01,URAN END,Heera-Uran Complex,59.5,Actual,14.3,Yes,665.0,Synthetic
8424,2025-12-02,URAN END,Heera-Uran Complex,59.8,Actual,14.2,Yes,669.4,Synthetic
8436,2025-12-03,URAN END,Heera-Uran Complex,60.0,Actual,15.3,Yes,644.5,Synthetic
8448,2025-12-04,URAN END,Heera-Uran Complex,60.0,Actual,15.3,Yes,658.1,Synthetic
8460,2025-12-05,URAN END,Heera-Uran Complex,60.1,Actual,14.1,Yes,624.5,Synthetic
8472,2025-12-06,URAN END,Heera-Uran Complex,61.2,Actual,15.3,Yes,646.7,Synthetic
8484,2025-12-07,URAN END,Heera-Uran Complex,62.4,Actual,14.1,Yes,636.9,Synthetic
8496,2025-12-08,URAN END,Heera-Uran Complex,62.5,Actual,14.6,Yes,628.7,Synthetic
8508,2025-12-09,URAN END,Heera-Uran Complex,62.0,Actual,15.8,Yes,649.8,Synthetic
8520,2025-12-10,URAN END,Heera-Uran Complex,63.3,Actual,15.1,Yes,607.6,Synthetic
8532,2025-12-11,URAN END,Heera-Uran Complex,63.8,Actual,15.1,Yes,610.8,Synthetic
8544,2025-12-12,URAN END,Heera-Uran Complex,63.5,Actual,15.2,Yes,616.8,Synthetic
8556,2025-12-13,URAN END,Heera-Uran Complex,64.5,Actual,14.7,Yes,590.3,Synthetic
8568,2025-12-14,URAN END,Heera-Uran Complex,64.8,Actual,15.2,Yes,611.0,Synthetic
8580,2025-12-15,URAN END,Heera-Uran Complex,64.5,Actual,15.2,Yes,576.3,Synthetic
8592,2025-12-16,URAN END,Heera-Uran Complex,65.8,Actual,14.1,Yes,619.0,Synthetic
8604,2025-12-17,URAN END,Heera-Uran Complex,66.3,Actual,13.7,Yes,597.7,Synthetic
8616,2025-12-18,URAN END,Heera-Uran Complex,66.9,Actual,14.7,Yes,583.7,Synthetic
8628,2025-12-19,URAN END,Heera-Uran Complex,67.3,Actual,14.2,Yes,575.4,Synthetic
8640,2025-12-20,URAN END,Heera-Uran Complex,66.1,Actual,13.8,Yes,591.5,Synthetic
8652,2025-12-21,URAN END,Heera-Uran Complex,66.7,Actual,15.2,Yes,604.1,Synthetic
8664,2025-12-22,URAN END,Heera-Uran Complex,67.9,Actual,14.3,Yes,594.6,Synthetic
8676,2025-12-23,URAN END,Heera-Uran Complex,68.3,Actual,15.5,Yes,569.9,Synthetic
8688,2025-12-24,URAN END,Heera-Uran Complex,68.6,Actual,16.2,Yes,565.2,Synthetic
8700,2025-12-25,URAN END,Heera-Uran Complex,70.9,Actual,15.0,Yes,578.7,Synthetic
8712,2025-12-26,URAN END,Heera-Uran Complex,69.2,Actual,14.9,Yes,563.0,Synthetic
8724,2025-12-27,URAN END,Heera-Uran Complex,69.8,Actual,14.2,Yes,572.7,Synthetic
8736,2025-12-28,URAN END,Heera-Uran Complex,70.0,Actual,13.9,Yes,572.1,Synthetic
8748,2025-12-29,URAN END,Heera-Uran Complex,70.1,Actual,14.7,Yes,574.1,Synthetic
8760,2025-12-30,URAN END,Heera-Uran Complex,69.8,Actual,14.5,Yes,584.3,Synthetic
8772,2025-12-31,URAN END,Heera-Uran Complex,70.7,Actual,14.7,Yes,542.9,Synthetic
8784,2026-01-01,URAN END,Heera-Uran Complex,70.0,Actual,14.7,Yes,534.7,Synthetic
8796,2026-01-02,URAN END,Heera-Uran Complex,70.6,Actual,14.2,Yes,553.9,Synthetic
8808,2026-01-03,URAN END,Heera-Uran Complex,70.6,Actual,14.6,Yes,593.2,Synthetic
8820,2026-01-04,URAN END,Heera-Uran Complex,71.2,Actual,14.1,Yes,592.9,Synthetic
8832,2026-01-05,URAN END,Heera-Uran Complex,72.8,Actual,14.3,Yes,580.5,Synthetic
8844,2026-01-06,URAN END,Heera-Uran Complex,70.5,Actual,14.7,Yes,557.9,Synthetic
8856,2026-01-07,URAN END,Heera-Uran Complex,72.2,Actual,14.2,Yes,522.4,Synthetic
8868,2026-01-08,URAN END,Heera-Uran Complex,71.0,Actual,14.2,Yes,518.1,Synthetic
8880,2026-01-09,URAN END,Heera-Uran Complex,71.9,Actual,13.9,Yes,541.9,Synthetic
8892,2026-01-10,URAN END,Heera-Uran Complex,73.1,Actual,13.7,Yes,542.2,Synthetic
8904,2026-01-11,URAN END,Heera-Uran Complex,72.6,Actual,14.8,Yes,568.6,Synthetic
8916,2026-01-12,URAN END,Heera-Uran Complex,72.1,Actual,14.8,Yes,563.4,Synthetic
8928,2026-01-13,URAN END,Heera-Uran Complex,72.5,Actual,14.0,Yes,550.1,Synthetic
8940,2026-01-14,URAN END,Heera-Uran Complex,73.5,Actual,15.1,Yes,526.3,Synthetic
8952,2026-01-15,URAN END,Heera-Uran Complex,72.8,Actual,15.8,Yes,527.9,Synthetic
8964,2026-01-16,URAN END,Heera-Uran Complex,73.6,Actual,13.9,Yes,543.0,Synthetic
8976,2026-01-17,URAN END,Heera-Uran Complex,73.6,Actual,14.3,Yes,549.5,Synthetic
8988,2026-01-18,URAN END,Heera-Uran Complex,73.4,Actual,14.5,Yes,544.9,Synthetic
9000,2026-01-19,URAN END,Heera-Uran Complex,75.2,Actual,14.2,Yes,512.6,Synthetic
9012,2026-01-20,URAN END,Heera-Uran Complex,74.4,Actual,14.2,Yes,542.7,Synthetic
9024,2026-01-21,URAN END,Heera-Uran Complex,72.9,Actual,13.5,Yes,546.0,Synthetic
9036,2026-01-22,URAN END,Heera-Uran Complex,74.4,Actual,15.7,Yes,513.9,Synthetic
9048,2026-01-23,URAN END,Heera-Uran Complex,74.0,Actual,14.1,Yes,519.8,Synthetic
9060,2026-01-24,URAN END,Heera-Uran Complex,75.1,Actual,14.4,Yes,537.1,Synthetic
9072,2026-01-25,URAN END,Heera-Uran Complex,74.2,Actual,13.9,Yes,526.3,Synthetic
9084,2026-01-26,URAN END,Heera-Uran Complex,74.7,Actual,14.6,Yes,552.0,Synthetic
9096,2026-01-27,URAN END,Heera-Uran Complex,75.2,Actual,14.6,Yes,531.7,Synthetic
9108,2026-01-28,URAN END,Heera-Uran Complex,75.5,Actual,14.4,Yes,514.1,Synthetic
9120,2026-01-29,URAN END,Heera-Uran Complex,74.4,Actual,14.7,Yes,526.3,Synthetic
9132,2026-01-30,URAN END,Heera-Uran Complex,75.0,Actual,14.0,Yes,523.9,Synthetic
9144,2026-01-31,URAN END,Heera-Uran Complex,75.0,Actual,13.7,Yes,510.8,Synthetic
9156,2026-02-01,URAN END,Heera-Uran Complex,75.0,Actual,13.7,Yes,507.3,Synthetic
9168,2026-02-02,URAN END,Heera-Uran Complex,76.5,Actual,15.1,Yes,524.4,Synthetic
9180,2026-02-03,URAN END,Heera-Uran Complex,75.8,Actual,15.1,Yes,529.5,Synthetic
9192,2026-02-04,URAN END,Heera-Uran Complex,74.9,Actual,14.9,Yes,529.6,Synthetic
9204,2026-02-05,URAN END,Heera-Uran Complex,76.3,Actual,13.9,Yes,536.0,Synthetic
9216,2026-02-06,URAN END,Heera-Uran Complex,77.1,Actual,12.7,Yes,499.9,Synthetic
9228,2026-02-07,URAN END,Heera-Uran Complex,76.5,Actual,15.1,Yes,536.1,Synthetic
9240,2026-02-08,URAN END,Heera-Uran Complex,75.1,Actual,14.1,Yes,502.7,Synthetic
9252,2026-02-09,URAN END,Heera-Uran Complex,75.8,Actual,14.1,Yes,497.0,Synthetic
9264,2026-02-10,URAN END,Heera-Uran Complex,76.9,Actual,13.1,Yes,479.9,Synthetic
9276,2026-02-11,URAN END,Heera-Uran Complex,75.8,Actual,13.1,Yes,504.5,Synthetic
9288,2026-02-12,URAN END,Heera-Uran Complex,76.5,Actual,13.5,Yes,499.7,Synthetic
9300,2026-02-13,URAN END,Heera-Uran Complex,76.8,Actual,13.5,Yes,513.3,Synthetic
9312,2026-02-14,URAN END,Heera-Uran Complex,75.8,Actual,13.8,Yes,513.2,Synthetic
9324,2026-02-15,URAN END,Heera-Uran Complex,76.4,Actual,16.4,Yes,487.9,Synthetic
9336,2026-02-16,URAN END,Heera-Uran Complex,74.5,Actual,14.8,Yes,508.4,Synthetic
9348,2026-02-17,URAN END,Heera-Uran Complex,75.9,Actual,13.9,Yes,501.5,Synthetic
9360,2026-02-18,URAN END,Heera-Uran Complex,76.4,Actual,15.5,Yes,477.3,Synthetic
9372,2026-02-19,URAN END,Heera-Uran Complex,75.9,Actual,13.9,Yes,491.0,Synthetic
9384,2026-02-20,URAN END,Heera-Uran Complex,77.7,Actual,15.5,Yes,485.2,Synthetic
9396,2026-02-21,URAN END,Heera-Uran Complex,75.9,Actual,14.1,Yes,526.4,Synthetic
9408,2026-02-22,URAN END,Heera-Uran Complex,76.5,Actual,13.2,Yes,504.1,Synthetic
9420,2026-02-23,URAN END,Heera-Uran Complex,76.9,Actual,14.2,Yes,508.6,Synthetic
9432,2026-02-24,URAN END,Heera-Uran Complex,77.7,Actual,13.2,Yes,472.0,Synthetic
